total_cost,cost_per_1000,pass_share,review_share,action_share,n_review,tp,fp,fn,tn,caught_in_review,lo,hi
543182.476208,20604.75215112662,0.8011531750246567,0.16227903800925575,0.03656778696608755,4278,839,125,21,21099,71,0.004,0.3
542897.095504,20593.926693877547,0.8011531750246567,0.16277217206585237,0.03607465290949093,4291,835,116,21,21099,75,0.004,0.31101694915254235
542897.095504,20593.926693877547,0.8011531750246567,0.16277217206585237,0.03607465290949093,4291,835,116,21,21099,75,0.004,0.3220338983050847
542897.095504,20593.926693877547,0.8011531750246567,0.16277217206585237,0.03607465290949093,4291,835,116,21,21099,75,0.004,0.3330508474576271
542338.9242400001,20572.75336620894,0.8011531750246567,0.16345497306729384,0.035391851908049464,4309,829,104,21,21099,81,0.004,0.34406779661016945
542338.9242400001,20572.75336620894,0.8011531750246567,0.16345497306729384,0.035391851908049464,4309,829,104,21,21099,81,0.004,0.3550847457627119
527631.1030560001,20014.835864350203,0.8011531750246567,0.16576890979440104,0.03307791518094227,4370,807,65,21,21099,103,0.004,0.36610169491525424
527631.1030560001,20014.835864350203,0.8011531750246567,0.16576890979440104,0.03307791518094227,4370,807,65,21,21099,103,0.004,0.3771186440677966
527631.1030560001,20014.835864350203,0.8011531750246567,0.16576890979440104,0.03307791518094227,4370,807,65,21,21099,103,0.004,0.38813559322033897
527631.1030560001,20014.835864350203,0.8011531750246567,0.16576890979440104,0.03307791518094227,4370,807,65,21,21099,103,0.004,0.39915254237288134
527631.1030560001,20014.835864350203,0.8011531750246567,0.16576890979440104,0.03307791518094227,4370,807,65,21,21099,103,0.004,0.4101694915254237
527631.1030560001,20014.835864350203,0.8011531750246567,0.16576890979440104,0.03307791518094227,4370,807,65,21,21099,103,0.004,0.42118644067796607
527631.1030560001,20014.835864350203,0.8011531750246567,0.16576890979440104,0.03307791518094227,4370,807,65,21,21099,103,0.004,0.43220338983050843
527631.1030560001,20014.835864350203,0.8011531750246567,0.16576890979440104,0.03307791518094227,4370,807,65,21,21099,103,0.004,0.4432203389830508
527631.1030560001,20014.835864350203,0.8011531750246567,0.16576890979440104,0.03307791518094227,4370,807,65,21,21099,103,0.004,0.45423728813559316
527631.1030560001,20014.835864350203,0.8011531750246567,0.16576890979440104,0.03307791518094227,4370,807,65,21,21099,103,0.004,0.46525423728813553
527631.1030560001,20014.835864350203,0.8011531750246567,0.16576890979440104,0.03307791518094227,4370,807,65,21,21099,103,0.004,0.4762711864406779
527631.1030560001,20014.835864350203,0.8011531750246567,0.16576890979440104,0.03307791518094227,4370,807,65,21,21099,103,0.004,0.48728813559322026
527631.1030560001,20014.835864350203,0.8011531750246567,0.16576890979440104,0.03307791518094227,4370,807,65,21,21099,103,0.004,0.4983050847457626
526848.44856,19985.14712692512,0.8011531750246567,0.16592064335027693,0.032926181625066386,4374,805,63,21,21099,105,0.004,0.5093220338983051
526848.44856,19985.14712692512,0.8011531750246567,0.16592064335027693,0.032926181625066386,4374,805,63,21,21099,105,0.004,0.5203389830508474
526848.44856,19985.14712692512,0.8011531750246567,0.16592064335027693,0.032926181625066386,4374,805,63,21,21099,105,0.004,0.5313559322033898
526848.44856,19985.14712692512,0.8011531750246567,0.16592064335027693,0.032926181625066386,4374,805,63,21,21099,105,0.004,0.5423728813559321
526848.44856,19985.14712692512,0.8011531750246567,0.16592064335027693,0.032926181625066386,4374,805,63,21,21099,105,0.004,0.5533898305084746
526848.44856,19985.14712692512,0.8011531750246567,0.16592064335027693,0.032926181625066386,4374,805,63,21,21099,105,0.004,0.5644067796610168
526848.44856,19985.14712692512,0.8011531750246567,0.16592064335027693,0.032926181625066386,4374,805,63,21,21099,105,0.004,0.5754237288135593
526848.44856,19985.14712692512,0.8011531750246567,0.16592064335027693,0.032926181625066386,4374,805,63,21,21099,105,0.004,0.5864406779661016
526848.44856,19985.14712692512,0.8011531750246567,0.16592064335027693,0.032926181625066386,4374,805,63,21,21099,105,0.004,0.597457627118644
526848.44856,19985.14712692512,0.8011531750246567,0.16592064335027693,0.032926181625066386,4374,805,63,21,21099,105,0.004,0.6084745762711864
526848.44856,19985.14712692512,0.8011531750246567,0.16592064335027693,0.032926181625066386,4374,805,63,21,21099,105,0.004,0.6194915254237288
526848.44856,19985.14712692512,0.8011531750246567,0.16592064335027693,0.032926181625066386,4374,805,63,21,21099,105,0.004,0.6305084745762711
526848.44856,19985.14712692512,0.8011531750246567,0.16592064335027693,0.032926181625066386,4374,805,63,21,21099,105,0.004,0.6415254237288135
531012.35032,20143.09803201578,0.8011531750246567,0.1665655109627494,0.03228131401259388,4391,794,57,21,21099,116,0.004,0.6525423728813559
531012.35032,20143.09803201578,0.8011531750246567,0.1665655109627494,0.03228131401259388,4391,794,57,21,21099,116,0.004,0.6635593220338982
535549.8095839999,20315.21923920795,0.8011531750246567,0.16713451179728397,0.03171231317805933,4406,784,52,21,21099,126,0.004,0.6745762711864406
535549.8095839999,20315.21923920795,0.8011531750246567,0.16713451179728397,0.03171231317805933,4406,784,52,21,21099,126,0.004,0.685593220338983
536493.875696,20351.03086624687,0.8011531750246567,0.1677414460207875,0.0311053789545558,4422,773,47,21,21099,137,0.004,0.6966101694915253
536493.875696,20351.03086624687,0.8011531750246567,0.1677414460207875,0.0311053789545558,4422,773,47,21,21099,137,0.004,0.7076271186440677
536493.875696,20351.03086624687,0.8011531750246567,0.1677414460207875,0.0311053789545558,4422,773,47,21,21099,137,0.004,0.7186440677966102
536493.875696,20351.03086624687,0.8011531750246567,0.1677414460207875,0.0311053789545558,4422,773,47,21,21099,137,0.004,0.7296610169491524
536493.875696,20351.03086624687,0.8011531750246567,0.1677414460207875,0.0311053789545558,4422,773,47,21,21099,137,0.004,0.7406779661016949
536908.1188320001,20366.744512252488,0.8011531750246567,0.1678931795766634,0.030953645398679917,4426,770,46,21,21099,140,0.004,0.7516949152542372
548744.6787040001,20815.74534193157,0.8011531750246567,0.1691449814126394,0.029701843562703893,4459,745,38,21,21099,165,0.004,0.7627118644067796
548744.6787040001,20815.74534193157,0.8011531750246567,0.1691449814126394,0.029701843562703893,4459,745,38,21,21099,165,0.004,0.7737288135593219
548744.6787040001,20815.74534193157,0.8011531750246567,0.1691449814126394,0.029701843562703893,4459,745,38,21,21099,165,0.004,0.7847457627118644
558453.434192,21184.031340262496,0.8011531750246567,0.169676048858205,0.029170776117138305,4473,734,35,21,21099,176,0.004,0.7957627118644066
562671.093008,21344.021432668236,0.8011531750246567,0.1704347166375844,0.028412108337758896,4493,718,31,21,21099,192,0.004,0.8067796610169491
562671.093008,21344.021432668236,0.8011531750246567,0.1704347166375844,0.028412108337758896,4493,718,31,21,21099,192,0.004,0.8177966101694913
562671.093008,21344.021432668236,0.8011531750246567,0.1704347166375844,0.028412108337758896,4493,718,31,21,21099,192,0.004,0.8288135593220338
564792.811792,21424.505416584478,0.8011531750246567,0.17066231697139822,0.028184508003945074,4499,713,30,21,21099,197,0.004,0.8398305084745761
567902.6812,21542.473302480845,0.8011531750246567,0.17115545102799484,0.027691373947348455,4512,702,28,21,21099,208,0.004,0.8508474576271186
567902.6812,21542.473302480845,0.8011531750246567,0.17115545102799484,0.027691373947348455,4512,702,28,21,21099,208,0.004,0.8618644067796608
567902.6812,21542.473302480845,0.8011531750246567,0.17115545102799484,0.027691373947348455,4512,702,28,21,21099,208,0.004,0.8728813559322033
627527.603952,23804.24868947728,0.8011531750246567,0.17494878992489188,0.02389803505045141,4612,614,16,21,21099,296,0.004,0.8838983050847455
627527.603952,23804.24868947728,0.8011531750246567,0.17494878992489188,0.02389803505045141,4612,614,16,21,21099,296,0.004,0.894915254237288
627527.603952,23804.24868947728,0.8011531750246567,0.17494878992489188,0.02389803505045141,4612,614,16,21,21099,296,0.004,0.9059322033898305
627527.603952,23804.24868947728,0.8011531750246567,0.17494878992489188,0.02389803505045141,4612,614,16,21,21099,296,0.004,0.9169491525423727
627527.603952,23804.24868947728,0.8011531750246567,0.17494878992489188,0.02389803505045141,4612,614,16,21,21099,296,0.004,0.9279661016949152
627527.603952,23804.24868947728,0.8011531750246567,0.17494878992489188,0.02389803505045141,4612,614,16,21,21099,296,0.004,0.9389830508474575
627527.603952,23804.24868947728,0.8011531750246567,0.17494878992489188,0.02389803505045141,4612,614,16,21,21099,296,0.004,0.95
346960.894432,13161.402565510964,0.8892724375995752,0.0741597754343373,0.03656778696608755,1955,839,125,32,23411,60,0.014101694915254237,0.3
346675.513728,13150.577108261892,0.8892724375995752,0.07465290949093392,0.03607465290949093,1968,835,116,32,23411,64,0.014101694915254237,0.31101694915254235
346675.513728,13150.577108261892,0.8892724375995752,0.07465290949093392,0.03607465290949093,1968,835,116,32,23411,64,0.014101694915254237,0.3220338983050847
346675.513728,13150.577108261892,0.8892724375995752,0.07465290949093392,0.03607465290949093,1968,835,116,32,23411,64,0.014101694915254237,0.3330508474576271
346117.342464,13129.403780593277,0.8892724375995752,0.07533571049237539,0.035391851908049464,1986,829,104,32,23411,70,0.014101694915254237,0.34406779661016945
346117.342464,13129.403780593277,0.8892724375995752,0.07533571049237539,0.035391851908049464,1986,829,104,32,23411,70,0.014101694915254237,0.3550847457627119
331409.52128,12571.486278734541,0.8892724375995752,0.07764964721948259,0.03307791518094227,2047,807,65,32,23411,92,0.014101694915254237,0.36610169491525424
331409.52128,12571.486278734541,0.8892724375995752,0.07764964721948259,0.03307791518094227,2047,807,65,32,23411,92,0.014101694915254237,0.3771186440677966
331409.52128,12571.486278734541,0.8892724375995752,0.07764964721948259,0.03307791518094227,2047,807,65,32,23411,92,0.014101694915254237,0.38813559322033897
331409.52128,12571.486278734541,0.8892724375995752,0.07764964721948259,0.03307791518094227,2047,807,65,32,23411,92,0.014101694915254237,0.39915254237288134
331409.52128,12571.486278734541,0.8892724375995752,0.07764964721948259,0.03307791518094227,2047,807,65,32,23411,92,0.014101694915254237,0.4101694915254237
331409.52128,12571.486278734541,0.8892724375995752,0.07764964721948259,0.03307791518094227,2047,807,65,32,23411,92,0.014101694915254237,0.42118644067796607
331409.52128,12571.486278734541,0.8892724375995752,0.07764964721948259,0.03307791518094227,2047,807,65,32,23411,92,0.014101694915254237,0.43220338983050843
331409.52128,12571.486278734541,0.8892724375995752,0.07764964721948259,0.03307791518094227,2047,807,65,32,23411,92,0.014101694915254237,0.4432203389830508
331409.52128,12571.486278734541,0.8892724375995752,0.07764964721948259,0.03307791518094227,2047,807,65,32,23411,92,0.014101694915254237,0.45423728813559316
331409.52128,12571.486278734541,0.8892724375995752,0.07764964721948259,0.03307791518094227,2047,807,65,32,23411,92,0.014101694915254237,0.46525423728813553
331409.52128,12571.486278734541,0.8892724375995752,0.07764964721948259,0.03307791518094227,2047,807,65,32,23411,92,0.014101694915254237,0.4762711864406779
331409.52128,12571.486278734541,0.8892724375995752,0.07764964721948259,0.03307791518094227,2047,807,65,32,23411,92,0.014101694915254237,0.48728813559322026
331409.52128,12571.486278734541,0.8892724375995752,0.07764964721948259,0.03307791518094227,2047,807,65,32,23411,92,0.014101694915254237,0.4983050847457626
330626.86678399995,12541.79754130946,0.8892724375995752,0.07780138077535848,0.032926181625066386,2051,805,63,32,23411,94,0.014101694915254237,0.5093220338983051
330626.86678399995,12541.79754130946,0.8892724375995752,0.07780138077535848,0.032926181625066386,2051,805,63,32,23411,94,0.014101694915254237,0.5203389830508474
330626.86678399995,12541.79754130946,0.8892724375995752,0.07780138077535848,0.032926181625066386,2051,805,63,32,23411,94,0.014101694915254237,0.5313559322033898
330626.86678399995,12541.79754130946,0.8892724375995752,0.07780138077535848,0.032926181625066386,2051,805,63,32,23411,94,0.014101694915254237,0.5423728813559321
330626.86678399995,12541.79754130946,0.8892724375995752,0.07780138077535848,0.032926181625066386,2051,805,63,32,23411,94,0.014101694915254237,0.5533898305084746
330626.86678399995,12541.79754130946,0.8892724375995752,0.07780138077535848,0.032926181625066386,2051,805,63,32,23411,94,0.014101694915254237,0.5644067796610168
330626.86678399995,12541.79754130946,0.8892724375995752,0.07780138077535848,0.032926181625066386,2051,805,63,32,23411,94,0.014101694915254237,0.5754237288135593
330626.86678399995,12541.79754130946,0.8892724375995752,0.07780138077535848,0.032926181625066386,2051,805,63,32,23411,94,0.014101694915254237,0.5864406779661016
330626.86678399995,12541.79754130946,0.8892724375995752,0.07780138077535848,0.032926181625066386,2051,805,63,32,23411,94,0.014101694915254237,0.597457627118644
330626.86678399995,12541.79754130946,0.8892724375995752,0.07780138077535848,0.032926181625066386,2051,805,63,32,23411,94,0.014101694915254237,0.6084745762711864
330626.86678399995,12541.79754130946,0.8892724375995752,0.07780138077535848,0.032926181625066386,2051,805,63,32,23411,94,0.014101694915254237,0.6194915254237288
330626.86678399995,12541.79754130946,0.8892724375995752,0.07780138077535848,0.032926181625066386,2051,805,63,32,23411,94,0.014101694915254237,0.6305084745762711
330626.86678399995,12541.79754130946,0.8892724375995752,0.07780138077535848,0.032926181625066386,2051,805,63,32,23411,94,0.014101694915254237,0.6415254237288135
334790.768544,12699.74844640012,0.8892724375995752,0.07844624838783097,0.03228131401259388,2068,794,57,32,23411,105,0.014101694915254237,0.6525423728813559
334790.768544,12699.74844640012,0.8892724375995752,0.07844624838783097,0.03228131401259388,2068,794,57,32,23411,105,0.014101694915254237,0.6635593220338982
339328.22780800005,12871.869653592294,0.8892724375995752,0.07901524922236552,0.03171231317805933,2083,784,52,32,23411,115,0.014101694915254237,0.6745762711864406
339328.22780800005,12871.869653592294,0.8892724375995752,0.07901524922236552,0.03171231317805933,2083,784,52,32,23411,115,0.014101694915254237,0.685593220338983
340272.29391999997,12907.68128063121,0.8892724375995752,0.07962218344586905,0.0311053789545558,2099,773,47,32,23411,126,0.014101694915254237,0.6966101694915253
340272.29391999997,12907.68128063121,0.8892724375995752,0.07962218344586905,0.0311053789545558,2099,773,47,32,23411,126,0.014101694915254237,0.7076271186440677
340272.29391999997,12907.68128063121,0.8892724375995752,0.07962218344586905,0.0311053789545558,2099,773,47,32,23411,126,0.014101694915254237,0.7186440677966102
340272.29391999997,12907.68128063121,0.8892724375995752,0.07962218344586905,0.0311053789545558,2099,773,47,32,23411,126,0.014101694915254237,0.7296610169491524
340272.29391999997,12907.68128063121,0.8892724375995752,0.07962218344586905,0.0311053789545558,2099,773,47,32,23411,126,0.014101694915254237,0.7406779661016949
340686.537056,12923.394926636824,0.8892724375995752,0.07977391700174494,0.030953645398679917,2103,770,46,32,23411,129,0.014101694915254237,0.7516949152542372
352523.096928,13372.39575631591,0.8892724375995752,0.08102571883772096,0.029701843562703893,2136,745,38,32,23411,154,0.014101694915254237,0.7627118644067796
352523.096928,13372.39575631591,0.8892724375995752,0.08102571883772096,0.029701843562703893,2136,745,38,32,23411,154,0.014101694915254237,0.7737288135593219
352523.096928,13372.39575631591,0.8892724375995752,0.08102571883772096,0.029701843562703893,2136,745,38,32,23411,154,0.014101694915254237,0.7847457627118644
362231.852416,13740.68175464684,0.8892724375995752,0.08155678628328655,0.029170776117138305,2150,734,35,32,23411,165,0.014101694915254237,0.7957627118644066
366449.51123199996,13900.671847052574,0.8892724375995752,0.08231545406266595,0.028412108337758896,2170,718,31,32,23411,181,0.014101694915254237,0.8067796610169491
366449.51123199996,13900.671847052574,0.8892724375995752,0.08231545406266595,0.028412108337758896,2170,718,31,32,23411,181,0.014101694915254237,0.8177966101694913
366449.51123199996,13900.671847052574,0.8892724375995752,0.08231545406266595,0.028412108337758896,2170,718,31,32,23411,181,0.014101694915254237,0.8288135593220338
368571.230016,13981.155830968819,0.8892724375995752,0.08254305439647978,0.028184508003945074,2176,713,30,32,23411,186,0.014101694915254237,0.8398305084745761
371681.099424,14099.123716865184,0.8892724375995752,0.08303618845307639,0.027691373947348455,2189,702,28,32,23411,197,0.014101694915254237,0.8508474576271186
371681.099424,14099.123716865184,0.8892724375995752,0.08303618845307639,0.027691373947348455,2189,702,28,32,23411,197,0.014101694915254237,0.8618644067796608
371681.099424,14099.123716865184,0.8892724375995752,0.08303618845307639,0.027691373947348455,2189,702,28,32,23411,197,0.014101694915254237,0.8728813559322033
431306.022176,16360.89910386162,0.8892724375995752,0.08682952734997344,0.02389803505045141,2289,614,16,32,23411,285,0.014101694915254237,0.8838983050847455
431306.022176,16360.89910386162,0.8892724375995752,0.08682952734997344,0.02389803505045141,2289,614,16,32,23411,285,0.014101694915254237,0.894915254237288
431306.022176,16360.89910386162,0.8892724375995752,0.08682952734997344,0.02389803505045141,2289,614,16,32,23411,285,0.014101694915254237,0.9059322033898305
431306.022176,16360.89910386162,0.8892724375995752,0.08682952734997344,0.02389803505045141,2289,614,16,32,23411,285,0.014101694915254237,0.9169491525423727
431306.022176,16360.89910386162,0.8892724375995752,0.08682952734997344,0.02389803505045141,2289,614,16,32,23411,285,0.014101694915254237,0.9279661016949152
431306.022176,16360.89910386162,0.8892724375995752,0.08682952734997344,0.02389803505045141,2289,614,16,32,23411,285,0.014101694915254237,0.9389830508474575
431306.022176,16360.89910386162,0.8892724375995752,0.08682952734997344,0.02389803505045141,2289,614,16,32,23411,285,0.014101694915254237,0.95
278821.406048,10576.640848494044,0.9288748956831804,0.034557317350732114,0.03656778696608755,911,839,125,49,24438,43,0.024203389830508473,0.3
278536.025344,10565.815391244974,0.9288748956831804,0.03505045140732873,0.03607465290949093,924,835,116,49,24438,47,0.024203389830508473,0.31101694915254235
278536.025344,10565.815391244974,0.9288748956831804,0.03505045140732873,0.03607465290949093,924,835,116,49,24438,47,0.024203389830508473,0.3220338983050847
278536.025344,10565.815391244974,0.9288748956831804,0.03505045140732873,0.03607465290949093,924,835,116,49,24438,47,0.024203389830508473,0.3330508474576271
277977.85407999996,10544.642063576359,0.9288748956831804,0.0357332524087702,0.035391851908049464,942,829,104,49,24438,53,0.024203389830508473,0.34406779661016945
277977.85407999996,10544.642063576359,0.9288748956831804,0.0357332524087702,0.035391851908049464,942,829,104,49,24438,53,0.024203389830508473,0.3550847457627119
263270.03289599996,9986.724561717623,0.9288748956831804,0.0380471891358774,0.03307791518094227,1003,807,65,49,24438,75,0.024203389830508473,0.36610169491525424
263270.03289599996,9986.724561717623,0.9288748956831804,0.0380471891358774,0.03307791518094227,1003,807,65,49,24438,75,0.024203389830508473,0.3771186440677966
263270.03289599996,9986.724561717623,0.9288748956831804,0.0380471891358774,0.03307791518094227,1003,807,65,49,24438,75,0.024203389830508473,0.38813559322033897
263270.03289599996,9986.724561717623,0.9288748956831804,0.0380471891358774,0.03307791518094227,1003,807,65,49,24438,75,0.024203389830508473,0.39915254237288134
263270.03289599996,9986.724561717623,0.9288748956831804,0.0380471891358774,0.03307791518094227,1003,807,65,49,24438,75,0.024203389830508473,0.4101694915254237
263270.03289599996,9986.724561717623,0.9288748956831804,0.0380471891358774,0.03307791518094227,1003,807,65,49,24438,75,0.024203389830508473,0.42118644067796607
263270.03289599996,9986.724561717623,0.9288748956831804,0.0380471891358774,0.03307791518094227,1003,807,65,49,24438,75,0.024203389830508473,0.43220338983050843
263270.03289599996,9986.724561717623,0.9288748956831804,0.0380471891358774,0.03307791518094227,1003,807,65,49,24438,75,0.024203389830508473,0.4432203389830508
263270.03289599996,9986.724561717623,0.9288748956831804,0.0380471891358774,0.03307791518094227,1003,807,65,49,24438,75,0.024203389830508473,0.45423728813559316
263270.03289599996,9986.724561717623,0.9288748956831804,0.0380471891358774,0.03307791518094227,1003,807,65,49,24438,75,0.024203389830508473,0.46525423728813553
263270.03289599996,9986.724561717623,0.9288748956831804,0.0380471891358774,0.03307791518094227,1003,807,65,49,24438,75,0.024203389830508473,0.4762711864406779
263270.03289599996,9986.724561717623,0.9288748956831804,0.0380471891358774,0.03307791518094227,1003,807,65,49,24438,75,0.024203389830508473,0.48728813559322026
263270.03289599996,9986.724561717623,0.9288748956831804,0.0380471891358774,0.03307791518094227,1003,807,65,49,24438,75,0.024203389830508473,0.4983050847457626
262487.3784,9957.035824292541,0.9288748956831804,0.03819892269175328,0.032926181625066386,1007,805,63,49,24438,77,0.024203389830508473,0.5093220338983051
262487.3784,9957.035824292541,0.9288748956831804,0.03819892269175328,0.032926181625066386,1007,805,63,49,24438,77,0.024203389830508473,0.5203389830508474
262487.3784,9957.035824292541,0.9288748956831804,0.03819892269175328,0.032926181625066386,1007,805,63,49,24438,77,0.024203389830508473,0.5313559322033898
262487.3784,9957.035824292541,0.9288748956831804,0.03819892269175328,0.032926181625066386,1007,805,63,49,24438,77,0.024203389830508473,0.5423728813559321
262487.3784,9957.035824292541,0.9288748956831804,0.03819892269175328,0.032926181625066386,1007,805,63,49,24438,77,0.024203389830508473,0.5533898305084746
262487.3784,9957.035824292541,0.9288748956831804,0.03819892269175328,0.032926181625066386,1007,805,63,49,24438,77,0.024203389830508473,0.5644067796610168
262487.3784,9957.035824292541,0.9288748956831804,0.03819892269175328,0.032926181625066386,1007,805,63,49,24438,77,0.024203389830508473,0.5754237288135593
262487.3784,9957.035824292541,0.9288748956831804,0.03819892269175328,0.032926181625066386,1007,805,63,49,24438,77,0.024203389830508473,0.5864406779661016
262487.3784,9957.035824292541,0.9288748956831804,0.03819892269175328,0.032926181625066386,1007,805,63,49,24438,77,0.024203389830508473,0.597457627118644
262487.3784,9957.035824292541,0.9288748956831804,0.03819892269175328,0.032926181625066386,1007,805,63,49,24438,77,0.024203389830508473,0.6084745762711864
262487.3784,9957.035824292541,0.9288748956831804,0.03819892269175328,0.032926181625066386,1007,805,63,49,24438,77,0.024203389830508473,0.6194915254237288
262487.3784,9957.035824292541,0.9288748956831804,0.03819892269175328,0.032926181625066386,1007,805,63,49,24438,77,0.024203389830508473,0.6305084745762711
262487.3784,9957.035824292541,0.9288748956831804,0.03819892269175328,0.032926181625066386,1007,805,63,49,24438,77,0.024203389830508473,0.6415254237288135
266651.28015999997,10114.986729383201,0.9288748956831804,0.03884379030422578,0.03228131401259388,1024,794,57,49,24438,88,0.024203389830508473,0.6525423728813559
266651.28015999997,10114.986729383201,0.9288748956831804,0.03884379030422578,0.03228131401259388,1024,794,57,49,24438,88,0.024203389830508473,0.6635593220338982
271188.739424,10287.107936575374,0.9288748956831804,0.03941279113876034,0.03171231317805933,1039,784,52,49,24438,98,0.024203389830508473,0.6745762711864406
271188.739424,10287.107936575374,0.9288748956831804,0.03941279113876034,0.03171231317805933,1039,784,52,49,24438,98,0.024203389830508473,0.685593220338983
272132.805536,10322.919563614294,0.9288748956831804,0.040019725362263864,0.0311053789545558,1055,773,47,49,24438,109,0.024203389830508473,0.6966101694915253
272132.805536,10322.919563614294,0.9288748956831804,0.040019725362263864,0.0311053789545558,1055,773,47,49,24438,109,0.024203389830508473,0.7076271186440677
272132.805536,10322.919563614294,0.9288748956831804,0.040019725362263864,0.0311053789545558,1055,773,47,49,24438,109,0.024203389830508473,0.7186440677966102
272132.805536,10322.919563614294,0.9288748956831804,0.040019725362263864,0.0311053789545558,1055,773,47,49,24438,109,0.024203389830508473,0.7296610169491524
272132.805536,10322.919563614294,0.9288748956831804,0.040019725362263864,0.0311053789545558,1055,773,47,49,24438,109,0.024203389830508473,0.7406779661016949
272547.04867199995,10338.633209619906,0.9288748956831804,0.040171458918139745,0.030953645398679917,1059,770,46,49,24438,112,0.024203389830508473,0.7516949152542372
284383.60854399996,10787.63403929899,0.9288748956831804,0.04142326075411577,0.029701843562703893,1092,745,38,49,24438,137,0.024203389830508473,0.7627118644067796
284383.60854399996,10787.63403929899,0.9288748956831804,0.04142326075411577,0.029701843562703893,1092,745,38,49,24438,137,0.024203389830508473,0.7737288135593219
284383.60854399996,10787.63403929899,0.9288748956831804,0.04142326075411577,0.029701843562703893,1092,745,38,49,24438,137,0.024203389830508473,0.7847457627118644
294092.36403199995,11155.920037629921,0.9288748956831804,0.04195432819968136,0.029170776117138305,1106,734,35,49,24438,148,0.024203389830508473,0.7957627118644066
298310.022848,11315.910130035658,0.9288748956831804,0.04271299597906077,0.028412108337758896,1126,718,31,49,24438,164,0.024203389830508473,0.8067796610169491
298310.022848,11315.910130035658,0.9288748956831804,0.04271299597906077,0.028412108337758896,1126,718,31,49,24438,164,0.024203389830508473,0.8177966101694913
298310.022848,11315.910130035658,0.9288748956831804,0.04271299597906077,0.028412108337758896,1126,718,31,49,24438,164,0.024203389830508473,0.8288135593220338
300431.74163199996,11396.3941139519,0.9288748956831804,0.04294059631287459,0.028184508003945074,1132,713,30,49,24438,169,0.024203389830508473,0.8398305084745761
303541.61104,11514.361999848266,0.9288748956831804,0.04343373036947121,0.027691373947348455,1145,702,28,49,24438,180,0.024203389830508473,0.8508474576271186
303541.61104,11514.361999848266,0.9288748956831804,0.04343373036947121,0.027691373947348455,1145,702,28,49,24438,180,0.024203389830508473,0.8618644067796608
303541.61104,11514.361999848266,0.9288748956831804,0.04343373036947121,0.027691373947348455,1145,702,28,49,24438,180,0.024203389830508473,0.8728813559322033
363166.53379200003,13776.137386844703,0.9288748956831804,0.04722706926636826,0.02389803505045141,1245,614,16,49,24438,268,0.024203389830508473,0.8838983050847455
363166.53379200003,13776.137386844703,0.9288748956831804,0.04722706926636826,0.02389803505045141,1245,614,16,49,24438,268,0.024203389830508473,0.894915254237288
363166.53379200003,13776.137386844703,0.9288748956831804,0.04722706926636826,0.02389803505045141,1245,614,16,49,24438,268,0.024203389830508473,0.9059322033898305
363166.53379200003,13776.137386844703,0.9288748956831804,0.04722706926636826,0.02389803505045141,1245,614,16,49,24438,268,0.024203389830508473,0.9169491525423727
363166.53379200003,13776.137386844703,0.9288748956831804,0.04722706926636826,0.02389803505045141,1245,614,16,49,24438,268,0.024203389830508473,0.9279661016949152
363166.53379200003,13776.137386844703,0.9288748956831804,0.04722706926636826,0.02389803505045141,1245,614,16,49,24438,268,0.024203389830508473,0.9389830508474575
363166.53379200003,13776.137386844703,0.9288748956831804,0.04722706926636826,0.02389803505045141,1245,614,16,49,24438,268,0.024203389830508473,0.95
297840.857552,11298.113100371746,0.9419998482664441,0.021432364767468324,0.03656778696608755,565,839,125,59,24774,33,0.034305084745762715,0.3
297555.476848,11287.287643122678,0.9419998482664441,0.021925498824064943,0.03607465290949093,578,835,116,59,24774,37,0.034305084745762715,0.31101694915254235
297555.476848,11287.287643122678,0.9419998482664441,0.021925498824064943,0.03607465290949093,578,835,116,59,24774,37,0.034305084745762715,0.3220338983050847
297555.476848,11287.287643122678,0.9419998482664441,0.021925498824064943,0.03607465290949093,578,835,116,59,24774,37,0.034305084745762715,0.3330508474576271
296997.305584,11266.114315454062,0.9419998482664441,0.02260829982550641,0.035391851908049464,596,829,104,59,24774,43,0.034305084745762715,0.34406779661016945
296997.305584,11266.114315454062,0.9419998482664441,0.02260829982550641,0.035391851908049464,596,829,104,59,24774,43,0.034305084745762715,0.3550847457627119
282289.4844,10708.196813595327,0.9419998482664441,0.02492223655261361,0.03307791518094227,657,807,65,59,24774,65,0.034305084745762715,0.36610169491525424
282289.4844,10708.196813595327,0.9419998482664441,0.02492223655261361,0.03307791518094227,657,807,65,59,24774,65,0.034305084745762715,0.3771186440677966
282289.4844,10708.196813595327,0.9419998482664441,0.02492223655261361,0.03307791518094227,657,807,65,59,24774,65,0.034305084745762715,0.38813559322033897
282289.4844,10708.196813595327,0.9419998482664441,0.02492223655261361,0.03307791518094227,657,807,65,59,24774,65,0.034305084745762715,0.39915254237288134
282289.4844,10708.196813595327,0.9419998482664441,0.02492223655261361,0.03307791518094227,657,807,65,59,24774,65,0.034305084745762715,0.4101694915254237
282289.4844,10708.196813595327,0.9419998482664441,0.02492223655261361,0.03307791518094227,657,807,65,59,24774,65,0.034305084745762715,0.42118644067796607
282289.4844,10708.196813595327,0.9419998482664441,0.02492223655261361,0.03307791518094227,657,807,65,59,24774,65,0.034305084745762715,0.43220338983050843
282289.4844,10708.196813595327,0.9419998482664441,0.02492223655261361,0.03307791518094227,657,807,65,59,24774,65,0.034305084745762715,0.4432203389830508
282289.4844,10708.196813595327,0.9419998482664441,0.02492223655261361,0.03307791518094227,657,807,65,59,24774,65,0.034305084745762715,0.45423728813559316
282289.4844,10708.196813595327,0.9419998482664441,0.02492223655261361,0.03307791518094227,657,807,65,59,24774,65,0.034305084745762715,0.46525423728813553
282289.4844,10708.196813595327,0.9419998482664441,0.02492223655261361,0.03307791518094227,657,807,65,59,24774,65,0.034305084745762715,0.4762711864406779
282289.4844,10708.196813595327,0.9419998482664441,0.02492223655261361,0.03307791518094227,657,807,65,59,24774,65,0.034305084745762715,0.48728813559322026
282289.4844,10708.196813595327,0.9419998482664441,0.02492223655261361,0.03307791518094227,657,807,65,59,24774,65,0.034305084745762715,0.4983050847457626
281506.829904,10678.508076170245,0.9419998482664441,0.025073970108489493,0.032926181625066386,661,805,63,59,24774,67,0.034305084745762715,0.5093220338983051
281506.829904,10678.508076170245,0.9419998482664441,0.025073970108489493,0.032926181625066386,661,805,63,59,24774,67,0.034305084745762715,0.5203389830508474
281506.829904,10678.508076170245,0.9419998482664441,0.025073970108489493,0.032926181625066386,661,805,63,59,24774,67,0.034305084745762715,0.5313559322033898
281506.829904,10678.508076170245,0.9419998482664441,0.025073970108489493,0.032926181625066386,661,805,63,59,24774,67,0.034305084745762715,0.5423728813559321
281506.829904,10678.508076170245,0.9419998482664441,0.025073970108489493,0.032926181625066386,661,805,63,59,24774,67,0.034305084745762715,0.5533898305084746
281506.829904,10678.508076170245,0.9419998482664441,0.025073970108489493,0.032926181625066386,661,805,63,59,24774,67,0.034305084745762715,0.5644067796610168
281506.829904,10678.508076170245,0.9419998482664441,0.025073970108489493,0.032926181625066386,661,805,63,59,24774,67,0.034305084745762715,0.5754237288135593
281506.829904,10678.508076170245,0.9419998482664441,0.025073970108489493,0.032926181625066386,661,805,63,59,24774,67,0.034305084745762715,0.5864406779661016
281506.829904,10678.508076170245,0.9419998482664441,0.025073970108489493,0.032926181625066386,661,805,63,59,24774,67,0.034305084745762715,0.597457627118644
281506.829904,10678.508076170245,0.9419998482664441,0.025073970108489493,0.032926181625066386,661,805,63,59,24774,67,0.034305084745762715,0.6084745762711864
281506.829904,10678.508076170245,0.9419998482664441,0.025073970108489493,0.032926181625066386,661,805,63,59,24774,67,0.034305084745762715,0.6194915254237288
281506.829904,10678.508076170245,0.9419998482664441,0.025073970108489493,0.032926181625066386,661,805,63,59,24774,67,0.034305084745762715,0.6305084745762711
281506.829904,10678.508076170245,0.9419998482664441,0.025073970108489493,0.032926181625066386,661,805,63,59,24774,67,0.034305084745762715,0.6415254237288135
285670.73166399996,10836.458981260905,0.9419998482664441,0.02571883772096199,0.03228131401259388,678,794,57,59,24774,78,0.034305084745762715,0.6525423728813559
285670.73166399996,10836.458981260905,0.9419998482664441,0.02571883772096199,0.03228131401259388,678,794,57,59,24774,78,0.034305084745762715,0.6635593220338982
290208.19092799997,11008.580188453076,0.9419998482664441,0.02628783855549655,0.03171231317805933,693,784,52,59,24774,88,0.034305084745762715,0.6745762711864406
290208.19092799997,11008.580188453076,0.9419998482664441,0.02628783855549655,0.03171231317805933,693,784,52,59,24774,88,0.034305084745762715,0.685593220338983
291152.25704,11044.391815491997,0.9419998482664441,0.026894772779000077,0.0311053789545558,709,773,47,59,24774,99,0.034305084745762715,0.6966101694915253
291152.25704,11044.391815491997,0.9419998482664441,0.026894772779000077,0.0311053789545558,709,773,47,59,24774,99,0.034305084745762715,0.7076271186440677
291152.25704,11044.391815491997,0.9419998482664441,0.026894772779000077,0.0311053789545558,709,773,47,59,24774,99,0.034305084745762715,0.7186440677966102
291152.25704,11044.391815491997,0.9419998482664441,0.026894772779000077,0.0311053789545558,709,773,47,59,24774,99,0.034305084745762715,0.7296610169491524
291152.25704,11044.391815491997,0.9419998482664441,0.026894772779000077,0.0311053789545558,709,773,47,59,24774,99,0.034305084745762715,0.7406779661016949
291566.500176,11060.10546149761,0.9419998482664441,0.027046506334875958,0.030953645398679917,713,770,46,59,24774,102,0.034305084745762715,0.7516949152542372
303403.06004799996,11509.106291176693,0.9419998482664441,0.028298308170851983,0.029701843562703893,746,745,38,59,24774,127,0.034305084745762715,0.7627118644067796
303403.06004799996,11509.106291176693,0.9419998482664441,0.028298308170851983,0.029701843562703893,746,745,38,59,24774,127,0.034305084745762715,0.7737288135593219
303403.06004799996,11509.106291176693,0.9419998482664441,0.028298308170851983,0.029701843562703893,746,745,38,59,24774,127,0.034305084745762715,0.7847457627118644
313111.81553599995,11877.392289507623,0.9419998482664441,0.02882937561641757,0.029170776117138305,760,734,35,59,24774,138,0.034305084745762715,0.7957627118644066
317329.474352,12037.382381913361,0.9419998482664441,0.02958804339579698,0.028412108337758896,780,718,31,59,24774,154,0.034305084745762715,0.8067796610169491
317329.474352,12037.382381913361,0.9419998482664441,0.02958804339579698,0.028412108337758896,780,718,31,59,24774,154,0.034305084745762715,0.8177966101694913
317329.474352,12037.382381913361,0.9419998482664441,0.02958804339579698,0.028412108337758896,780,718,31,59,24774,154,0.034305084745762715,0.8288135593220338
319451.193136,12117.866365829605,0.9419998482664441,0.029815643729610805,0.028184508003945074,786,713,30,59,24774,159,0.034305084745762715,0.8398305084745761
322561.062544,12235.834251725968,0.9419998482664441,0.03030877778620742,0.027691373947348455,799,702,28,59,24774,170,0.034305084745762715,0.8508474576271186
322561.062544,12235.834251725968,0.9419998482664441,0.03030877778620742,0.027691373947348455,799,702,28,59,24774,170,0.034305084745762715,0.8618644067796608
322561.062544,12235.834251725968,0.9419998482664441,0.03030877778620742,0.027691373947348455,799,702,28,59,24774,170,0.034305084745762715,0.8728813559322033
382185.98529599997,14497.609638722402,0.9419998482664441,0.03410211668310447,0.02389803505045141,899,614,16,59,24774,258,0.034305084745762715,0.8838983050847455
382185.98529599997,14497.609638722402,0.9419998482664441,0.03410211668310447,0.02389803505045141,899,614,16,59,24774,258,0.034305084745762715,0.894915254237288
382185.98529599997,14497.609638722402,0.9419998482664441,0.03410211668310447,0.02389803505045141,899,614,16,59,24774,258,0.034305084745762715,0.9059322033898305
382185.98529599997,14497.609638722402,0.9419998482664441,0.03410211668310447,0.02389803505045141,899,614,16,59,24774,258,0.034305084745762715,0.9169491525423727
382185.98529599997,14497.609638722402,0.9419998482664441,0.03410211668310447,0.02389803505045141,899,614,16,59,24774,258,0.034305084745762715,0.9279661016949152
382185.98529599997,14497.609638722402,0.9419998482664441,0.03410211668310447,0.02389803505045141,899,614,16,59,24774,258,0.034305084745762715,0.9389830508474575
382185.98529599997,14497.609638722402,0.9419998482664441,0.03410211668310447,0.02389803505045141,899,614,16,59,24774,258,0.034305084745762715,0.95
298959.89968,11340.562160685835,0.9441999848266445,0.019232228207268037,0.03656778696608755,507,839,125,61,24830,31,0.04440677966101694,0.3
298674.518976,11329.736703436765,0.9441999848266445,0.019725362263864652,0.03607465290949093,520,835,116,61,24830,35,0.04440677966101694,0.31101694915254235
298674.518976,11329.736703436765,0.9441999848266445,0.019725362263864652,0.03607465290949093,520,835,116,61,24830,35,0.04440677966101694,0.3220338983050847
298674.518976,11329.736703436765,0.9441999848266445,0.019725362263864652,0.03607465290949093,520,835,116,61,24830,35,0.04440677966101694,0.3330508474576271
298116.347712,11308.563375768152,0.9441999848266445,0.02040816326530612,0.035391851908049464,538,829,104,61,24830,41,0.04440677966101694,0.34406779661016945
298116.347712,11308.563375768152,0.9441999848266445,0.02040816326530612,0.035391851908049464,538,829,104,61,24830,41,0.04440677966101694,0.3550847457627119
283408.526528,10750.645873909416,0.9441999848266445,0.02272209999241332,0.03307791518094227,599,807,65,61,24830,63,0.04440677966101694,0.36610169491525424
283408.526528,10750.645873909416,0.9441999848266445,0.02272209999241332,0.03307791518094227,599,807,65,61,24830,63,0.04440677966101694,0.3771186440677966
283408.526528,10750.645873909416,0.9441999848266445,0.02272209999241332,0.03307791518094227,599,807,65,61,24830,63,0.04440677966101694,0.38813559322033897
283408.526528,10750.645873909416,0.9441999848266445,0.02272209999241332,0.03307791518094227,599,807,65,61,24830,63,0.04440677966101694,0.39915254237288134
283408.526528,10750.645873909416,0.9441999848266445,0.02272209999241332,0.03307791518094227,599,807,65,61,24830,63,0.04440677966101694,0.4101694915254237
283408.526528,10750.645873909416,0.9441999848266445,0.02272209999241332,0.03307791518094227,599,807,65,61,24830,63,0.04440677966101694,0.42118644067796607
283408.526528,10750.645873909416,0.9441999848266445,0.02272209999241332,0.03307791518094227,599,807,65,61,24830,63,0.04440677966101694,0.43220338983050843
283408.526528,10750.645873909416,0.9441999848266445,0.02272209999241332,0.03307791518094227,599,807,65,61,24830,63,0.04440677966101694,0.4432203389830508
283408.526528,10750.645873909416,0.9441999848266445,0.02272209999241332,0.03307791518094227,599,807,65,61,24830,63,0.04440677966101694,0.45423728813559316
283408.526528,10750.645873909416,0.9441999848266445,0.02272209999241332,0.03307791518094227,599,807,65,61,24830,63,0.04440677966101694,0.46525423728813553
283408.526528,10750.645873909416,0.9441999848266445,0.02272209999241332,0.03307791518094227,599,807,65,61,24830,63,0.04440677966101694,0.4762711864406779
283408.526528,10750.645873909416,0.9441999848266445,0.02272209999241332,0.03307791518094227,599,807,65,61,24830,63,0.04440677966101694,0.48728813559322026
283408.526528,10750.645873909416,0.9441999848266445,0.02272209999241332,0.03307791518094227,599,807,65,61,24830,63,0.04440677966101694,0.4983050847457626
282625.872032,10720.957136484334,0.9441999848266445,0.022873833548289205,0.032926181625066386,603,805,63,61,24830,65,0.04440677966101694,0.5093220338983051
282625.872032,10720.957136484334,0.9441999848266445,0.022873833548289205,0.032926181625066386,603,805,63,61,24830,65,0.04440677966101694,0.5203389830508474
282625.872032,10720.957136484334,0.9441999848266445,0.022873833548289205,0.032926181625066386,603,805,63,61,24830,65,0.04440677966101694,0.5313559322033898
282625.872032,10720.957136484334,0.9441999848266445,0.022873833548289205,0.032926181625066386,603,805,63,61,24830,65,0.04440677966101694,0.5423728813559321
282625.872032,10720.957136484334,0.9441999848266445,0.022873833548289205,0.032926181625066386,603,805,63,61,24830,65,0.04440677966101694,0.5533898305084746
282625.872032,10720.957136484334,0.9441999848266445,0.022873833548289205,0.032926181625066386,603,805,63,61,24830,65,0.04440677966101694,0.5644067796610168
282625.872032,10720.957136484334,0.9441999848266445,0.022873833548289205,0.032926181625066386,603,805,63,61,24830,65,0.04440677966101694,0.5754237288135593
282625.872032,10720.957136484334,0.9441999848266445,0.022873833548289205,0.032926181625066386,603,805,63,61,24830,65,0.04440677966101694,0.5864406779661016
282625.872032,10720.957136484334,0.9441999848266445,0.022873833548289205,0.032926181625066386,603,805,63,61,24830,65,0.04440677966101694,0.597457627118644
282625.872032,10720.957136484334,0.9441999848266445,0.022873833548289205,0.032926181625066386,603,805,63,61,24830,65,0.04440677966101694,0.6084745762711864
282625.872032,10720.957136484334,0.9441999848266445,0.022873833548289205,0.032926181625066386,603,805,63,61,24830,65,0.04440677966101694,0.6194915254237288
282625.872032,10720.957136484334,0.9441999848266445,0.022873833548289205,0.032926181625066386,603,805,63,61,24830,65,0.04440677966101694,0.6305084745762711
282625.872032,10720.957136484334,0.9441999848266445,0.022873833548289205,0.032926181625066386,603,805,63,61,24830,65,0.04440677966101694,0.6415254237288135
286789.773792,10878.908041574996,0.9441999848266445,0.023518701160761702,0.03228131401259388,620,794,57,61,24830,76,0.04440677966101694,0.6525423728813559
286789.773792,10878.908041574996,0.9441999848266445,0.023518701160761702,0.03228131401259388,620,794,57,61,24830,76,0.04440677966101694,0.6635593220338982
291327.23305599997,11051.029248767163,0.9441999848266445,0.024087701995296258,0.03171231317805933,635,784,52,61,24830,86,0.04440677966101694,0.6745762711864406
291327.23305599997,11051.029248767163,0.9441999848266445,0.024087701995296258,0.03171231317805933,635,784,52,61,24830,86,0.04440677966101694,0.685593220338983
292271.299168,11086.840875806085,0.9441999848266445,0.024694636218799786,0.0311053789545558,651,773,47,61,24830,97,0.04440677966101694,0.6966101694915253
292271.299168,11086.840875806085,0.9441999848266445,0.024694636218799786,0.0311053789545558,651,773,47,61,24830,97,0.04440677966101694,0.7076271186440677
292271.299168,11086.840875806085,0.9441999848266445,0.024694636218799786,0.0311053789545558,651,773,47,61,24830,97,0.04440677966101694,0.7186440677966102
292271.299168,11086.840875806085,0.9441999848266445,0.024694636218799786,0.0311053789545558,651,773,47,61,24830,97,0.04440677966101694,0.7296610169491524
292271.299168,11086.840875806085,0.9441999848266445,0.024694636218799786,0.0311053789545558,651,773,47,61,24830,97,0.04440677966101694,0.7406779661016949
292685.542304,11102.554521811699,0.9441999848266445,0.02484636977467567,0.030953645398679917,655,770,46,61,24830,100,0.04440677966101694,0.7516949152542372
304522.102176,11551.555351490784,0.9441999848266445,0.026098171610651696,0.029701843562703893,688,745,38,61,24830,125,0.04440677966101694,0.7627118644067796
304522.102176,11551.555351490784,0.9441999848266445,0.026098171610651696,0.029701843562703893,688,745,38,61,24830,125,0.04440677966101694,0.7737288135593219
304522.102176,11551.555351490784,0.9441999848266445,0.026098171610651696,0.029701843562703893,688,745,38,61,24830,125,0.04440677966101694,0.7847457627118644
314230.857664,11919.841349821712,0.9441999848266445,0.026629239056217283,0.029170776117138305,702,734,35,61,24830,136,0.04440677966101694,0.7957627118644066
318448.51648,12079.831442227449,0.9441999848266445,0.027387906835596693,0.028412108337758896,722,718,31,61,24830,152,0.04440677966101694,0.8067796610169491
318448.51648,12079.831442227449,0.9441999848266445,0.027387906835596693,0.028412108337758896,722,718,31,61,24830,152,0.04440677966101694,0.8177966101694913
318448.51648,12079.831442227449,0.9441999848266445,0.027387906835596693,0.028412108337758896,722,718,31,61,24830,152,0.04440677966101694,0.8288135593220338
320570.23526399996,12160.31542614369,0.9441999848266445,0.027615507169410514,0.028184508003945074,728,713,30,61,24830,157,0.04440677966101694,0.8398305084745761
323680.104672,12278.283312040057,0.9441999848266445,0.02810864122600713,0.027691373947348455,741,702,28,61,24830,168,0.04440677966101694,0.8508474576271186
323680.104672,12278.283312040057,0.9441999848266445,0.02810864122600713,0.027691373947348455,741,702,28,61,24830,168,0.04440677966101694,0.8618644067796608
323680.104672,12278.283312040057,0.9441999848266445,0.02810864122600713,0.027691373947348455,741,702,28,61,24830,168,0.04440677966101694,0.8728813559322033
383305.02742399997,14540.058699036492,0.9441999848266445,0.03190198012290418,0.02389803505045141,841,614,16,61,24830,256,0.04440677966101694,0.8838983050847455
383305.02742399997,14540.058699036492,0.9441999848266445,0.03190198012290418,0.02389803505045141,841,614,16,61,24830,256,0.04440677966101694,0.894915254237288
383305.02742399997,14540.058699036492,0.9441999848266445,0.03190198012290418,0.02389803505045141,841,614,16,61,24830,256,0.04440677966101694,0.9059322033898305
383305.02742399997,14540.058699036492,0.9441999848266445,0.03190198012290418,0.02389803505045141,841,614,16,61,24830,256,0.04440677966101694,0.9169491525423727
383305.02742399997,14540.058699036492,0.9441999848266445,0.03190198012290418,0.02389803505045141,841,614,16,61,24830,256,0.04440677966101694,0.9279661016949152
383305.02742399997,14540.058699036492,0.9441999848266445,0.03190198012290418,0.02389803505045141,841,614,16,61,24830,256,0.04440677966101694,0.9389830508474575
383305.02742399997,14540.058699036492,0.9441999848266445,0.03190198012290418,0.02389803505045141,841,614,16,61,24830,256,0.04440677966101694,0.95
324646.64888,12314.947609437826,0.9572870040209392,0.006145209012973219,0.03656778696608755,162,839,125,78,25158,14,0.054508474576271185,0.3
324361.268176,12304.122152188755,0.9572870040209392,0.006638343069569836,0.03607465290949093,175,835,116,78,25158,18,0.054508474576271185,0.31101694915254235
324361.268176,12304.122152188755,0.9572870040209392,0.006638343069569836,0.03607465290949093,175,835,116,78,25158,18,0.054508474576271185,0.3220338983050847
324361.268176,12304.122152188755,0.9572870040209392,0.006638343069569836,0.03607465290949093,175,835,116,78,25158,18,0.054508474576271185,0.3330508474576271
323803.096912,12282.948824520143,0.9572870040209392,0.007321144071011304,0.035391851908049464,193,829,104,78,25158,24,0.054508474576271185,0.34406779661016945
323803.096912,12282.948824520143,0.9572870040209392,0.007321144071011304,0.035391851908049464,193,829,104,78,25158,24,0.054508474576271185,0.3550847457627119
309095.275728,11725.031322661407,0.9572870040209392,0.009635080798118504,0.03307791518094227,254,807,65,78,25158,46,0.054508474576271185,0.36610169491525424
309095.275728,11725.031322661407,0.9572870040209392,0.009635080798118504,0.03307791518094227,254,807,65,78,25158,46,0.054508474576271185,0.3771186440677966
309095.275728,11725.031322661407,0.9572870040209392,0.009635080798118504,0.03307791518094227,254,807,65,78,25158,46,0.054508474576271185,0.38813559322033897
309095.275728,11725.031322661407,0.9572870040209392,0.009635080798118504,0.03307791518094227,254,807,65,78,25158,46,0.054508474576271185,0.39915254237288134
309095.275728,11725.031322661407,0.9572870040209392,0.009635080798118504,0.03307791518094227,254,807,65,78,25158,46,0.054508474576271185,0.4101694915254237
309095.275728,11725.031322661407,0.9572870040209392,0.009635080798118504,0.03307791518094227,254,807,65,78,25158,46,0.054508474576271185,0.42118644067796607
309095.275728,11725.031322661407,0.9572870040209392,0.009635080798118504,0.03307791518094227,254,807,65,78,25158,46,0.054508474576271185,0.43220338983050843
309095.275728,11725.031322661407,0.9572870040209392,0.009635080798118504,0.03307791518094227,254,807,65,78,25158,46,0.054508474576271185,0.4432203389830508
309095.275728,11725.031322661407,0.9572870040209392,0.009635080798118504,0.03307791518094227,254,807,65,78,25158,46,0.054508474576271185,0.45423728813559316
309095.275728,11725.031322661407,0.9572870040209392,0.009635080798118504,0.03307791518094227,254,807,65,78,25158,46,0.054508474576271185,0.46525423728813553
309095.275728,11725.031322661407,0.9572870040209392,0.009635080798118504,0.03307791518094227,254,807,65,78,25158,46,0.054508474576271185,0.4762711864406779
309095.275728,11725.031322661407,0.9572870040209392,0.009635080798118504,0.03307791518094227,254,807,65,78,25158,46,0.054508474576271185,0.48728813559322026
309095.275728,11725.031322661407,0.9572870040209392,0.009635080798118504,0.03307791518094227,254,807,65,78,25158,46,0.054508474576271185,0.4983050847457626
308312.621232,11695.342585236325,0.9572870040209392,0.009786814353994385,0.032926181625066386,258,805,63,78,25158,48,0.054508474576271185,0.5093220338983051
308312.621232,11695.342585236325,0.9572870040209392,0.009786814353994385,0.032926181625066386,258,805,63,78,25158,48,0.054508474576271185,0.5203389830508474
308312.621232,11695.342585236325,0.9572870040209392,0.009786814353994385,0.032926181625066386,258,805,63,78,25158,48,0.054508474576271185,0.5313559322033898
308312.621232,11695.342585236325,0.9572870040209392,0.009786814353994385,0.032926181625066386,258,805,63,78,25158,48,0.054508474576271185,0.5423728813559321
308312.621232,11695.342585236325,0.9572870040209392,0.009786814353994385,0.032926181625066386,258,805,63,78,25158,48,0.054508474576271185,0.5533898305084746
308312.621232,11695.342585236325,0.9572870040209392,0.009786814353994385,0.032926181625066386,258,805,63,78,25158,48,0.054508474576271185,0.5644067796610168
308312.621232,11695.342585236325,0.9572870040209392,0.009786814353994385,0.032926181625066386,258,805,63,78,25158,48,0.054508474576271185,0.5754237288135593
308312.621232,11695.342585236325,0.9572870040209392,0.009786814353994385,0.032926181625066386,258,805,63,78,25158,48,0.054508474576271185,0.5864406779661016
308312.621232,11695.342585236325,0.9572870040209392,0.009786814353994385,0.032926181625066386,258,805,63,78,25158,48,0.054508474576271185,0.597457627118644
308312.621232,11695.342585236325,0.9572870040209392,0.009786814353994385,0.032926181625066386,258,805,63,78,25158,48,0.054508474576271185,0.6084745762711864
308312.621232,11695.342585236325,0.9572870040209392,0.009786814353994385,0.032926181625066386,258,805,63,78,25158,48,0.054508474576271185,0.6194915254237288
308312.621232,11695.342585236325,0.9572870040209392,0.009786814353994385,0.032926181625066386,258,805,63,78,25158,48,0.054508474576271185,0.6305084745762711
308312.621232,11695.342585236325,0.9572870040209392,0.009786814353994385,0.032926181625066386,258,805,63,78,25158,48,0.054508474576271185,0.6415254237288135
312476.522992,11853.293490326985,0.9572870040209392,0.010431681966466884,0.03228131401259388,275,794,57,78,25158,59,0.054508474576271185,0.6525423728813559
312476.522992,11853.293490326985,0.9572870040209392,0.010431681966466884,0.03228131401259388,275,794,57,78,25158,59,0.054508474576271185,0.6635593220338982
317013.98225599993,12025.414697519152,0.9572870040209392,0.011000682801001442,0.03171231317805933,290,784,52,78,25158,69,0.054508474576271185,0.6745762711864406
317013.98225599993,12025.414697519152,0.9572870040209392,0.011000682801001442,0.03171231317805933,290,784,52,78,25158,69,0.054508474576271185,0.685593220338983
317958.04836799996,12061.226324558074,0.9572870040209392,0.01160761702450497,0.0311053789545558,306,773,47,78,25158,80,0.054508474576271185,0.6966101694915253
317958.04836799996,12061.226324558074,0.9572870040209392,0.01160761702450497,0.0311053789545558,306,773,47,78,25158,80,0.054508474576271185,0.7076271186440677
317958.04836799996,12061.226324558074,0.9572870040209392,0.01160761702450497,0.0311053789545558,306,773,47,78,25158,80,0.054508474576271185,0.7186440677966102
317958.04836799996,12061.226324558074,0.9572870040209392,0.01160761702450497,0.0311053789545558,306,773,47,78,25158,80,0.054508474576271185,0.7296610169491524
317958.04836799996,12061.226324558074,0.9572870040209392,0.01160761702450497,0.0311053789545558,306,773,47,78,25158,80,0.054508474576271185,0.7406779661016949
318372.29150399996,12076.93997056369,0.9572870040209392,0.011759350580380851,0.030953645398679917,310,770,46,78,25158,83,0.054508474576271185,0.7516949152542372
330208.851376,12525.940800242774,0.9572870040209392,0.013011152416356878,0.029701843562703893,343,745,38,78,25158,108,0.054508474576271185,0.7627118644067796
330208.851376,12525.940800242774,0.9572870040209392,0.013011152416356878,0.029701843562703893,343,745,38,78,25158,108,0.054508474576271185,0.7737288135593219
330208.851376,12525.940800242774,0.9572870040209392,0.013011152416356878,0.029701843562703893,343,745,38,78,25158,108,0.054508474576271185,0.7847457627118644
339917.606864,12894.226798573703,0.9572870040209392,0.013542219861922463,0.029170776117138305,357,734,35,78,25158,119,0.054508474576271185,0.7957627118644066
344135.26567999995,13054.216890979438,0.9572870040209392,0.014300887641301874,0.028412108337758896,377,718,31,78,25158,135,0.054508474576271185,0.8067796610169491
344135.26567999995,13054.216890979438,0.9572870040209392,0.014300887641301874,0.028412108337758896,377,718,31,78,25158,135,0.054508474576271185,0.8177966101694913
344135.26567999995,13054.216890979438,0.9572870040209392,0.014300887641301874,0.028412108337758896,377,718,31,78,25158,135,0.054508474576271185,0.8288135593220338
346256.984464,13134.700874895681,0.9572870040209392,0.014528487975115696,0.028184508003945074,383,713,30,78,25158,140,0.054508474576271185,0.8398305084745761
349366.853872,13252.66876079205,0.9572870040209392,0.015021622031712313,0.027691373947348455,396,702,28,78,25158,151,0.054508474576271185,0.8508474576271186
349366.853872,13252.66876079205,0.9572870040209392,0.015021622031712313,0.027691373947348455,396,702,28,78,25158,151,0.054508474576271185,0.8618644067796608
349366.853872,13252.66876079205,0.9572870040209392,0.015021622031712313,0.027691373947348455,396,702,28,78,25158,151,0.054508474576271185,0.8728813559322033
408991.77662399993,15514.444147788481,0.9572870040209392,0.01881496092860936,0.02389803505045141,496,614,16,78,25158,239,0.054508474576271185,0.8838983050847455
408991.77662399993,15514.444147788481,0.9572870040209392,0.01881496092860936,0.02389803505045141,496,614,16,78,25158,239,0.054508474576271185,0.894915254237288
408991.77662399993,15514.444147788481,0.9572870040209392,0.01881496092860936,0.02389803505045141,496,614,16,78,25158,239,0.054508474576271185,0.9059322033898305
408991.77662399993,15514.444147788481,0.9572870040209392,0.01881496092860936,0.02389803505045141,496,614,16,78,25158,239,0.054508474576271185,0.9169491525423727
408991.77662399993,15514.444147788481,0.9572870040209392,0.01881496092860936,0.02389803505045141,496,614,16,78,25158,239,0.054508474576271185,0.9279661016949152
408991.77662399993,15514.444147788481,0.9572870040209392,0.01881496092860936,0.02389803505045141,496,614,16,78,25158,239,0.054508474576271185,0.9389830508474575
408991.77662399993,15514.444147788481,0.9572870040209392,0.01881496092860936,0.02389803505045141,496,614,16,78,25158,239,0.054508474576271185,0.95
324646.64888,12314.947609437826,0.9572870040209392,0.006145209012973219,0.03656778696608755,162,839,125,78,25158,14,0.06461016949152543,0.3
324361.268176,12304.122152188755,0.9572870040209392,0.006638343069569836,0.03607465290949093,175,835,116,78,25158,18,0.06461016949152543,0.31101694915254235
324361.268176,12304.122152188755,0.9572870040209392,0.006638343069569836,0.03607465290949093,175,835,116,78,25158,18,0.06461016949152543,0.3220338983050847
324361.268176,12304.122152188755,0.9572870040209392,0.006638343069569836,0.03607465290949093,175,835,116,78,25158,18,0.06461016949152543,0.3330508474576271
323803.096912,12282.948824520143,0.9572870040209392,0.007321144071011304,0.035391851908049464,193,829,104,78,25158,24,0.06461016949152543,0.34406779661016945
323803.096912,12282.948824520143,0.9572870040209392,0.007321144071011304,0.035391851908049464,193,829,104,78,25158,24,0.06461016949152543,0.3550847457627119
309095.275728,11725.031322661407,0.9572870040209392,0.009635080798118504,0.03307791518094227,254,807,65,78,25158,46,0.06461016949152543,0.36610169491525424
309095.275728,11725.031322661407,0.9572870040209392,0.009635080798118504,0.03307791518094227,254,807,65,78,25158,46,0.06461016949152543,0.3771186440677966
309095.275728,11725.031322661407,0.9572870040209392,0.009635080798118504,0.03307791518094227,254,807,65,78,25158,46,0.06461016949152543,0.38813559322033897
309095.275728,11725.031322661407,0.9572870040209392,0.009635080798118504,0.03307791518094227,254,807,65,78,25158,46,0.06461016949152543,0.39915254237288134
309095.275728,11725.031322661407,0.9572870040209392,0.009635080798118504,0.03307791518094227,254,807,65,78,25158,46,0.06461016949152543,0.4101694915254237
309095.275728,11725.031322661407,0.9572870040209392,0.009635080798118504,0.03307791518094227,254,807,65,78,25158,46,0.06461016949152543,0.42118644067796607
309095.275728,11725.031322661407,0.9572870040209392,0.009635080798118504,0.03307791518094227,254,807,65,78,25158,46,0.06461016949152543,0.43220338983050843
309095.275728,11725.031322661407,0.9572870040209392,0.009635080798118504,0.03307791518094227,254,807,65,78,25158,46,0.06461016949152543,0.4432203389830508
309095.275728,11725.031322661407,0.9572870040209392,0.009635080798118504,0.03307791518094227,254,807,65,78,25158,46,0.06461016949152543,0.45423728813559316
309095.275728,11725.031322661407,0.9572870040209392,0.009635080798118504,0.03307791518094227,254,807,65,78,25158,46,0.06461016949152543,0.46525423728813553
309095.275728,11725.031322661407,0.9572870040209392,0.009635080798118504,0.03307791518094227,254,807,65,78,25158,46,0.06461016949152543,0.4762711864406779
309095.275728,11725.031322661407,0.9572870040209392,0.009635080798118504,0.03307791518094227,254,807,65,78,25158,46,0.06461016949152543,0.48728813559322026
309095.275728,11725.031322661407,0.9572870040209392,0.009635080798118504,0.03307791518094227,254,807,65,78,25158,46,0.06461016949152543,0.4983050847457626
308312.621232,11695.342585236325,0.9572870040209392,0.009786814353994385,0.032926181625066386,258,805,63,78,25158,48,0.06461016949152543,0.5093220338983051
308312.621232,11695.342585236325,0.9572870040209392,0.009786814353994385,0.032926181625066386,258,805,63,78,25158,48,0.06461016949152543,0.5203389830508474
308312.621232,11695.342585236325,0.9572870040209392,0.009786814353994385,0.032926181625066386,258,805,63,78,25158,48,0.06461016949152543,0.5313559322033898
308312.621232,11695.342585236325,0.9572870040209392,0.009786814353994385,0.032926181625066386,258,805,63,78,25158,48,0.06461016949152543,0.5423728813559321
308312.621232,11695.342585236325,0.9572870040209392,0.009786814353994385,0.032926181625066386,258,805,63,78,25158,48,0.06461016949152543,0.5533898305084746
308312.621232,11695.342585236325,0.9572870040209392,0.009786814353994385,0.032926181625066386,258,805,63,78,25158,48,0.06461016949152543,0.5644067796610168
308312.621232,11695.342585236325,0.9572870040209392,0.009786814353994385,0.032926181625066386,258,805,63,78,25158,48,0.06461016949152543,0.5754237288135593
308312.621232,11695.342585236325,0.9572870040209392,0.009786814353994385,0.032926181625066386,258,805,63,78,25158,48,0.06461016949152543,0.5864406779661016
308312.621232,11695.342585236325,0.9572870040209392,0.009786814353994385,0.032926181625066386,258,805,63,78,25158,48,0.06461016949152543,0.597457627118644
308312.621232,11695.342585236325,0.9572870040209392,0.009786814353994385,0.032926181625066386,258,805,63,78,25158,48,0.06461016949152543,0.6084745762711864
308312.621232,11695.342585236325,0.9572870040209392,0.009786814353994385,0.032926181625066386,258,805,63,78,25158,48,0.06461016949152543,0.6194915254237288
308312.621232,11695.342585236325,0.9572870040209392,0.009786814353994385,0.032926181625066386,258,805,63,78,25158,48,0.06461016949152543,0.6305084745762711
308312.621232,11695.342585236325,0.9572870040209392,0.009786814353994385,0.032926181625066386,258,805,63,78,25158,48,0.06461016949152543,0.6415254237288135
312476.522992,11853.293490326985,0.9572870040209392,0.010431681966466884,0.03228131401259388,275,794,57,78,25158,59,0.06461016949152543,0.6525423728813559
312476.522992,11853.293490326985,0.9572870040209392,0.010431681966466884,0.03228131401259388,275,794,57,78,25158,59,0.06461016949152543,0.6635593220338982
317013.98225599993,12025.414697519152,0.9572870040209392,0.011000682801001442,0.03171231317805933,290,784,52,78,25158,69,0.06461016949152543,0.6745762711864406
317013.98225599993,12025.414697519152,0.9572870040209392,0.011000682801001442,0.03171231317805933,290,784,52,78,25158,69,0.06461016949152543,0.685593220338983
317958.04836799996,12061.226324558074,0.9572870040209392,0.01160761702450497,0.0311053789545558,306,773,47,78,25158,80,0.06461016949152543,0.6966101694915253
317958.04836799996,12061.226324558074,0.9572870040209392,0.01160761702450497,0.0311053789545558,306,773,47,78,25158,80,0.06461016949152543,0.7076271186440677
317958.04836799996,12061.226324558074,0.9572870040209392,0.01160761702450497,0.0311053789545558,306,773,47,78,25158,80,0.06461016949152543,0.7186440677966102
317958.04836799996,12061.226324558074,0.9572870040209392,0.01160761702450497,0.0311053789545558,306,773,47,78,25158,80,0.06461016949152543,0.7296610169491524
317958.04836799996,12061.226324558074,0.9572870040209392,0.01160761702450497,0.0311053789545558,306,773,47,78,25158,80,0.06461016949152543,0.7406779661016949
318372.29150399996,12076.93997056369,0.9572870040209392,0.011759350580380851,0.030953645398679917,310,770,46,78,25158,83,0.06461016949152543,0.7516949152542372
330208.851376,12525.940800242774,0.9572870040209392,0.013011152416356878,0.029701843562703893,343,745,38,78,25158,108,0.06461016949152543,0.7627118644067796
330208.851376,12525.940800242774,0.9572870040209392,0.013011152416356878,0.029701843562703893,343,745,38,78,25158,108,0.06461016949152543,0.7737288135593219
330208.851376,12525.940800242774,0.9572870040209392,0.013011152416356878,0.029701843562703893,343,745,38,78,25158,108,0.06461016949152543,0.7847457627118644
339917.606864,12894.226798573703,0.9572870040209392,0.013542219861922463,0.029170776117138305,357,734,35,78,25158,119,0.06461016949152543,0.7957627118644066
344135.26567999995,13054.216890979438,0.9572870040209392,0.014300887641301874,0.028412108337758896,377,718,31,78,25158,135,0.06461016949152543,0.8067796610169491
344135.26567999995,13054.216890979438,0.9572870040209392,0.014300887641301874,0.028412108337758896,377,718,31,78,25158,135,0.06461016949152543,0.8177966101694913
344135.26567999995,13054.216890979438,0.9572870040209392,0.014300887641301874,0.028412108337758896,377,718,31,78,25158,135,0.06461016949152543,0.8288135593220338
346256.984464,13134.700874895681,0.9572870040209392,0.014528487975115696,0.028184508003945074,383,713,30,78,25158,140,0.06461016949152543,0.8398305084745761
349366.853872,13252.66876079205,0.9572870040209392,0.015021622031712313,0.027691373947348455,396,702,28,78,25158,151,0.06461016949152543,0.8508474576271186
349366.853872,13252.66876079205,0.9572870040209392,0.015021622031712313,0.027691373947348455,396,702,28,78,25158,151,0.06461016949152543,0.8618644067796608
349366.853872,13252.66876079205,0.9572870040209392,0.015021622031712313,0.027691373947348455,396,702,28,78,25158,151,0.06461016949152543,0.8728813559322033
408991.77662399993,15514.444147788481,0.9572870040209392,0.01881496092860936,0.02389803505045141,496,614,16,78,25158,239,0.06461016949152543,0.8838983050847455
408991.77662399993,15514.444147788481,0.9572870040209392,0.01881496092860936,0.02389803505045141,496,614,16,78,25158,239,0.06461016949152543,0.894915254237288
408991.77662399993,15514.444147788481,0.9572870040209392,0.01881496092860936,0.02389803505045141,496,614,16,78,25158,239,0.06461016949152543,0.9059322033898305
408991.77662399993,15514.444147788481,0.9572870040209392,0.01881496092860936,0.02389803505045141,496,614,16,78,25158,239,0.06461016949152543,0.9169491525423727
408991.77662399993,15514.444147788481,0.9572870040209392,0.01881496092860936,0.02389803505045141,496,614,16,78,25158,239,0.06461016949152543,0.9279661016949152
408991.77662399993,15514.444147788481,0.9572870040209392,0.01881496092860936,0.02389803505045141,496,614,16,78,25158,239,0.06461016949152543,0.9389830508474575
408991.77662399993,15514.444147788481,0.9572870040209392,0.01881496092860936,0.02389803505045141,496,614,16,78,25158,239,0.06461016949152543,0.95
390520.867904,14813.779982702375,0.9625218116986571,0.0009104013352552917,0.03656778696608755,24,839,125,87,25287,5,0.07471186440677965,0.3
390235.48720000003,14802.954525453306,0.9625218116986571,0.0014035353918519082,0.03607465290949093,37,835,116,87,25287,9,0.07471186440677965,0.31101694915254235
390235.48720000003,14802.954525453306,0.9625218116986571,0.0014035353918519082,0.03607465290949093,37,835,116,87,25287,9,0.07471186440677965,0.3220338983050847
390235.48720000003,14802.954525453306,0.9625218116986571,0.0014035353918519082,0.03607465290949093,37,835,116,87,25287,9,0.07471186440677965,0.3330508474576271
389677.31593599997,14781.781197784689,0.9625218116986571,0.002086336393293377,0.035391851908049464,55,829,104,87,25287,15,0.07471186440677965,0.34406779661016945
389677.31593599997,14781.781197784689,0.9625218116986571,0.002086336393293377,0.035391851908049464,55,829,104,87,25287,15,0.07471186440677965,0.3550847457627119
374969.49475199997,14223.863695925953,0.9625218116986571,0.004400273120400576,0.03307791518094227,116,807,65,87,25287,37,0.07471186440677965,0.36610169491525424
374969.49475199997,14223.863695925953,0.9625218116986571,0.004400273120400576,0.03307791518094227,116,807,65,87,25287,37,0.07471186440677965,0.3771186440677966
374969.49475199997,14223.863695925953,0.9625218116986571,0.004400273120400576,0.03307791518094227,116,807,65,87,25287,37,0.07471186440677965,0.38813559322033897
374969.49475199997,14223.863695925953,0.9625218116986571,0.004400273120400576,0.03307791518094227,116,807,65,87,25287,37,0.07471186440677965,0.39915254237288134
374969.49475199997,14223.863695925953,0.9625218116986571,0.004400273120400576,0.03307791518094227,116,807,65,87,25287,37,0.07471186440677965,0.4101694915254237
374969.49475199997,14223.863695925953,0.9625218116986571,0.004400273120400576,0.03307791518094227,116,807,65,87,25287,37,0.07471186440677965,0.42118644067796607
374969.49475199997,14223.863695925953,0.9625218116986571,0.004400273120400576,0.03307791518094227,116,807,65,87,25287,37,0.07471186440677965,0.43220338983050843
374969.49475199997,14223.863695925953,0.9625218116986571,0.004400273120400576,0.03307791518094227,116,807,65,87,25287,37,0.07471186440677965,0.4432203389830508
374969.49475199997,14223.863695925953,0.9625218116986571,0.004400273120400576,0.03307791518094227,116,807,65,87,25287,37,0.07471186440677965,0.45423728813559316
374969.49475199997,14223.863695925953,0.9625218116986571,0.004400273120400576,0.03307791518094227,116,807,65,87,25287,37,0.07471186440677965,0.46525423728813553
374969.49475199997,14223.863695925953,0.9625218116986571,0.004400273120400576,0.03307791518094227,116,807,65,87,25287,37,0.07471186440677965,0.4762711864406779
374969.49475199997,14223.863695925953,0.9625218116986571,0.004400273120400576,0.03307791518094227,116,807,65,87,25287,37,0.07471186440677965,0.48728813559322026
374969.49475199997,14223.863695925953,0.9625218116986571,0.004400273120400576,0.03307791518094227,116,807,65,87,25287,37,0.07471186440677965,0.4983050847457626
374186.84025599994,14194.17495850087,0.9625218116986571,0.004552006676276458,0.032926181625066386,120,805,63,87,25287,39,0.07471186440677965,0.5093220338983051
374186.84025599994,14194.17495850087,0.9625218116986571,0.004552006676276458,0.032926181625066386,120,805,63,87,25287,39,0.07471186440677965,0.5203389830508474
374186.84025599994,14194.17495850087,0.9625218116986571,0.004552006676276458,0.032926181625066386,120,805,63,87,25287,39,0.07471186440677965,0.5313559322033898
374186.84025599994,14194.17495850087,0.9625218116986571,0.004552006676276458,0.032926181625066386,120,805,63,87,25287,39,0.07471186440677965,0.5423728813559321
374186.84025599994,14194.17495850087,0.9625218116986571,0.004552006676276458,0.032926181625066386,120,805,63,87,25287,39,0.07471186440677965,0.5533898305084746
374186.84025599994,14194.17495850087,0.9625218116986571,0.004552006676276458,0.032926181625066386,120,805,63,87,25287,39,0.07471186440677965,0.5644067796610168
374186.84025599994,14194.17495850087,0.9625218116986571,0.004552006676276458,0.032926181625066386,120,805,63,87,25287,39,0.07471186440677965,0.5754237288135593
374186.84025599994,14194.17495850087,0.9625218116986571,0.004552006676276458,0.032926181625066386,120,805,63,87,25287,39,0.07471186440677965,0.5864406779661016
374186.84025599994,14194.17495850087,0.9625218116986571,0.004552006676276458,0.032926181625066386,120,805,63,87,25287,39,0.07471186440677965,0.597457627118644
374186.84025599994,14194.17495850087,0.9625218116986571,0.004552006676276458,0.032926181625066386,120,805,63,87,25287,39,0.07471186440677965,0.6084745762711864
374186.84025599994,14194.17495850087,0.9625218116986571,0.004552006676276458,0.032926181625066386,120,805,63,87,25287,39,0.07471186440677965,0.6194915254237288
374186.84025599994,14194.17495850087,0.9625218116986571,0.004552006676276458,0.032926181625066386,120,805,63,87,25287,39,0.07471186440677965,0.6305084745762711
374186.84025599994,14194.17495850087,0.9625218116986571,0.004552006676276458,0.032926181625066386,120,805,63,87,25287,39,0.07471186440677965,0.6415254237288135
378350.742016,14352.125863591531,0.9625218116986571,0.005196874288748957,0.03228131401259388,137,794,57,87,25287,50,0.07471186440677965,0.6525423728813559
378350.742016,14352.125863591531,0.9625218116986571,0.005196874288748957,0.03228131401259388,137,794,57,87,25287,50,0.07471186440677965,0.6635593220338982
382888.20128000004,14524.247070783706,0.9625218116986571,0.005765875123283514,0.03171231317805933,152,784,52,87,25287,60,0.07471186440677965,0.6745762711864406
382888.20128000004,14524.247070783706,0.9625218116986571,0.005765875123283514,0.03171231317805933,152,784,52,87,25287,60,0.07471186440677965,0.685593220338983
383832.267392,14560.058697822624,0.9625218116986571,0.006372809346787042,0.0311053789545558,168,773,47,87,25287,71,0.07471186440677965,0.6966101694915253
383832.267392,14560.058697822624,0.9625218116986571,0.006372809346787042,0.0311053789545558,168,773,47,87,25287,71,0.07471186440677965,0.7076271186440677
383832.267392,14560.058697822624,0.9625218116986571,0.006372809346787042,0.0311053789545558,168,773,47,87,25287,71,0.07471186440677965,0.7186440677966102
383832.267392,14560.058697822624,0.9625218116986571,0.006372809346787042,0.0311053789545558,168,773,47,87,25287,71,0.07471186440677965,0.7296610169491524
383832.267392,14560.058697822624,0.9625218116986571,0.006372809346787042,0.0311053789545558,168,773,47,87,25287,71,0.07471186440677965,0.7406779661016949
384246.5105280001,14575.772343828241,0.9625218116986571,0.006524542902662924,0.030953645398679917,172,770,46,87,25287,74,0.07471186440677965,0.7516949152542372
396083.07039999997,15024.77317350732,0.9625218116986571,0.00777634473863895,0.029701843562703893,205,745,38,87,25287,99,0.07471186440677965,0.7627118644067796
396083.07039999997,15024.77317350732,0.9625218116986571,0.00777634473863895,0.029701843562703893,205,745,38,87,25287,99,0.07471186440677965,0.7737288135593219
396083.07039999997,15024.77317350732,0.9625218116986571,0.00777634473863895,0.029701843562703893,205,745,38,87,25287,99,0.07471186440677965,0.7847457627118644
405791.82588799996,15393.059171838251,0.9625218116986571,0.008307412184204537,0.029170776117138305,219,734,35,87,25287,110,0.07471186440677965,0.7957627118644066
410009.484704,15553.049264243988,0.9625218116986571,0.009066079963583946,0.028412108337758896,239,718,31,87,25287,126,0.07471186440677965,0.8067796610169491
410009.484704,15553.049264243988,0.9625218116986571,0.009066079963583946,0.028412108337758896,239,718,31,87,25287,126,0.07471186440677965,0.8177966101694913
410009.484704,15553.049264243988,0.9625218116986571,0.009066079963583946,0.028412108337758896,239,718,31,87,25287,126,0.07471186440677965,0.8288135593220338
412131.20348799997,15633.53324816023,0.9625218116986571,0.00929368029739777,0.028184508003945074,245,713,30,87,25287,131,0.07471186440677965,0.8398305084745761
415241.07289599994,15751.501134056594,0.9625218116986571,0.009786814353994385,0.027691373947348455,258,702,28,87,25287,142,0.07471186440677965,0.8508474576271186
415241.07289599994,15751.501134056594,0.9625218116986571,0.009786814353994385,0.027691373947348455,258,702,28,87,25287,142,0.07471186440677965,0.8618644067796608
415241.07289599994,15751.501134056594,0.9625218116986571,0.009786814353994385,0.027691373947348455,258,702,28,87,25287,142,0.07471186440677965,0.8728813559322033
474865.9956479999,18013.27652105303,0.9625218116986571,0.013580153250891435,0.02389803505045141,358,614,16,87,25287,230,0.07471186440677965,0.8838983050847455
474865.9956479999,18013.27652105303,0.9625218116986571,0.013580153250891435,0.02389803505045141,358,614,16,87,25287,230,0.07471186440677965,0.894915254237288
474865.9956479999,18013.27652105303,0.9625218116986571,0.013580153250891435,0.02389803505045141,358,614,16,87,25287,230,0.07471186440677965,0.9059322033898305
474865.9956479999,18013.27652105303,0.9625218116986571,0.013580153250891435,0.02389803505045141,358,614,16,87,25287,230,0.07471186440677965,0.9169491525423727
474865.9956479999,18013.27652105303,0.9625218116986571,0.013580153250891435,0.02389803505045141,358,614,16,87,25287,230,0.07471186440677965,0.9279661016949152
474865.9956479999,18013.27652105303,0.9625218116986571,0.013580153250891435,0.02389803505045141,358,614,16,87,25287,230,0.07471186440677965,0.9389830508474575
474865.9956479999,18013.27652105303,0.9625218116986571,0.013580153250891435,0.02389803505045141,358,614,16,87,25287,230,0.07471186440677965,0.95
390520.867904,14813.779982702375,0.9625218116986571,0.0009104013352552917,0.03656778696608755,24,839,125,87,25287,5,0.0848135593220339,0.3
390235.48720000003,14802.954525453306,0.9625218116986571,0.0014035353918519082,0.03607465290949093,37,835,116,87,25287,9,0.0848135593220339,0.31101694915254235
390235.48720000003,14802.954525453306,0.9625218116986571,0.0014035353918519082,0.03607465290949093,37,835,116,87,25287,9,0.0848135593220339,0.3220338983050847
390235.48720000003,14802.954525453306,0.9625218116986571,0.0014035353918519082,0.03607465290949093,37,835,116,87,25287,9,0.0848135593220339,0.3330508474576271
389677.31593599997,14781.781197784689,0.9625218116986571,0.002086336393293377,0.035391851908049464,55,829,104,87,25287,15,0.0848135593220339,0.34406779661016945
389677.31593599997,14781.781197784689,0.9625218116986571,0.002086336393293377,0.035391851908049464,55,829,104,87,25287,15,0.0848135593220339,0.3550847457627119
374969.49475199997,14223.863695925953,0.9625218116986571,0.004400273120400576,0.03307791518094227,116,807,65,87,25287,37,0.0848135593220339,0.36610169491525424
374969.49475199997,14223.863695925953,0.9625218116986571,0.004400273120400576,0.03307791518094227,116,807,65,87,25287,37,0.0848135593220339,0.3771186440677966
374969.49475199997,14223.863695925953,0.9625218116986571,0.004400273120400576,0.03307791518094227,116,807,65,87,25287,37,0.0848135593220339,0.38813559322033897
374969.49475199997,14223.863695925953,0.9625218116986571,0.004400273120400576,0.03307791518094227,116,807,65,87,25287,37,0.0848135593220339,0.39915254237288134
374969.49475199997,14223.863695925953,0.9625218116986571,0.004400273120400576,0.03307791518094227,116,807,65,87,25287,37,0.0848135593220339,0.4101694915254237
374969.49475199997,14223.863695925953,0.9625218116986571,0.004400273120400576,0.03307791518094227,116,807,65,87,25287,37,0.0848135593220339,0.42118644067796607
374969.49475199997,14223.863695925953,0.9625218116986571,0.004400273120400576,0.03307791518094227,116,807,65,87,25287,37,0.0848135593220339,0.43220338983050843
374969.49475199997,14223.863695925953,0.9625218116986571,0.004400273120400576,0.03307791518094227,116,807,65,87,25287,37,0.0848135593220339,0.4432203389830508
374969.49475199997,14223.863695925953,0.9625218116986571,0.004400273120400576,0.03307791518094227,116,807,65,87,25287,37,0.0848135593220339,0.45423728813559316
374969.49475199997,14223.863695925953,0.9625218116986571,0.004400273120400576,0.03307791518094227,116,807,65,87,25287,37,0.0848135593220339,0.46525423728813553
374969.49475199997,14223.863695925953,0.9625218116986571,0.004400273120400576,0.03307791518094227,116,807,65,87,25287,37,0.0848135593220339,0.4762711864406779
374969.49475199997,14223.863695925953,0.9625218116986571,0.004400273120400576,0.03307791518094227,116,807,65,87,25287,37,0.0848135593220339,0.48728813559322026
374969.49475199997,14223.863695925953,0.9625218116986571,0.004400273120400576,0.03307791518094227,116,807,65,87,25287,37,0.0848135593220339,0.4983050847457626
374186.84025599994,14194.17495850087,0.9625218116986571,0.004552006676276458,0.032926181625066386,120,805,63,87,25287,39,0.0848135593220339,0.5093220338983051
374186.84025599994,14194.17495850087,0.9625218116986571,0.004552006676276458,0.032926181625066386,120,805,63,87,25287,39,0.0848135593220339,0.5203389830508474
374186.84025599994,14194.17495850087,0.9625218116986571,0.004552006676276458,0.032926181625066386,120,805,63,87,25287,39,0.0848135593220339,0.5313559322033898
374186.84025599994,14194.17495850087,0.9625218116986571,0.004552006676276458,0.032926181625066386,120,805,63,87,25287,39,0.0848135593220339,0.5423728813559321
374186.84025599994,14194.17495850087,0.9625218116986571,0.004552006676276458,0.032926181625066386,120,805,63,87,25287,39,0.0848135593220339,0.5533898305084746
374186.84025599994,14194.17495850087,0.9625218116986571,0.004552006676276458,0.032926181625066386,120,805,63,87,25287,39,0.0848135593220339,0.5644067796610168
374186.84025599994,14194.17495850087,0.9625218116986571,0.004552006676276458,0.032926181625066386,120,805,63,87,25287,39,0.0848135593220339,0.5754237288135593
374186.84025599994,14194.17495850087,0.9625218116986571,0.004552006676276458,0.032926181625066386,120,805,63,87,25287,39,0.0848135593220339,0.5864406779661016
374186.84025599994,14194.17495850087,0.9625218116986571,0.004552006676276458,0.032926181625066386,120,805,63,87,25287,39,0.0848135593220339,0.597457627118644
374186.84025599994,14194.17495850087,0.9625218116986571,0.004552006676276458,0.032926181625066386,120,805,63,87,25287,39,0.0848135593220339,0.6084745762711864
374186.84025599994,14194.17495850087,0.9625218116986571,0.004552006676276458,0.032926181625066386,120,805,63,87,25287,39,0.0848135593220339,0.6194915254237288
374186.84025599994,14194.17495850087,0.9625218116986571,0.004552006676276458,0.032926181625066386,120,805,63,87,25287,39,0.0848135593220339,0.6305084745762711
374186.84025599994,14194.17495850087,0.9625218116986571,0.004552006676276458,0.032926181625066386,120,805,63,87,25287,39,0.0848135593220339,0.6415254237288135
378350.742016,14352.125863591531,0.9625218116986571,0.005196874288748957,0.03228131401259388,137,794,57,87,25287,50,0.0848135593220339,0.6525423728813559
378350.742016,14352.125863591531,0.9625218116986571,0.005196874288748957,0.03228131401259388,137,794,57,87,25287,50,0.0848135593220339,0.6635593220338982
382888.20128000004,14524.247070783706,0.9625218116986571,0.005765875123283514,0.03171231317805933,152,784,52,87,25287,60,0.0848135593220339,0.6745762711864406
382888.20128000004,14524.247070783706,0.9625218116986571,0.005765875123283514,0.03171231317805933,152,784,52,87,25287,60,0.0848135593220339,0.685593220338983
383832.267392,14560.058697822624,0.9625218116986571,0.006372809346787042,0.0311053789545558,168,773,47,87,25287,71,0.0848135593220339,0.6966101694915253
383832.267392,14560.058697822624,0.9625218116986571,0.006372809346787042,0.0311053789545558,168,773,47,87,25287,71,0.0848135593220339,0.7076271186440677
383832.267392,14560.058697822624,0.9625218116986571,0.006372809346787042,0.0311053789545558,168,773,47,87,25287,71,0.0848135593220339,0.7186440677966102
383832.267392,14560.058697822624,0.9625218116986571,0.006372809346787042,0.0311053789545558,168,773,47,87,25287,71,0.0848135593220339,0.7296610169491524
383832.267392,14560.058697822624,0.9625218116986571,0.006372809346787042,0.0311053789545558,168,773,47,87,25287,71,0.0848135593220339,0.7406779661016949
384246.5105280001,14575.772343828241,0.9625218116986571,0.006524542902662924,0.030953645398679917,172,770,46,87,25287,74,0.0848135593220339,0.7516949152542372
396083.07039999997,15024.77317350732,0.9625218116986571,0.00777634473863895,0.029701843562703893,205,745,38,87,25287,99,0.0848135593220339,0.7627118644067796
396083.07039999997,15024.77317350732,0.9625218116986571,0.00777634473863895,0.029701843562703893,205,745,38,87,25287,99,0.0848135593220339,0.7737288135593219
396083.07039999997,15024.77317350732,0.9625218116986571,0.00777634473863895,0.029701843562703893,205,745,38,87,25287,99,0.0848135593220339,0.7847457627118644
405791.82588799996,15393.059171838251,0.9625218116986571,0.008307412184204537,0.029170776117138305,219,734,35,87,25287,110,0.0848135593220339,0.7957627118644066
410009.484704,15553.049264243988,0.9625218116986571,0.009066079963583946,0.028412108337758896,239,718,31,87,25287,126,0.0848135593220339,0.8067796610169491
410009.484704,15553.049264243988,0.9625218116986571,0.009066079963583946,0.028412108337758896,239,718,31,87,25287,126,0.0848135593220339,0.8177966101694913
410009.484704,15553.049264243988,0.9625218116986571,0.009066079963583946,0.028412108337758896,239,718,31,87,25287,126,0.0848135593220339,0.8288135593220338
412131.20348799997,15633.53324816023,0.9625218116986571,0.00929368029739777,0.028184508003945074,245,713,30,87,25287,131,0.0848135593220339,0.8398305084745761
415241.07289599994,15751.501134056594,0.9625218116986571,0.009786814353994385,0.027691373947348455,258,702,28,87,25287,142,0.0848135593220339,0.8508474576271186
415241.07289599994,15751.501134056594,0.9625218116986571,0.009786814353994385,0.027691373947348455,258,702,28,87,25287,142,0.0848135593220339,0.8618644067796608
415241.07289599994,15751.501134056594,0.9625218116986571,0.009786814353994385,0.027691373947348455,258,702,28,87,25287,142,0.0848135593220339,0.8728813559322033
474865.9956479999,18013.27652105303,0.9625218116986571,0.013580153250891435,0.02389803505045141,358,614,16,87,25287,230,0.0848135593220339,0.8838983050847455
474865.9956479999,18013.27652105303,0.9625218116986571,0.013580153250891435,0.02389803505045141,358,614,16,87,25287,230,0.0848135593220339,0.894915254237288
474865.9956479999,18013.27652105303,0.9625218116986571,0.013580153250891435,0.02389803505045141,358,614,16,87,25287,230,0.0848135593220339,0.9059322033898305
474865.9956479999,18013.27652105303,0.9625218116986571,0.013580153250891435,0.02389803505045141,358,614,16,87,25287,230,0.0848135593220339,0.9169491525423727
474865.9956479999,18013.27652105303,0.9625218116986571,0.013580153250891435,0.02389803505045141,358,614,16,87,25287,230,0.0848135593220339,0.9279661016949152
474865.9956479999,18013.27652105303,0.9625218116986571,0.013580153250891435,0.02389803505045141,358,614,16,87,25287,230,0.0848135593220339,0.9389830508474575
474865.9956479999,18013.27652105303,0.9625218116986571,0.013580153250891435,0.02389803505045141,358,614,16,87,25287,230,0.0848135593220339,0.95
390520.867904,14813.779982702375,0.9625218116986571,0.0009104013352552917,0.03656778696608755,24,839,125,87,25287,5,0.09491525423728814,0.3
390235.48720000003,14802.954525453306,0.9625218116986571,0.0014035353918519082,0.03607465290949093,37,835,116,87,25287,9,0.09491525423728814,0.31101694915254235
390235.48720000003,14802.954525453306,0.9625218116986571,0.0014035353918519082,0.03607465290949093,37,835,116,87,25287,9,0.09491525423728814,0.3220338983050847
390235.48720000003,14802.954525453306,0.9625218116986571,0.0014035353918519082,0.03607465290949093,37,835,116,87,25287,9,0.09491525423728814,0.3330508474576271
389677.31593599997,14781.781197784689,0.9625218116986571,0.002086336393293377,0.035391851908049464,55,829,104,87,25287,15,0.09491525423728814,0.34406779661016945
389677.31593599997,14781.781197784689,0.9625218116986571,0.002086336393293377,0.035391851908049464,55,829,104,87,25287,15,0.09491525423728814,0.3550847457627119
374969.49475199997,14223.863695925953,0.9625218116986571,0.004400273120400576,0.03307791518094227,116,807,65,87,25287,37,0.09491525423728814,0.36610169491525424
374969.49475199997,14223.863695925953,0.9625218116986571,0.004400273120400576,0.03307791518094227,116,807,65,87,25287,37,0.09491525423728814,0.3771186440677966
374969.49475199997,14223.863695925953,0.9625218116986571,0.004400273120400576,0.03307791518094227,116,807,65,87,25287,37,0.09491525423728814,0.38813559322033897
374969.49475199997,14223.863695925953,0.9625218116986571,0.004400273120400576,0.03307791518094227,116,807,65,87,25287,37,0.09491525423728814,0.39915254237288134
374969.49475199997,14223.863695925953,0.9625218116986571,0.004400273120400576,0.03307791518094227,116,807,65,87,25287,37,0.09491525423728814,0.4101694915254237
374969.49475199997,14223.863695925953,0.9625218116986571,0.004400273120400576,0.03307791518094227,116,807,65,87,25287,37,0.09491525423728814,0.42118644067796607
374969.49475199997,14223.863695925953,0.9625218116986571,0.004400273120400576,0.03307791518094227,116,807,65,87,25287,37,0.09491525423728814,0.43220338983050843
374969.49475199997,14223.863695925953,0.9625218116986571,0.004400273120400576,0.03307791518094227,116,807,65,87,25287,37,0.09491525423728814,0.4432203389830508
374969.49475199997,14223.863695925953,0.9625218116986571,0.004400273120400576,0.03307791518094227,116,807,65,87,25287,37,0.09491525423728814,0.45423728813559316
374969.49475199997,14223.863695925953,0.9625218116986571,0.004400273120400576,0.03307791518094227,116,807,65,87,25287,37,0.09491525423728814,0.46525423728813553
374969.49475199997,14223.863695925953,0.9625218116986571,0.004400273120400576,0.03307791518094227,116,807,65,87,25287,37,0.09491525423728814,0.4762711864406779
374969.49475199997,14223.863695925953,0.9625218116986571,0.004400273120400576,0.03307791518094227,116,807,65,87,25287,37,0.09491525423728814,0.48728813559322026
374969.49475199997,14223.863695925953,0.9625218116986571,0.004400273120400576,0.03307791518094227,116,807,65,87,25287,37,0.09491525423728814,0.4983050847457626
374186.84025599994,14194.17495850087,0.9625218116986571,0.004552006676276458,0.032926181625066386,120,805,63,87,25287,39,0.09491525423728814,0.5093220338983051
374186.84025599994,14194.17495850087,0.9625218116986571,0.004552006676276458,0.032926181625066386,120,805,63,87,25287,39,0.09491525423728814,0.5203389830508474
374186.84025599994,14194.17495850087,0.9625218116986571,0.004552006676276458,0.032926181625066386,120,805,63,87,25287,39,0.09491525423728814,0.5313559322033898
374186.84025599994,14194.17495850087,0.9625218116986571,0.004552006676276458,0.032926181625066386,120,805,63,87,25287,39,0.09491525423728814,0.5423728813559321
374186.84025599994,14194.17495850087,0.9625218116986571,0.004552006676276458,0.032926181625066386,120,805,63,87,25287,39,0.09491525423728814,0.5533898305084746
374186.84025599994,14194.17495850087,0.9625218116986571,0.004552006676276458,0.032926181625066386,120,805,63,87,25287,39,0.09491525423728814,0.5644067796610168
374186.84025599994,14194.17495850087,0.9625218116986571,0.004552006676276458,0.032926181625066386,120,805,63,87,25287,39,0.09491525423728814,0.5754237288135593
374186.84025599994,14194.17495850087,0.9625218116986571,0.004552006676276458,0.032926181625066386,120,805,63,87,25287,39,0.09491525423728814,0.5864406779661016
374186.84025599994,14194.17495850087,0.9625218116986571,0.004552006676276458,0.032926181625066386,120,805,63,87,25287,39,0.09491525423728814,0.597457627118644
374186.84025599994,14194.17495850087,0.9625218116986571,0.004552006676276458,0.032926181625066386,120,805,63,87,25287,39,0.09491525423728814,0.6084745762711864
374186.84025599994,14194.17495850087,0.9625218116986571,0.004552006676276458,0.032926181625066386,120,805,63,87,25287,39,0.09491525423728814,0.6194915254237288
374186.84025599994,14194.17495850087,0.9625218116986571,0.004552006676276458,0.032926181625066386,120,805,63,87,25287,39,0.09491525423728814,0.6305084745762711
374186.84025599994,14194.17495850087,0.9625218116986571,0.004552006676276458,0.032926181625066386,120,805,63,87,25287,39,0.09491525423728814,0.6415254237288135
378350.742016,14352.125863591531,0.9625218116986571,0.005196874288748957,0.03228131401259388,137,794,57,87,25287,50,0.09491525423728814,0.6525423728813559
378350.742016,14352.125863591531,0.9625218116986571,0.005196874288748957,0.03228131401259388,137,794,57,87,25287,50,0.09491525423728814,0.6635593220338982
382888.20128000004,14524.247070783706,0.9625218116986571,0.005765875123283514,0.03171231317805933,152,784,52,87,25287,60,0.09491525423728814,0.6745762711864406
382888.20128000004,14524.247070783706,0.9625218116986571,0.005765875123283514,0.03171231317805933,152,784,52,87,25287,60,0.09491525423728814,0.685593220338983
383832.267392,14560.058697822624,0.9625218116986571,0.006372809346787042,0.0311053789545558,168,773,47,87,25287,71,0.09491525423728814,0.6966101694915253
383832.267392,14560.058697822624,0.9625218116986571,0.006372809346787042,0.0311053789545558,168,773,47,87,25287,71,0.09491525423728814,0.7076271186440677
383832.267392,14560.058697822624,0.9625218116986571,0.006372809346787042,0.0311053789545558,168,773,47,87,25287,71,0.09491525423728814,0.7186440677966102
383832.267392,14560.058697822624,0.9625218116986571,0.006372809346787042,0.0311053789545558,168,773,47,87,25287,71,0.09491525423728814,0.7296610169491524
383832.267392,14560.058697822624,0.9625218116986571,0.006372809346787042,0.0311053789545558,168,773,47,87,25287,71,0.09491525423728814,0.7406779661016949
384246.5105280001,14575.772343828241,0.9625218116986571,0.006524542902662924,0.030953645398679917,172,770,46,87,25287,74,0.09491525423728814,0.7516949152542372
396083.07039999997,15024.77317350732,0.9625218116986571,0.00777634473863895,0.029701843562703893,205,745,38,87,25287,99,0.09491525423728814,0.7627118644067796
396083.07039999997,15024.77317350732,0.9625218116986571,0.00777634473863895,0.029701843562703893,205,745,38,87,25287,99,0.09491525423728814,0.7737288135593219
396083.07039999997,15024.77317350732,0.9625218116986571,0.00777634473863895,0.029701843562703893,205,745,38,87,25287,99,0.09491525423728814,0.7847457627118644
405791.82588799996,15393.059171838251,0.9625218116986571,0.008307412184204537,0.029170776117138305,219,734,35,87,25287,110,0.09491525423728814,0.7957627118644066
410009.484704,15553.049264243988,0.9625218116986571,0.009066079963583946,0.028412108337758896,239,718,31,87,25287,126,0.09491525423728814,0.8067796610169491
410009.484704,15553.049264243988,0.9625218116986571,0.009066079963583946,0.028412108337758896,239,718,31,87,25287,126,0.09491525423728814,0.8177966101694913
410009.484704,15553.049264243988,0.9625218116986571,0.009066079963583946,0.028412108337758896,239,718,31,87,25287,126,0.09491525423728814,0.8288135593220338
412131.20348799997,15633.53324816023,0.9625218116986571,0.00929368029739777,0.028184508003945074,245,713,30,87,25287,131,0.09491525423728814,0.8398305084745761
415241.07289599994,15751.501134056594,0.9625218116986571,0.009786814353994385,0.027691373947348455,258,702,28,87,25287,142,0.09491525423728814,0.8508474576271186
415241.07289599994,15751.501134056594,0.9625218116986571,0.009786814353994385,0.027691373947348455,258,702,28,87,25287,142,0.09491525423728814,0.8618644067796608
415241.07289599994,15751.501134056594,0.9625218116986571,0.009786814353994385,0.027691373947348455,258,702,28,87,25287,142,0.09491525423728814,0.8728813559322033
474865.9956479999,18013.27652105303,0.9625218116986571,0.013580153250891435,0.02389803505045141,358,614,16,87,25287,230,0.09491525423728814,0.8838983050847455
474865.9956479999,18013.27652105303,0.9625218116986571,0.013580153250891435,0.02389803505045141,358,614,16,87,25287,230,0.09491525423728814,0.894915254237288
474865.9956479999,18013.27652105303,0.9625218116986571,0.013580153250891435,0.02389803505045141,358,614,16,87,25287,230,0.09491525423728814,0.9059322033898305
474865.9956479999,18013.27652105303,0.9625218116986571,0.013580153250891435,0.02389803505045141,358,614,16,87,25287,230,0.09491525423728814,0.9169491525423727
474865.9956479999,18013.27652105303,0.9625218116986571,0.013580153250891435,0.02389803505045141,358,614,16,87,25287,230,0.09491525423728814,0.9279661016949152
474865.9956479999,18013.27652105303,0.9625218116986571,0.013580153250891435,0.02389803505045141,358,614,16,87,25287,230,0.09491525423728814,0.9389830508474575
474865.9956479999,18013.27652105303,0.9625218116986571,0.013580153250891435,0.02389803505045141,358,614,16,87,25287,230,0.09491525423728814,0.95
390520.867904,14813.779982702375,0.9625218116986571,0.0009104013352552917,0.03656778696608755,24,839,125,87,25287,5,0.10501694915254237,0.3
390235.48720000003,14802.954525453306,0.9625218116986571,0.0014035353918519082,0.03607465290949093,37,835,116,87,25287,9,0.10501694915254237,0.31101694915254235
390235.48720000003,14802.954525453306,0.9625218116986571,0.0014035353918519082,0.03607465290949093,37,835,116,87,25287,9,0.10501694915254237,0.3220338983050847
390235.48720000003,14802.954525453306,0.9625218116986571,0.0014035353918519082,0.03607465290949093,37,835,116,87,25287,9,0.10501694915254237,0.3330508474576271
389677.31593599997,14781.781197784689,0.9625218116986571,0.002086336393293377,0.035391851908049464,55,829,104,87,25287,15,0.10501694915254237,0.34406779661016945
389677.31593599997,14781.781197784689,0.9625218116986571,0.002086336393293377,0.035391851908049464,55,829,104,87,25287,15,0.10501694915254237,0.3550847457627119
374969.49475199997,14223.863695925953,0.9625218116986571,0.004400273120400576,0.03307791518094227,116,807,65,87,25287,37,0.10501694915254237,0.36610169491525424
374969.49475199997,14223.863695925953,0.9625218116986571,0.004400273120400576,0.03307791518094227,116,807,65,87,25287,37,0.10501694915254237,0.3771186440677966
374969.49475199997,14223.863695925953,0.9625218116986571,0.004400273120400576,0.03307791518094227,116,807,65,87,25287,37,0.10501694915254237,0.38813559322033897
374969.49475199997,14223.863695925953,0.9625218116986571,0.004400273120400576,0.03307791518094227,116,807,65,87,25287,37,0.10501694915254237,0.39915254237288134
374969.49475199997,14223.863695925953,0.9625218116986571,0.004400273120400576,0.03307791518094227,116,807,65,87,25287,37,0.10501694915254237,0.4101694915254237
374969.49475199997,14223.863695925953,0.9625218116986571,0.004400273120400576,0.03307791518094227,116,807,65,87,25287,37,0.10501694915254237,0.42118644067796607
374969.49475199997,14223.863695925953,0.9625218116986571,0.004400273120400576,0.03307791518094227,116,807,65,87,25287,37,0.10501694915254237,0.43220338983050843
374969.49475199997,14223.863695925953,0.9625218116986571,0.004400273120400576,0.03307791518094227,116,807,65,87,25287,37,0.10501694915254237,0.4432203389830508
374969.49475199997,14223.863695925953,0.9625218116986571,0.004400273120400576,0.03307791518094227,116,807,65,87,25287,37,0.10501694915254237,0.45423728813559316
374969.49475199997,14223.863695925953,0.9625218116986571,0.004400273120400576,0.03307791518094227,116,807,65,87,25287,37,0.10501694915254237,0.46525423728813553
374969.49475199997,14223.863695925953,0.9625218116986571,0.004400273120400576,0.03307791518094227,116,807,65,87,25287,37,0.10501694915254237,0.4762711864406779
374969.49475199997,14223.863695925953,0.9625218116986571,0.004400273120400576,0.03307791518094227,116,807,65,87,25287,37,0.10501694915254237,0.48728813559322026
374969.49475199997,14223.863695925953,0.9625218116986571,0.004400273120400576,0.03307791518094227,116,807,65,87,25287,37,0.10501694915254237,0.4983050847457626
374186.84025599994,14194.17495850087,0.9625218116986571,0.004552006676276458,0.032926181625066386,120,805,63,87,25287,39,0.10501694915254237,0.5093220338983051
374186.84025599994,14194.17495850087,0.9625218116986571,0.004552006676276458,0.032926181625066386,120,805,63,87,25287,39,0.10501694915254237,0.5203389830508474
374186.84025599994,14194.17495850087,0.9625218116986571,0.004552006676276458,0.032926181625066386,120,805,63,87,25287,39,0.10501694915254237,0.5313559322033898
374186.84025599994,14194.17495850087,0.9625218116986571,0.004552006676276458,0.032926181625066386,120,805,63,87,25287,39,0.10501694915254237,0.5423728813559321
374186.84025599994,14194.17495850087,0.9625218116986571,0.004552006676276458,0.032926181625066386,120,805,63,87,25287,39,0.10501694915254237,0.5533898305084746
374186.84025599994,14194.17495850087,0.9625218116986571,0.004552006676276458,0.032926181625066386,120,805,63,87,25287,39,0.10501694915254237,0.5644067796610168
374186.84025599994,14194.17495850087,0.9625218116986571,0.004552006676276458,0.032926181625066386,120,805,63,87,25287,39,0.10501694915254237,0.5754237288135593
374186.84025599994,14194.17495850087,0.9625218116986571,0.004552006676276458,0.032926181625066386,120,805,63,87,25287,39,0.10501694915254237,0.5864406779661016
374186.84025599994,14194.17495850087,0.9625218116986571,0.004552006676276458,0.032926181625066386,120,805,63,87,25287,39,0.10501694915254237,0.597457627118644
374186.84025599994,14194.17495850087,0.9625218116986571,0.004552006676276458,0.032926181625066386,120,805,63,87,25287,39,0.10501694915254237,0.6084745762711864
374186.84025599994,14194.17495850087,0.9625218116986571,0.004552006676276458,0.032926181625066386,120,805,63,87,25287,39,0.10501694915254237,0.6194915254237288
374186.84025599994,14194.17495850087,0.9625218116986571,0.004552006676276458,0.032926181625066386,120,805,63,87,25287,39,0.10501694915254237,0.6305084745762711
374186.84025599994,14194.17495850087,0.9625218116986571,0.004552006676276458,0.032926181625066386,120,805,63,87,25287,39,0.10501694915254237,0.6415254237288135
378350.742016,14352.125863591531,0.9625218116986571,0.005196874288748957,0.03228131401259388,137,794,57,87,25287,50,0.10501694915254237,0.6525423728813559
378350.742016,14352.125863591531,0.9625218116986571,0.005196874288748957,0.03228131401259388,137,794,57,87,25287,50,0.10501694915254237,0.6635593220338982
382888.20128000004,14524.247070783706,0.9625218116986571,0.005765875123283514,0.03171231317805933,152,784,52,87,25287,60,0.10501694915254237,0.6745762711864406
382888.20128000004,14524.247070783706,0.9625218116986571,0.005765875123283514,0.03171231317805933,152,784,52,87,25287,60,0.10501694915254237,0.685593220338983
383832.267392,14560.058697822624,0.9625218116986571,0.006372809346787042,0.0311053789545558,168,773,47,87,25287,71,0.10501694915254237,0.6966101694915253
383832.267392,14560.058697822624,0.9625218116986571,0.006372809346787042,0.0311053789545558,168,773,47,87,25287,71,0.10501694915254237,0.7076271186440677
383832.267392,14560.058697822624,0.9625218116986571,0.006372809346787042,0.0311053789545558,168,773,47,87,25287,71,0.10501694915254237,0.7186440677966102
383832.267392,14560.058697822624,0.9625218116986571,0.006372809346787042,0.0311053789545558,168,773,47,87,25287,71,0.10501694915254237,0.7296610169491524
383832.267392,14560.058697822624,0.9625218116986571,0.006372809346787042,0.0311053789545558,168,773,47,87,25287,71,0.10501694915254237,0.7406779661016949
384246.5105280001,14575.772343828241,0.9625218116986571,0.006524542902662924,0.030953645398679917,172,770,46,87,25287,74,0.10501694915254237,0.7516949152542372
396083.07039999997,15024.77317350732,0.9625218116986571,0.00777634473863895,0.029701843562703893,205,745,38,87,25287,99,0.10501694915254237,0.7627118644067796
396083.07039999997,15024.77317350732,0.9625218116986571,0.00777634473863895,0.029701843562703893,205,745,38,87,25287,99,0.10501694915254237,0.7737288135593219
396083.07039999997,15024.77317350732,0.9625218116986571,0.00777634473863895,0.029701843562703893,205,745,38,87,25287,99,0.10501694915254237,0.7847457627118644
405791.82588799996,15393.059171838251,0.9625218116986571,0.008307412184204537,0.029170776117138305,219,734,35,87,25287,110,0.10501694915254237,0.7957627118644066
410009.484704,15553.049264243988,0.9625218116986571,0.009066079963583946,0.028412108337758896,239,718,31,87,25287,126,0.10501694915254237,0.8067796610169491
410009.484704,15553.049264243988,0.9625218116986571,0.009066079963583946,0.028412108337758896,239,718,31,87,25287,126,0.10501694915254237,0.8177966101694913
410009.484704,15553.049264243988,0.9625218116986571,0.009066079963583946,0.028412108337758896,239,718,31,87,25287,126,0.10501694915254237,0.8288135593220338
412131.20348799997,15633.53324816023,0.9625218116986571,0.00929368029739777,0.028184508003945074,245,713,30,87,25287,131,0.10501694915254237,0.8398305084745761
415241.07289599994,15751.501134056594,0.9625218116986571,0.009786814353994385,0.027691373947348455,258,702,28,87,25287,142,0.10501694915254237,0.8508474576271186
415241.07289599994,15751.501134056594,0.9625218116986571,0.009786814353994385,0.027691373947348455,258,702,28,87,25287,142,0.10501694915254237,0.8618644067796608
415241.07289599994,15751.501134056594,0.9625218116986571,0.009786814353994385,0.027691373947348455,258,702,28,87,25287,142,0.10501694915254237,0.8728813559322033
474865.9956479999,18013.27652105303,0.9625218116986571,0.013580153250891435,0.02389803505045141,358,614,16,87,25287,230,0.10501694915254237,0.8838983050847455
474865.9956479999,18013.27652105303,0.9625218116986571,0.013580153250891435,0.02389803505045141,358,614,16,87,25287,230,0.10501694915254237,0.894915254237288
474865.9956479999,18013.27652105303,0.9625218116986571,0.013580153250891435,0.02389803505045141,358,614,16,87,25287,230,0.10501694915254237,0.9059322033898305
474865.9956479999,18013.27652105303,0.9625218116986571,0.013580153250891435,0.02389803505045141,358,614,16,87,25287,230,0.10501694915254237,0.9169491525423727
474865.9956479999,18013.27652105303,0.9625218116986571,0.013580153250891435,0.02389803505045141,358,614,16,87,25287,230,0.10501694915254237,0.9279661016949152
474865.9956479999,18013.27652105303,0.9625218116986571,0.013580153250891435,0.02389803505045141,358,614,16,87,25287,230,0.10501694915254237,0.9389830508474575
474865.9956479999,18013.27652105303,0.9625218116986571,0.013580153250891435,0.02389803505045141,358,614,16,87,25287,230,0.10501694915254237,0.95
390520.867904,14813.779982702375,0.9625218116986571,0.0009104013352552917,0.03656778696608755,24,839,125,87,25287,5,0.11511864406779661,0.3
390235.48720000003,14802.954525453306,0.9625218116986571,0.0014035353918519082,0.03607465290949093,37,835,116,87,25287,9,0.11511864406779661,0.31101694915254235
390235.48720000003,14802.954525453306,0.9625218116986571,0.0014035353918519082,0.03607465290949093,37,835,116,87,25287,9,0.11511864406779661,0.3220338983050847
390235.48720000003,14802.954525453306,0.9625218116986571,0.0014035353918519082,0.03607465290949093,37,835,116,87,25287,9,0.11511864406779661,0.3330508474576271
389677.31593599997,14781.781197784689,0.9625218116986571,0.002086336393293377,0.035391851908049464,55,829,104,87,25287,15,0.11511864406779661,0.34406779661016945
389677.31593599997,14781.781197784689,0.9625218116986571,0.002086336393293377,0.035391851908049464,55,829,104,87,25287,15,0.11511864406779661,0.3550847457627119
374969.49475199997,14223.863695925953,0.9625218116986571,0.004400273120400576,0.03307791518094227,116,807,65,87,25287,37,0.11511864406779661,0.36610169491525424
374969.49475199997,14223.863695925953,0.9625218116986571,0.004400273120400576,0.03307791518094227,116,807,65,87,25287,37,0.11511864406779661,0.3771186440677966
374969.49475199997,14223.863695925953,0.9625218116986571,0.004400273120400576,0.03307791518094227,116,807,65,87,25287,37,0.11511864406779661,0.38813559322033897
374969.49475199997,14223.863695925953,0.9625218116986571,0.004400273120400576,0.03307791518094227,116,807,65,87,25287,37,0.11511864406779661,0.39915254237288134
374969.49475199997,14223.863695925953,0.9625218116986571,0.004400273120400576,0.03307791518094227,116,807,65,87,25287,37,0.11511864406779661,0.4101694915254237
374969.49475199997,14223.863695925953,0.9625218116986571,0.004400273120400576,0.03307791518094227,116,807,65,87,25287,37,0.11511864406779661,0.42118644067796607
374969.49475199997,14223.863695925953,0.9625218116986571,0.004400273120400576,0.03307791518094227,116,807,65,87,25287,37,0.11511864406779661,0.43220338983050843
374969.49475199997,14223.863695925953,0.9625218116986571,0.004400273120400576,0.03307791518094227,116,807,65,87,25287,37,0.11511864406779661,0.4432203389830508
374969.49475199997,14223.863695925953,0.9625218116986571,0.004400273120400576,0.03307791518094227,116,807,65,87,25287,37,0.11511864406779661,0.45423728813559316
374969.49475199997,14223.863695925953,0.9625218116986571,0.004400273120400576,0.03307791518094227,116,807,65,87,25287,37,0.11511864406779661,0.46525423728813553
374969.49475199997,14223.863695925953,0.9625218116986571,0.004400273120400576,0.03307791518094227,116,807,65,87,25287,37,0.11511864406779661,0.4762711864406779
374969.49475199997,14223.863695925953,0.9625218116986571,0.004400273120400576,0.03307791518094227,116,807,65,87,25287,37,0.11511864406779661,0.48728813559322026
374969.49475199997,14223.863695925953,0.9625218116986571,0.004400273120400576,0.03307791518094227,116,807,65,87,25287,37,0.11511864406779661,0.4983050847457626
374186.84025599994,14194.17495850087,0.9625218116986571,0.004552006676276458,0.032926181625066386,120,805,63,87,25287,39,0.11511864406779661,0.5093220338983051
374186.84025599994,14194.17495850087,0.9625218116986571,0.004552006676276458,0.032926181625066386,120,805,63,87,25287,39,0.11511864406779661,0.5203389830508474
374186.84025599994,14194.17495850087,0.9625218116986571,0.004552006676276458,0.032926181625066386,120,805,63,87,25287,39,0.11511864406779661,0.5313559322033898
374186.84025599994,14194.17495850087,0.9625218116986571,0.004552006676276458,0.032926181625066386,120,805,63,87,25287,39,0.11511864406779661,0.5423728813559321
374186.84025599994,14194.17495850087,0.9625218116986571,0.004552006676276458,0.032926181625066386,120,805,63,87,25287,39,0.11511864406779661,0.5533898305084746
374186.84025599994,14194.17495850087,0.9625218116986571,0.004552006676276458,0.032926181625066386,120,805,63,87,25287,39,0.11511864406779661,0.5644067796610168
374186.84025599994,14194.17495850087,0.9625218116986571,0.004552006676276458,0.032926181625066386,120,805,63,87,25287,39,0.11511864406779661,0.5754237288135593
374186.84025599994,14194.17495850087,0.9625218116986571,0.004552006676276458,0.032926181625066386,120,805,63,87,25287,39,0.11511864406779661,0.5864406779661016
374186.84025599994,14194.17495850087,0.9625218116986571,0.004552006676276458,0.032926181625066386,120,805,63,87,25287,39,0.11511864406779661,0.597457627118644
374186.84025599994,14194.17495850087,0.9625218116986571,0.004552006676276458,0.032926181625066386,120,805,63,87,25287,39,0.11511864406779661,0.6084745762711864
374186.84025599994,14194.17495850087,0.9625218116986571,0.004552006676276458,0.032926181625066386,120,805,63,87,25287,39,0.11511864406779661,0.6194915254237288
374186.84025599994,14194.17495850087,0.9625218116986571,0.004552006676276458,0.032926181625066386,120,805,63,87,25287,39,0.11511864406779661,0.6305084745762711
374186.84025599994,14194.17495850087,0.9625218116986571,0.004552006676276458,0.032926181625066386,120,805,63,87,25287,39,0.11511864406779661,0.6415254237288135
378350.742016,14352.125863591531,0.9625218116986571,0.005196874288748957,0.03228131401259388,137,794,57,87,25287,50,0.11511864406779661,0.6525423728813559
378350.742016,14352.125863591531,0.9625218116986571,0.005196874288748957,0.03228131401259388,137,794,57,87,25287,50,0.11511864406779661,0.6635593220338982
382888.20128000004,14524.247070783706,0.9625218116986571,0.005765875123283514,0.03171231317805933,152,784,52,87,25287,60,0.11511864406779661,0.6745762711864406
382888.20128000004,14524.247070783706,0.9625218116986571,0.005765875123283514,0.03171231317805933,152,784,52,87,25287,60,0.11511864406779661,0.685593220338983
383832.267392,14560.058697822624,0.9625218116986571,0.006372809346787042,0.0311053789545558,168,773,47,87,25287,71,0.11511864406779661,0.6966101694915253
383832.267392,14560.058697822624,0.9625218116986571,0.006372809346787042,0.0311053789545558,168,773,47,87,25287,71,0.11511864406779661,0.7076271186440677
383832.267392,14560.058697822624,0.9625218116986571,0.006372809346787042,0.0311053789545558,168,773,47,87,25287,71,0.11511864406779661,0.7186440677966102
383832.267392,14560.058697822624,0.9625218116986571,0.006372809346787042,0.0311053789545558,168,773,47,87,25287,71,0.11511864406779661,0.7296610169491524
383832.267392,14560.058697822624,0.9625218116986571,0.006372809346787042,0.0311053789545558,168,773,47,87,25287,71,0.11511864406779661,0.7406779661016949
384246.5105280001,14575.772343828241,0.9625218116986571,0.006524542902662924,0.030953645398679917,172,770,46,87,25287,74,0.11511864406779661,0.7516949152542372
396083.07039999997,15024.77317350732,0.9625218116986571,0.00777634473863895,0.029701843562703893,205,745,38,87,25287,99,0.11511864406779661,0.7627118644067796
396083.07039999997,15024.77317350732,0.9625218116986571,0.00777634473863895,0.029701843562703893,205,745,38,87,25287,99,0.11511864406779661,0.7737288135593219
396083.07039999997,15024.77317350732,0.9625218116986571,0.00777634473863895,0.029701843562703893,205,745,38,87,25287,99,0.11511864406779661,0.7847457627118644
405791.82588799996,15393.059171838251,0.9625218116986571,0.008307412184204537,0.029170776117138305,219,734,35,87,25287,110,0.11511864406779661,0.7957627118644066
410009.484704,15553.049264243988,0.9625218116986571,0.009066079963583946,0.028412108337758896,239,718,31,87,25287,126,0.11511864406779661,0.8067796610169491
410009.484704,15553.049264243988,0.9625218116986571,0.009066079963583946,0.028412108337758896,239,718,31,87,25287,126,0.11511864406779661,0.8177966101694913
410009.484704,15553.049264243988,0.9625218116986571,0.009066079963583946,0.028412108337758896,239,718,31,87,25287,126,0.11511864406779661,0.8288135593220338
412131.20348799997,15633.53324816023,0.9625218116986571,0.00929368029739777,0.028184508003945074,245,713,30,87,25287,131,0.11511864406779661,0.8398305084745761
415241.07289599994,15751.501134056594,0.9625218116986571,0.009786814353994385,0.027691373947348455,258,702,28,87,25287,142,0.11511864406779661,0.8508474576271186
415241.07289599994,15751.501134056594,0.9625218116986571,0.009786814353994385,0.027691373947348455,258,702,28,87,25287,142,0.11511864406779661,0.8618644067796608
415241.07289599994,15751.501134056594,0.9625218116986571,0.009786814353994385,0.027691373947348455,258,702,28,87,25287,142,0.11511864406779661,0.8728813559322033
474865.9956479999,18013.27652105303,0.9625218116986571,0.013580153250891435,0.02389803505045141,358,614,16,87,25287,230,0.11511864406779661,0.8838983050847455
474865.9956479999,18013.27652105303,0.9625218116986571,0.013580153250891435,0.02389803505045141,358,614,16,87,25287,230,0.11511864406779661,0.894915254237288
474865.9956479999,18013.27652105303,0.9625218116986571,0.013580153250891435,0.02389803505045141,358,614,16,87,25287,230,0.11511864406779661,0.9059322033898305
474865.9956479999,18013.27652105303,0.9625218116986571,0.013580153250891435,0.02389803505045141,358,614,16,87,25287,230,0.11511864406779661,0.9169491525423727
474865.9956479999,18013.27652105303,0.9625218116986571,0.013580153250891435,0.02389803505045141,358,614,16,87,25287,230,0.11511864406779661,0.9279661016949152
474865.9956479999,18013.27652105303,0.9625218116986571,0.013580153250891435,0.02389803505045141,358,614,16,87,25287,230,0.11511864406779661,0.9389830508474575
474865.9956479999,18013.27652105303,0.9625218116986571,0.013580153250891435,0.02389803505045141,358,614,16,87,25287,230,0.11511864406779661,0.95
390520.867904,14813.779982702375,0.9625218116986571,0.0009104013352552917,0.03656778696608755,24,839,125,87,25287,5,0.12522033898305085,0.3
390235.48720000003,14802.954525453306,0.9625218116986571,0.0014035353918519082,0.03607465290949093,37,835,116,87,25287,9,0.12522033898305085,0.31101694915254235
390235.48720000003,14802.954525453306,0.9625218116986571,0.0014035353918519082,0.03607465290949093,37,835,116,87,25287,9,0.12522033898305085,0.3220338983050847
390235.48720000003,14802.954525453306,0.9625218116986571,0.0014035353918519082,0.03607465290949093,37,835,116,87,25287,9,0.12522033898305085,0.3330508474576271
389677.31593599997,14781.781197784689,0.9625218116986571,0.002086336393293377,0.035391851908049464,55,829,104,87,25287,15,0.12522033898305085,0.34406779661016945
389677.31593599997,14781.781197784689,0.9625218116986571,0.002086336393293377,0.035391851908049464,55,829,104,87,25287,15,0.12522033898305085,0.3550847457627119
374969.49475199997,14223.863695925953,0.9625218116986571,0.004400273120400576,0.03307791518094227,116,807,65,87,25287,37,0.12522033898305085,0.36610169491525424
374969.49475199997,14223.863695925953,0.9625218116986571,0.004400273120400576,0.03307791518094227,116,807,65,87,25287,37,0.12522033898305085,0.3771186440677966
374969.49475199997,14223.863695925953,0.9625218116986571,0.004400273120400576,0.03307791518094227,116,807,65,87,25287,37,0.12522033898305085,0.38813559322033897
374969.49475199997,14223.863695925953,0.9625218116986571,0.004400273120400576,0.03307791518094227,116,807,65,87,25287,37,0.12522033898305085,0.39915254237288134
374969.49475199997,14223.863695925953,0.9625218116986571,0.004400273120400576,0.03307791518094227,116,807,65,87,25287,37,0.12522033898305085,0.4101694915254237
374969.49475199997,14223.863695925953,0.9625218116986571,0.004400273120400576,0.03307791518094227,116,807,65,87,25287,37,0.12522033898305085,0.42118644067796607
374969.49475199997,14223.863695925953,0.9625218116986571,0.004400273120400576,0.03307791518094227,116,807,65,87,25287,37,0.12522033898305085,0.43220338983050843
374969.49475199997,14223.863695925953,0.9625218116986571,0.004400273120400576,0.03307791518094227,116,807,65,87,25287,37,0.12522033898305085,0.4432203389830508
374969.49475199997,14223.863695925953,0.9625218116986571,0.004400273120400576,0.03307791518094227,116,807,65,87,25287,37,0.12522033898305085,0.45423728813559316
374969.49475199997,14223.863695925953,0.9625218116986571,0.004400273120400576,0.03307791518094227,116,807,65,87,25287,37,0.12522033898305085,0.46525423728813553
374969.49475199997,14223.863695925953,0.9625218116986571,0.004400273120400576,0.03307791518094227,116,807,65,87,25287,37,0.12522033898305085,0.4762711864406779
374969.49475199997,14223.863695925953,0.9625218116986571,0.004400273120400576,0.03307791518094227,116,807,65,87,25287,37,0.12522033898305085,0.48728813559322026
374969.49475199997,14223.863695925953,0.9625218116986571,0.004400273120400576,0.03307791518094227,116,807,65,87,25287,37,0.12522033898305085,0.4983050847457626
374186.84025599994,14194.17495850087,0.9625218116986571,0.004552006676276458,0.032926181625066386,120,805,63,87,25287,39,0.12522033898305085,0.5093220338983051
374186.84025599994,14194.17495850087,0.9625218116986571,0.004552006676276458,0.032926181625066386,120,805,63,87,25287,39,0.12522033898305085,0.5203389830508474
374186.84025599994,14194.17495850087,0.9625218116986571,0.004552006676276458,0.032926181625066386,120,805,63,87,25287,39,0.12522033898305085,0.5313559322033898
374186.84025599994,14194.17495850087,0.9625218116986571,0.004552006676276458,0.032926181625066386,120,805,63,87,25287,39,0.12522033898305085,0.5423728813559321
374186.84025599994,14194.17495850087,0.9625218116986571,0.004552006676276458,0.032926181625066386,120,805,63,87,25287,39,0.12522033898305085,0.5533898305084746
374186.84025599994,14194.17495850087,0.9625218116986571,0.004552006676276458,0.032926181625066386,120,805,63,87,25287,39,0.12522033898305085,0.5644067796610168
374186.84025599994,14194.17495850087,0.9625218116986571,0.004552006676276458,0.032926181625066386,120,805,63,87,25287,39,0.12522033898305085,0.5754237288135593
374186.84025599994,14194.17495850087,0.9625218116986571,0.004552006676276458,0.032926181625066386,120,805,63,87,25287,39,0.12522033898305085,0.5864406779661016
374186.84025599994,14194.17495850087,0.9625218116986571,0.004552006676276458,0.032926181625066386,120,805,63,87,25287,39,0.12522033898305085,0.597457627118644
374186.84025599994,14194.17495850087,0.9625218116986571,0.004552006676276458,0.032926181625066386,120,805,63,87,25287,39,0.12522033898305085,0.6084745762711864
374186.84025599994,14194.17495850087,0.9625218116986571,0.004552006676276458,0.032926181625066386,120,805,63,87,25287,39,0.12522033898305085,0.6194915254237288
374186.84025599994,14194.17495850087,0.9625218116986571,0.004552006676276458,0.032926181625066386,120,805,63,87,25287,39,0.12522033898305085,0.6305084745762711
374186.84025599994,14194.17495850087,0.9625218116986571,0.004552006676276458,0.032926181625066386,120,805,63,87,25287,39,0.12522033898305085,0.6415254237288135
378350.742016,14352.125863591531,0.9625218116986571,0.005196874288748957,0.03228131401259388,137,794,57,87,25287,50,0.12522033898305085,0.6525423728813559
378350.742016,14352.125863591531,0.9625218116986571,0.005196874288748957,0.03228131401259388,137,794,57,87,25287,50,0.12522033898305085,0.6635593220338982
382888.20128000004,14524.247070783706,0.9625218116986571,0.005765875123283514,0.03171231317805933,152,784,52,87,25287,60,0.12522033898305085,0.6745762711864406
382888.20128000004,14524.247070783706,0.9625218116986571,0.005765875123283514,0.03171231317805933,152,784,52,87,25287,60,0.12522033898305085,0.685593220338983
383832.267392,14560.058697822624,0.9625218116986571,0.006372809346787042,0.0311053789545558,168,773,47,87,25287,71,0.12522033898305085,0.6966101694915253
383832.267392,14560.058697822624,0.9625218116986571,0.006372809346787042,0.0311053789545558,168,773,47,87,25287,71,0.12522033898305085,0.7076271186440677
383832.267392,14560.058697822624,0.9625218116986571,0.006372809346787042,0.0311053789545558,168,773,47,87,25287,71,0.12522033898305085,0.7186440677966102
383832.267392,14560.058697822624,0.9625218116986571,0.006372809346787042,0.0311053789545558,168,773,47,87,25287,71,0.12522033898305085,0.7296610169491524
383832.267392,14560.058697822624,0.9625218116986571,0.006372809346787042,0.0311053789545558,168,773,47,87,25287,71,0.12522033898305085,0.7406779661016949
384246.5105280001,14575.772343828241,0.9625218116986571,0.006524542902662924,0.030953645398679917,172,770,46,87,25287,74,0.12522033898305085,0.7516949152542372
396083.07039999997,15024.77317350732,0.9625218116986571,0.00777634473863895,0.029701843562703893,205,745,38,87,25287,99,0.12522033898305085,0.7627118644067796
396083.07039999997,15024.77317350732,0.9625218116986571,0.00777634473863895,0.029701843562703893,205,745,38,87,25287,99,0.12522033898305085,0.7737288135593219
396083.07039999997,15024.77317350732,0.9625218116986571,0.00777634473863895,0.029701843562703893,205,745,38,87,25287,99,0.12522033898305085,0.7847457627118644
405791.82588799996,15393.059171838251,0.9625218116986571,0.008307412184204537,0.029170776117138305,219,734,35,87,25287,110,0.12522033898305085,0.7957627118644066
410009.484704,15553.049264243988,0.9625218116986571,0.009066079963583946,0.028412108337758896,239,718,31,87,25287,126,0.12522033898305085,0.8067796610169491
410009.484704,15553.049264243988,0.9625218116986571,0.009066079963583946,0.028412108337758896,239,718,31,87,25287,126,0.12522033898305085,0.8177966101694913
410009.484704,15553.049264243988,0.9625218116986571,0.009066079963583946,0.028412108337758896,239,718,31,87,25287,126,0.12522033898305085,0.8288135593220338
412131.20348799997,15633.53324816023,0.9625218116986571,0.00929368029739777,0.028184508003945074,245,713,30,87,25287,131,0.12522033898305085,0.8398305084745761
415241.07289599994,15751.501134056594,0.9625218116986571,0.009786814353994385,0.027691373947348455,258,702,28,87,25287,142,0.12522033898305085,0.8508474576271186
415241.07289599994,15751.501134056594,0.9625218116986571,0.009786814353994385,0.027691373947348455,258,702,28,87,25287,142,0.12522033898305085,0.8618644067796608
415241.07289599994,15751.501134056594,0.9625218116986571,0.009786814353994385,0.027691373947348455,258,702,28,87,25287,142,0.12522033898305085,0.8728813559322033
474865.9956479999,18013.27652105303,0.9625218116986571,0.013580153250891435,0.02389803505045141,358,614,16,87,25287,230,0.12522033898305085,0.8838983050847455
474865.9956479999,18013.27652105303,0.9625218116986571,0.013580153250891435,0.02389803505045141,358,614,16,87,25287,230,0.12522033898305085,0.894915254237288
474865.9956479999,18013.27652105303,0.9625218116986571,0.013580153250891435,0.02389803505045141,358,614,16,87,25287,230,0.12522033898305085,0.9059322033898305
474865.9956479999,18013.27652105303,0.9625218116986571,0.013580153250891435,0.02389803505045141,358,614,16,87,25287,230,0.12522033898305085,0.9169491525423727
474865.9956479999,18013.27652105303,0.9625218116986571,0.013580153250891435,0.02389803505045141,358,614,16,87,25287,230,0.12522033898305085,0.9279661016949152
474865.9956479999,18013.27652105303,0.9625218116986571,0.013580153250891435,0.02389803505045141,358,614,16,87,25287,230,0.12522033898305085,0.9389830508474575
474865.9956479999,18013.27652105303,0.9625218116986571,0.013580153250891435,0.02389803505045141,358,614,16,87,25287,230,0.12522033898305085,0.95
390520.867904,14813.779982702375,0.9625218116986571,0.0009104013352552917,0.03656778696608755,24,839,125,87,25287,5,0.13532203389830508,0.3
390235.48720000003,14802.954525453306,0.9625218116986571,0.0014035353918519082,0.03607465290949093,37,835,116,87,25287,9,0.13532203389830508,0.31101694915254235
390235.48720000003,14802.954525453306,0.9625218116986571,0.0014035353918519082,0.03607465290949093,37,835,116,87,25287,9,0.13532203389830508,0.3220338983050847
390235.48720000003,14802.954525453306,0.9625218116986571,0.0014035353918519082,0.03607465290949093,37,835,116,87,25287,9,0.13532203389830508,0.3330508474576271
389677.31593599997,14781.781197784689,0.9625218116986571,0.002086336393293377,0.035391851908049464,55,829,104,87,25287,15,0.13532203389830508,0.34406779661016945
389677.31593599997,14781.781197784689,0.9625218116986571,0.002086336393293377,0.035391851908049464,55,829,104,87,25287,15,0.13532203389830508,0.3550847457627119
374969.49475199997,14223.863695925953,0.9625218116986571,0.004400273120400576,0.03307791518094227,116,807,65,87,25287,37,0.13532203389830508,0.36610169491525424
374969.49475199997,14223.863695925953,0.9625218116986571,0.004400273120400576,0.03307791518094227,116,807,65,87,25287,37,0.13532203389830508,0.3771186440677966
374969.49475199997,14223.863695925953,0.9625218116986571,0.004400273120400576,0.03307791518094227,116,807,65,87,25287,37,0.13532203389830508,0.38813559322033897
374969.49475199997,14223.863695925953,0.9625218116986571,0.004400273120400576,0.03307791518094227,116,807,65,87,25287,37,0.13532203389830508,0.39915254237288134
374969.49475199997,14223.863695925953,0.9625218116986571,0.004400273120400576,0.03307791518094227,116,807,65,87,25287,37,0.13532203389830508,0.4101694915254237
374969.49475199997,14223.863695925953,0.9625218116986571,0.004400273120400576,0.03307791518094227,116,807,65,87,25287,37,0.13532203389830508,0.42118644067796607
374969.49475199997,14223.863695925953,0.9625218116986571,0.004400273120400576,0.03307791518094227,116,807,65,87,25287,37,0.13532203389830508,0.43220338983050843
374969.49475199997,14223.863695925953,0.9625218116986571,0.004400273120400576,0.03307791518094227,116,807,65,87,25287,37,0.13532203389830508,0.4432203389830508
374969.49475199997,14223.863695925953,0.9625218116986571,0.004400273120400576,0.03307791518094227,116,807,65,87,25287,37,0.13532203389830508,0.45423728813559316
374969.49475199997,14223.863695925953,0.9625218116986571,0.004400273120400576,0.03307791518094227,116,807,65,87,25287,37,0.13532203389830508,0.46525423728813553
374969.49475199997,14223.863695925953,0.9625218116986571,0.004400273120400576,0.03307791518094227,116,807,65,87,25287,37,0.13532203389830508,0.4762711864406779
374969.49475199997,14223.863695925953,0.9625218116986571,0.004400273120400576,0.03307791518094227,116,807,65,87,25287,37,0.13532203389830508,0.48728813559322026
374969.49475199997,14223.863695925953,0.9625218116986571,0.004400273120400576,0.03307791518094227,116,807,65,87,25287,37,0.13532203389830508,0.4983050847457626
374186.84025599994,14194.17495850087,0.9625218116986571,0.004552006676276458,0.032926181625066386,120,805,63,87,25287,39,0.13532203389830508,0.5093220338983051
374186.84025599994,14194.17495850087,0.9625218116986571,0.004552006676276458,0.032926181625066386,120,805,63,87,25287,39,0.13532203389830508,0.5203389830508474
374186.84025599994,14194.17495850087,0.9625218116986571,0.004552006676276458,0.032926181625066386,120,805,63,87,25287,39,0.13532203389830508,0.5313559322033898
374186.84025599994,14194.17495850087,0.9625218116986571,0.004552006676276458,0.032926181625066386,120,805,63,87,25287,39,0.13532203389830508,0.5423728813559321
374186.84025599994,14194.17495850087,0.9625218116986571,0.004552006676276458,0.032926181625066386,120,805,63,87,25287,39,0.13532203389830508,0.5533898305084746
374186.84025599994,14194.17495850087,0.9625218116986571,0.004552006676276458,0.032926181625066386,120,805,63,87,25287,39,0.13532203389830508,0.5644067796610168
374186.84025599994,14194.17495850087,0.9625218116986571,0.004552006676276458,0.032926181625066386,120,805,63,87,25287,39,0.13532203389830508,0.5754237288135593
374186.84025599994,14194.17495850087,0.9625218116986571,0.004552006676276458,0.032926181625066386,120,805,63,87,25287,39,0.13532203389830508,0.5864406779661016
374186.84025599994,14194.17495850087,0.9625218116986571,0.004552006676276458,0.032926181625066386,120,805,63,87,25287,39,0.13532203389830508,0.597457627118644
374186.84025599994,14194.17495850087,0.9625218116986571,0.004552006676276458,0.032926181625066386,120,805,63,87,25287,39,0.13532203389830508,0.6084745762711864
374186.84025599994,14194.17495850087,0.9625218116986571,0.004552006676276458,0.032926181625066386,120,805,63,87,25287,39,0.13532203389830508,0.6194915254237288
374186.84025599994,14194.17495850087,0.9625218116986571,0.004552006676276458,0.032926181625066386,120,805,63,87,25287,39,0.13532203389830508,0.6305084745762711
374186.84025599994,14194.17495850087,0.9625218116986571,0.004552006676276458,0.032926181625066386,120,805,63,87,25287,39,0.13532203389830508,0.6415254237288135
378350.742016,14352.125863591531,0.9625218116986571,0.005196874288748957,0.03228131401259388,137,794,57,87,25287,50,0.13532203389830508,0.6525423728813559
378350.742016,14352.125863591531,0.9625218116986571,0.005196874288748957,0.03228131401259388,137,794,57,87,25287,50,0.13532203389830508,0.6635593220338982
382888.20128000004,14524.247070783706,0.9625218116986571,0.005765875123283514,0.03171231317805933,152,784,52,87,25287,60,0.13532203389830508,0.6745762711864406
382888.20128000004,14524.247070783706,0.9625218116986571,0.005765875123283514,0.03171231317805933,152,784,52,87,25287,60,0.13532203389830508,0.685593220338983
383832.267392,14560.058697822624,0.9625218116986571,0.006372809346787042,0.0311053789545558,168,773,47,87,25287,71,0.13532203389830508,0.6966101694915253
383832.267392,14560.058697822624,0.9625218116986571,0.006372809346787042,0.0311053789545558,168,773,47,87,25287,71,0.13532203389830508,0.7076271186440677
383832.267392,14560.058697822624,0.9625218116986571,0.006372809346787042,0.0311053789545558,168,773,47,87,25287,71,0.13532203389830508,0.7186440677966102
383832.267392,14560.058697822624,0.9625218116986571,0.006372809346787042,0.0311053789545558,168,773,47,87,25287,71,0.13532203389830508,0.7296610169491524
383832.267392,14560.058697822624,0.9625218116986571,0.006372809346787042,0.0311053789545558,168,773,47,87,25287,71,0.13532203389830508,0.7406779661016949
384246.5105280001,14575.772343828241,0.9625218116986571,0.006524542902662924,0.030953645398679917,172,770,46,87,25287,74,0.13532203389830508,0.7516949152542372
396083.07039999997,15024.77317350732,0.9625218116986571,0.00777634473863895,0.029701843562703893,205,745,38,87,25287,99,0.13532203389830508,0.7627118644067796
396083.07039999997,15024.77317350732,0.9625218116986571,0.00777634473863895,0.029701843562703893,205,745,38,87,25287,99,0.13532203389830508,0.7737288135593219
396083.07039999997,15024.77317350732,0.9625218116986571,0.00777634473863895,0.029701843562703893,205,745,38,87,25287,99,0.13532203389830508,0.7847457627118644
405791.82588799996,15393.059171838251,0.9625218116986571,0.008307412184204537,0.029170776117138305,219,734,35,87,25287,110,0.13532203389830508,0.7957627118644066
410009.484704,15553.049264243988,0.9625218116986571,0.009066079963583946,0.028412108337758896,239,718,31,87,25287,126,0.13532203389830508,0.8067796610169491
410009.484704,15553.049264243988,0.9625218116986571,0.009066079963583946,0.028412108337758896,239,718,31,87,25287,126,0.13532203389830508,0.8177966101694913
410009.484704,15553.049264243988,0.9625218116986571,0.009066079963583946,0.028412108337758896,239,718,31,87,25287,126,0.13532203389830508,0.8288135593220338
412131.20348799997,15633.53324816023,0.9625218116986571,0.00929368029739777,0.028184508003945074,245,713,30,87,25287,131,0.13532203389830508,0.8398305084745761
415241.07289599994,15751.501134056594,0.9625218116986571,0.009786814353994385,0.027691373947348455,258,702,28,87,25287,142,0.13532203389830508,0.8508474576271186
415241.07289599994,15751.501134056594,0.9625218116986571,0.009786814353994385,0.027691373947348455,258,702,28,87,25287,142,0.13532203389830508,0.8618644067796608
415241.07289599994,15751.501134056594,0.9625218116986571,0.009786814353994385,0.027691373947348455,258,702,28,87,25287,142,0.13532203389830508,0.8728813559322033
474865.9956479999,18013.27652105303,0.9625218116986571,0.013580153250891435,0.02389803505045141,358,614,16,87,25287,230,0.13532203389830508,0.8838983050847455
474865.9956479999,18013.27652105303,0.9625218116986571,0.013580153250891435,0.02389803505045141,358,614,16,87,25287,230,0.13532203389830508,0.894915254237288
474865.9956479999,18013.27652105303,0.9625218116986571,0.013580153250891435,0.02389803505045141,358,614,16,87,25287,230,0.13532203389830508,0.9059322033898305
474865.9956479999,18013.27652105303,0.9625218116986571,0.013580153250891435,0.02389803505045141,358,614,16,87,25287,230,0.13532203389830508,0.9169491525423727
474865.9956479999,18013.27652105303,0.9625218116986571,0.013580153250891435,0.02389803505045141,358,614,16,87,25287,230,0.13532203389830508,0.9279661016949152
474865.9956479999,18013.27652105303,0.9625218116986571,0.013580153250891435,0.02389803505045141,358,614,16,87,25287,230,0.13532203389830508,0.9389830508474575
474865.9956479999,18013.27652105303,0.9625218116986571,0.013580153250891435,0.02389803505045141,358,614,16,87,25287,230,0.13532203389830508,0.95
390520.867904,14813.779982702375,0.9625218116986571,0.0009104013352552917,0.03656778696608755,24,839,125,87,25287,5,0.1454237288135593,0.3
390235.48720000003,14802.954525453306,0.9625218116986571,0.0014035353918519082,0.03607465290949093,37,835,116,87,25287,9,0.1454237288135593,0.31101694915254235
390235.48720000003,14802.954525453306,0.9625218116986571,0.0014035353918519082,0.03607465290949093,37,835,116,87,25287,9,0.1454237288135593,0.3220338983050847
390235.48720000003,14802.954525453306,0.9625218116986571,0.0014035353918519082,0.03607465290949093,37,835,116,87,25287,9,0.1454237288135593,0.3330508474576271
389677.31593599997,14781.781197784689,0.9625218116986571,0.002086336393293377,0.035391851908049464,55,829,104,87,25287,15,0.1454237288135593,0.34406779661016945
389677.31593599997,14781.781197784689,0.9625218116986571,0.002086336393293377,0.035391851908049464,55,829,104,87,25287,15,0.1454237288135593,0.3550847457627119
374969.49475199997,14223.863695925953,0.9625218116986571,0.004400273120400576,0.03307791518094227,116,807,65,87,25287,37,0.1454237288135593,0.36610169491525424
374969.49475199997,14223.863695925953,0.9625218116986571,0.004400273120400576,0.03307791518094227,116,807,65,87,25287,37,0.1454237288135593,0.3771186440677966
374969.49475199997,14223.863695925953,0.9625218116986571,0.004400273120400576,0.03307791518094227,116,807,65,87,25287,37,0.1454237288135593,0.38813559322033897
374969.49475199997,14223.863695925953,0.9625218116986571,0.004400273120400576,0.03307791518094227,116,807,65,87,25287,37,0.1454237288135593,0.39915254237288134
374969.49475199997,14223.863695925953,0.9625218116986571,0.004400273120400576,0.03307791518094227,116,807,65,87,25287,37,0.1454237288135593,0.4101694915254237
374969.49475199997,14223.863695925953,0.9625218116986571,0.004400273120400576,0.03307791518094227,116,807,65,87,25287,37,0.1454237288135593,0.42118644067796607
374969.49475199997,14223.863695925953,0.9625218116986571,0.004400273120400576,0.03307791518094227,116,807,65,87,25287,37,0.1454237288135593,0.43220338983050843
374969.49475199997,14223.863695925953,0.9625218116986571,0.004400273120400576,0.03307791518094227,116,807,65,87,25287,37,0.1454237288135593,0.4432203389830508
374969.49475199997,14223.863695925953,0.9625218116986571,0.004400273120400576,0.03307791518094227,116,807,65,87,25287,37,0.1454237288135593,0.45423728813559316
374969.49475199997,14223.863695925953,0.9625218116986571,0.004400273120400576,0.03307791518094227,116,807,65,87,25287,37,0.1454237288135593,0.46525423728813553
374969.49475199997,14223.863695925953,0.9625218116986571,0.004400273120400576,0.03307791518094227,116,807,65,87,25287,37,0.1454237288135593,0.4762711864406779
374969.49475199997,14223.863695925953,0.9625218116986571,0.004400273120400576,0.03307791518094227,116,807,65,87,25287,37,0.1454237288135593,0.48728813559322026
374969.49475199997,14223.863695925953,0.9625218116986571,0.004400273120400576,0.03307791518094227,116,807,65,87,25287,37,0.1454237288135593,0.4983050847457626
374186.84025599994,14194.17495850087,0.9625218116986571,0.004552006676276458,0.032926181625066386,120,805,63,87,25287,39,0.1454237288135593,0.5093220338983051
374186.84025599994,14194.17495850087,0.9625218116986571,0.004552006676276458,0.032926181625066386,120,805,63,87,25287,39,0.1454237288135593,0.5203389830508474
374186.84025599994,14194.17495850087,0.9625218116986571,0.004552006676276458,0.032926181625066386,120,805,63,87,25287,39,0.1454237288135593,0.5313559322033898
374186.84025599994,14194.17495850087,0.9625218116986571,0.004552006676276458,0.032926181625066386,120,805,63,87,25287,39,0.1454237288135593,0.5423728813559321
374186.84025599994,14194.17495850087,0.9625218116986571,0.004552006676276458,0.032926181625066386,120,805,63,87,25287,39,0.1454237288135593,0.5533898305084746
374186.84025599994,14194.17495850087,0.9625218116986571,0.004552006676276458,0.032926181625066386,120,805,63,87,25287,39,0.1454237288135593,0.5644067796610168
374186.84025599994,14194.17495850087,0.9625218116986571,0.004552006676276458,0.032926181625066386,120,805,63,87,25287,39,0.1454237288135593,0.5754237288135593
374186.84025599994,14194.17495850087,0.9625218116986571,0.004552006676276458,0.032926181625066386,120,805,63,87,25287,39,0.1454237288135593,0.5864406779661016
374186.84025599994,14194.17495850087,0.9625218116986571,0.004552006676276458,0.032926181625066386,120,805,63,87,25287,39,0.1454237288135593,0.597457627118644
374186.84025599994,14194.17495850087,0.9625218116986571,0.004552006676276458,0.032926181625066386,120,805,63,87,25287,39,0.1454237288135593,0.6084745762711864
374186.84025599994,14194.17495850087,0.9625218116986571,0.004552006676276458,0.032926181625066386,120,805,63,87,25287,39,0.1454237288135593,0.6194915254237288
374186.84025599994,14194.17495850087,0.9625218116986571,0.004552006676276458,0.032926181625066386,120,805,63,87,25287,39,0.1454237288135593,0.6305084745762711
374186.84025599994,14194.17495850087,0.9625218116986571,0.004552006676276458,0.032926181625066386,120,805,63,87,25287,39,0.1454237288135593,0.6415254237288135
378350.742016,14352.125863591531,0.9625218116986571,0.005196874288748957,0.03228131401259388,137,794,57,87,25287,50,0.1454237288135593,0.6525423728813559
378350.742016,14352.125863591531,0.9625218116986571,0.005196874288748957,0.03228131401259388,137,794,57,87,25287,50,0.1454237288135593,0.6635593220338982
382888.20128000004,14524.247070783706,0.9625218116986571,0.005765875123283514,0.03171231317805933,152,784,52,87,25287,60,0.1454237288135593,0.6745762711864406
382888.20128000004,14524.247070783706,0.9625218116986571,0.005765875123283514,0.03171231317805933,152,784,52,87,25287,60,0.1454237288135593,0.685593220338983
383832.267392,14560.058697822624,0.9625218116986571,0.006372809346787042,0.0311053789545558,168,773,47,87,25287,71,0.1454237288135593,0.6966101694915253
383832.267392,14560.058697822624,0.9625218116986571,0.006372809346787042,0.0311053789545558,168,773,47,87,25287,71,0.1454237288135593,0.7076271186440677
383832.267392,14560.058697822624,0.9625218116986571,0.006372809346787042,0.0311053789545558,168,773,47,87,25287,71,0.1454237288135593,0.7186440677966102
383832.267392,14560.058697822624,0.9625218116986571,0.006372809346787042,0.0311053789545558,168,773,47,87,25287,71,0.1454237288135593,0.7296610169491524
383832.267392,14560.058697822624,0.9625218116986571,0.006372809346787042,0.0311053789545558,168,773,47,87,25287,71,0.1454237288135593,0.7406779661016949
384246.5105280001,14575.772343828241,0.9625218116986571,0.006524542902662924,0.030953645398679917,172,770,46,87,25287,74,0.1454237288135593,0.7516949152542372
396083.07039999997,15024.77317350732,0.9625218116986571,0.00777634473863895,0.029701843562703893,205,745,38,87,25287,99,0.1454237288135593,0.7627118644067796
396083.07039999997,15024.77317350732,0.9625218116986571,0.00777634473863895,0.029701843562703893,205,745,38,87,25287,99,0.1454237288135593,0.7737288135593219
396083.07039999997,15024.77317350732,0.9625218116986571,0.00777634473863895,0.029701843562703893,205,745,38,87,25287,99,0.1454237288135593,0.7847457627118644
405791.82588799996,15393.059171838251,0.9625218116986571,0.008307412184204537,0.029170776117138305,219,734,35,87,25287,110,0.1454237288135593,0.7957627118644066
410009.484704,15553.049264243988,0.9625218116986571,0.009066079963583946,0.028412108337758896,239,718,31,87,25287,126,0.1454237288135593,0.8067796610169491
410009.484704,15553.049264243988,0.9625218116986571,0.009066079963583946,0.028412108337758896,239,718,31,87,25287,126,0.1454237288135593,0.8177966101694913
410009.484704,15553.049264243988,0.9625218116986571,0.009066079963583946,0.028412108337758896,239,718,31,87,25287,126,0.1454237288135593,0.8288135593220338
412131.20348799997,15633.53324816023,0.9625218116986571,0.00929368029739777,0.028184508003945074,245,713,30,87,25287,131,0.1454237288135593,0.8398305084745761
415241.07289599994,15751.501134056594,0.9625218116986571,0.009786814353994385,0.027691373947348455,258,702,28,87,25287,142,0.1454237288135593,0.8508474576271186
415241.07289599994,15751.501134056594,0.9625218116986571,0.009786814353994385,0.027691373947348455,258,702,28,87,25287,142,0.1454237288135593,0.8618644067796608
415241.07289599994,15751.501134056594,0.9625218116986571,0.009786814353994385,0.027691373947348455,258,702,28,87,25287,142,0.1454237288135593,0.8728813559322033
474865.9956479999,18013.27652105303,0.9625218116986571,0.013580153250891435,0.02389803505045141,358,614,16,87,25287,230,0.1454237288135593,0.8838983050847455
474865.9956479999,18013.27652105303,0.9625218116986571,0.013580153250891435,0.02389803505045141,358,614,16,87,25287,230,0.1454237288135593,0.894915254237288
474865.9956479999,18013.27652105303,0.9625218116986571,0.013580153250891435,0.02389803505045141,358,614,16,87,25287,230,0.1454237288135593,0.9059322033898305
474865.9956479999,18013.27652105303,0.9625218116986571,0.013580153250891435,0.02389803505045141,358,614,16,87,25287,230,0.1454237288135593,0.9169491525423727
474865.9956479999,18013.27652105303,0.9625218116986571,0.013580153250891435,0.02389803505045141,358,614,16,87,25287,230,0.1454237288135593,0.9279661016949152
474865.9956479999,18013.27652105303,0.9625218116986571,0.013580153250891435,0.02389803505045141,358,614,16,87,25287,230,0.1454237288135593,0.9389830508474575
474865.9956479999,18013.27652105303,0.9625218116986571,0.013580153250891435,0.02389803505045141,358,614,16,87,25287,230,0.1454237288135593,0.95
390520.867904,14813.779982702375,0.9625218116986571,0.0009104013352552917,0.03656778696608755,24,839,125,87,25287,5,0.15552542372881356,0.3
390235.48720000003,14802.954525453306,0.9625218116986571,0.0014035353918519082,0.03607465290949093,37,835,116,87,25287,9,0.15552542372881356,0.31101694915254235
390235.48720000003,14802.954525453306,0.9625218116986571,0.0014035353918519082,0.03607465290949093,37,835,116,87,25287,9,0.15552542372881356,0.3220338983050847
390235.48720000003,14802.954525453306,0.9625218116986571,0.0014035353918519082,0.03607465290949093,37,835,116,87,25287,9,0.15552542372881356,0.3330508474576271
389677.31593599997,14781.781197784689,0.9625218116986571,0.002086336393293377,0.035391851908049464,55,829,104,87,25287,15,0.15552542372881356,0.34406779661016945
389677.31593599997,14781.781197784689,0.9625218116986571,0.002086336393293377,0.035391851908049464,55,829,104,87,25287,15,0.15552542372881356,0.3550847457627119
374969.49475199997,14223.863695925953,0.9625218116986571,0.004400273120400576,0.03307791518094227,116,807,65,87,25287,37,0.15552542372881356,0.36610169491525424
374969.49475199997,14223.863695925953,0.9625218116986571,0.004400273120400576,0.03307791518094227,116,807,65,87,25287,37,0.15552542372881356,0.3771186440677966
374969.49475199997,14223.863695925953,0.9625218116986571,0.004400273120400576,0.03307791518094227,116,807,65,87,25287,37,0.15552542372881356,0.38813559322033897
374969.49475199997,14223.863695925953,0.9625218116986571,0.004400273120400576,0.03307791518094227,116,807,65,87,25287,37,0.15552542372881356,0.39915254237288134
374969.49475199997,14223.863695925953,0.9625218116986571,0.004400273120400576,0.03307791518094227,116,807,65,87,25287,37,0.15552542372881356,0.4101694915254237
374969.49475199997,14223.863695925953,0.9625218116986571,0.004400273120400576,0.03307791518094227,116,807,65,87,25287,37,0.15552542372881356,0.42118644067796607
374969.49475199997,14223.863695925953,0.9625218116986571,0.004400273120400576,0.03307791518094227,116,807,65,87,25287,37,0.15552542372881356,0.43220338983050843
374969.49475199997,14223.863695925953,0.9625218116986571,0.004400273120400576,0.03307791518094227,116,807,65,87,25287,37,0.15552542372881356,0.4432203389830508
374969.49475199997,14223.863695925953,0.9625218116986571,0.004400273120400576,0.03307791518094227,116,807,65,87,25287,37,0.15552542372881356,0.45423728813559316
374969.49475199997,14223.863695925953,0.9625218116986571,0.004400273120400576,0.03307791518094227,116,807,65,87,25287,37,0.15552542372881356,0.46525423728813553
374969.49475199997,14223.863695925953,0.9625218116986571,0.004400273120400576,0.03307791518094227,116,807,65,87,25287,37,0.15552542372881356,0.4762711864406779
374969.49475199997,14223.863695925953,0.9625218116986571,0.004400273120400576,0.03307791518094227,116,807,65,87,25287,37,0.15552542372881356,0.48728813559322026
374969.49475199997,14223.863695925953,0.9625218116986571,0.004400273120400576,0.03307791518094227,116,807,65,87,25287,37,0.15552542372881356,0.4983050847457626
374186.84025599994,14194.17495850087,0.9625218116986571,0.004552006676276458,0.032926181625066386,120,805,63,87,25287,39,0.15552542372881356,0.5093220338983051
374186.84025599994,14194.17495850087,0.9625218116986571,0.004552006676276458,0.032926181625066386,120,805,63,87,25287,39,0.15552542372881356,0.5203389830508474
374186.84025599994,14194.17495850087,0.9625218116986571,0.004552006676276458,0.032926181625066386,120,805,63,87,25287,39,0.15552542372881356,0.5313559322033898
374186.84025599994,14194.17495850087,0.9625218116986571,0.004552006676276458,0.032926181625066386,120,805,63,87,25287,39,0.15552542372881356,0.5423728813559321
374186.84025599994,14194.17495850087,0.9625218116986571,0.004552006676276458,0.032926181625066386,120,805,63,87,25287,39,0.15552542372881356,0.5533898305084746
374186.84025599994,14194.17495850087,0.9625218116986571,0.004552006676276458,0.032926181625066386,120,805,63,87,25287,39,0.15552542372881356,0.5644067796610168
374186.84025599994,14194.17495850087,0.9625218116986571,0.004552006676276458,0.032926181625066386,120,805,63,87,25287,39,0.15552542372881356,0.5754237288135593
374186.84025599994,14194.17495850087,0.9625218116986571,0.004552006676276458,0.032926181625066386,120,805,63,87,25287,39,0.15552542372881356,0.5864406779661016
374186.84025599994,14194.17495850087,0.9625218116986571,0.004552006676276458,0.032926181625066386,120,805,63,87,25287,39,0.15552542372881356,0.597457627118644
374186.84025599994,14194.17495850087,0.9625218116986571,0.004552006676276458,0.032926181625066386,120,805,63,87,25287,39,0.15552542372881356,0.6084745762711864
374186.84025599994,14194.17495850087,0.9625218116986571,0.004552006676276458,0.032926181625066386,120,805,63,87,25287,39,0.15552542372881356,0.6194915254237288
374186.84025599994,14194.17495850087,0.9625218116986571,0.004552006676276458,0.032926181625066386,120,805,63,87,25287,39,0.15552542372881356,0.6305084745762711
374186.84025599994,14194.17495850087,0.9625218116986571,0.004552006676276458,0.032926181625066386,120,805,63,87,25287,39,0.15552542372881356,0.6415254237288135
378350.742016,14352.125863591531,0.9625218116986571,0.005196874288748957,0.03228131401259388,137,794,57,87,25287,50,0.15552542372881356,0.6525423728813559
378350.742016,14352.125863591531,0.9625218116986571,0.005196874288748957,0.03228131401259388,137,794,57,87,25287,50,0.15552542372881356,0.6635593220338982
382888.20128000004,14524.247070783706,0.9625218116986571,0.005765875123283514,0.03171231317805933,152,784,52,87,25287,60,0.15552542372881356,0.6745762711864406
382888.20128000004,14524.247070783706,0.9625218116986571,0.005765875123283514,0.03171231317805933,152,784,52,87,25287,60,0.15552542372881356,0.685593220338983
383832.267392,14560.058697822624,0.9625218116986571,0.006372809346787042,0.0311053789545558,168,773,47,87,25287,71,0.15552542372881356,0.6966101694915253
383832.267392,14560.058697822624,0.9625218116986571,0.006372809346787042,0.0311053789545558,168,773,47,87,25287,71,0.15552542372881356,0.7076271186440677
383832.267392,14560.058697822624,0.9625218116986571,0.006372809346787042,0.0311053789545558,168,773,47,87,25287,71,0.15552542372881356,0.7186440677966102
383832.267392,14560.058697822624,0.9625218116986571,0.006372809346787042,0.0311053789545558,168,773,47,87,25287,71,0.15552542372881356,0.7296610169491524
383832.267392,14560.058697822624,0.9625218116986571,0.006372809346787042,0.0311053789545558,168,773,47,87,25287,71,0.15552542372881356,0.7406779661016949
384246.5105280001,14575.772343828241,0.9625218116986571,0.006524542902662924,0.030953645398679917,172,770,46,87,25287,74,0.15552542372881356,0.7516949152542372
396083.07039999997,15024.77317350732,0.9625218116986571,0.00777634473863895,0.029701843562703893,205,745,38,87,25287,99,0.15552542372881356,0.7627118644067796
396083.07039999997,15024.77317350732,0.9625218116986571,0.00777634473863895,0.029701843562703893,205,745,38,87,25287,99,0.15552542372881356,0.7737288135593219
396083.07039999997,15024.77317350732,0.9625218116986571,0.00777634473863895,0.029701843562703893,205,745,38,87,25287,99,0.15552542372881356,0.7847457627118644
405791.82588799996,15393.059171838251,0.9625218116986571,0.008307412184204537,0.029170776117138305,219,734,35,87,25287,110,0.15552542372881356,0.7957627118644066
410009.484704,15553.049264243988,0.9625218116986571,0.009066079963583946,0.028412108337758896,239,718,31,87,25287,126,0.15552542372881356,0.8067796610169491
410009.484704,15553.049264243988,0.9625218116986571,0.009066079963583946,0.028412108337758896,239,718,31,87,25287,126,0.15552542372881356,0.8177966101694913
410009.484704,15553.049264243988,0.9625218116986571,0.009066079963583946,0.028412108337758896,239,718,31,87,25287,126,0.15552542372881356,0.8288135593220338
412131.20348799997,15633.53324816023,0.9625218116986571,0.00929368029739777,0.028184508003945074,245,713,30,87,25287,131,0.15552542372881356,0.8398305084745761
415241.07289599994,15751.501134056594,0.9625218116986571,0.009786814353994385,0.027691373947348455,258,702,28,87,25287,142,0.15552542372881356,0.8508474576271186
415241.07289599994,15751.501134056594,0.9625218116986571,0.009786814353994385,0.027691373947348455,258,702,28,87,25287,142,0.15552542372881356,0.8618644067796608
415241.07289599994,15751.501134056594,0.9625218116986571,0.009786814353994385,0.027691373947348455,258,702,28,87,25287,142,0.15552542372881356,0.8728813559322033
474865.9956479999,18013.27652105303,0.9625218116986571,0.013580153250891435,0.02389803505045141,358,614,16,87,25287,230,0.15552542372881356,0.8838983050847455
474865.9956479999,18013.27652105303,0.9625218116986571,0.013580153250891435,0.02389803505045141,358,614,16,87,25287,230,0.15552542372881356,0.894915254237288
474865.9956479999,18013.27652105303,0.9625218116986571,0.013580153250891435,0.02389803505045141,358,614,16,87,25287,230,0.15552542372881356,0.9059322033898305
474865.9956479999,18013.27652105303,0.9625218116986571,0.013580153250891435,0.02389803505045141,358,614,16,87,25287,230,0.15552542372881356,0.9169491525423727
474865.9956479999,18013.27652105303,0.9625218116986571,0.013580153250891435,0.02389803505045141,358,614,16,87,25287,230,0.15552542372881356,0.9279661016949152
474865.9956479999,18013.27652105303,0.9625218116986571,0.013580153250891435,0.02389803505045141,358,614,16,87,25287,230,0.15552542372881356,0.9389830508474575
474865.9956479999,18013.27652105303,0.9625218116986571,0.013580153250891435,0.02389803505045141,358,614,16,87,25287,230,0.15552542372881356,0.95
390520.867904,14813.779982702375,0.9625218116986571,0.0009104013352552917,0.03656778696608755,24,839,125,87,25287,5,0.1656271186440678,0.3
390235.48720000003,14802.954525453306,0.9625218116986571,0.0014035353918519082,0.03607465290949093,37,835,116,87,25287,9,0.1656271186440678,0.31101694915254235
390235.48720000003,14802.954525453306,0.9625218116986571,0.0014035353918519082,0.03607465290949093,37,835,116,87,25287,9,0.1656271186440678,0.3220338983050847
390235.48720000003,14802.954525453306,0.9625218116986571,0.0014035353918519082,0.03607465290949093,37,835,116,87,25287,9,0.1656271186440678,0.3330508474576271
389677.31593599997,14781.781197784689,0.9625218116986571,0.002086336393293377,0.035391851908049464,55,829,104,87,25287,15,0.1656271186440678,0.34406779661016945
389677.31593599997,14781.781197784689,0.9625218116986571,0.002086336393293377,0.035391851908049464,55,829,104,87,25287,15,0.1656271186440678,0.3550847457627119
374969.49475199997,14223.863695925953,0.9625218116986571,0.004400273120400576,0.03307791518094227,116,807,65,87,25287,37,0.1656271186440678,0.36610169491525424
374969.49475199997,14223.863695925953,0.9625218116986571,0.004400273120400576,0.03307791518094227,116,807,65,87,25287,37,0.1656271186440678,0.3771186440677966
374969.49475199997,14223.863695925953,0.9625218116986571,0.004400273120400576,0.03307791518094227,116,807,65,87,25287,37,0.1656271186440678,0.38813559322033897
374969.49475199997,14223.863695925953,0.9625218116986571,0.004400273120400576,0.03307791518094227,116,807,65,87,25287,37,0.1656271186440678,0.39915254237288134
374969.49475199997,14223.863695925953,0.9625218116986571,0.004400273120400576,0.03307791518094227,116,807,65,87,25287,37,0.1656271186440678,0.4101694915254237
374969.49475199997,14223.863695925953,0.9625218116986571,0.004400273120400576,0.03307791518094227,116,807,65,87,25287,37,0.1656271186440678,0.42118644067796607
374969.49475199997,14223.863695925953,0.9625218116986571,0.004400273120400576,0.03307791518094227,116,807,65,87,25287,37,0.1656271186440678,0.43220338983050843
374969.49475199997,14223.863695925953,0.9625218116986571,0.004400273120400576,0.03307791518094227,116,807,65,87,25287,37,0.1656271186440678,0.4432203389830508
374969.49475199997,14223.863695925953,0.9625218116986571,0.004400273120400576,0.03307791518094227,116,807,65,87,25287,37,0.1656271186440678,0.45423728813559316
374969.49475199997,14223.863695925953,0.9625218116986571,0.004400273120400576,0.03307791518094227,116,807,65,87,25287,37,0.1656271186440678,0.46525423728813553
374969.49475199997,14223.863695925953,0.9625218116986571,0.004400273120400576,0.03307791518094227,116,807,65,87,25287,37,0.1656271186440678,0.4762711864406779
374969.49475199997,14223.863695925953,0.9625218116986571,0.004400273120400576,0.03307791518094227,116,807,65,87,25287,37,0.1656271186440678,0.48728813559322026
374969.49475199997,14223.863695925953,0.9625218116986571,0.004400273120400576,0.03307791518094227,116,807,65,87,25287,37,0.1656271186440678,0.4983050847457626
374186.84025599994,14194.17495850087,0.9625218116986571,0.004552006676276458,0.032926181625066386,120,805,63,87,25287,39,0.1656271186440678,0.5093220338983051
374186.84025599994,14194.17495850087,0.9625218116986571,0.004552006676276458,0.032926181625066386,120,805,63,87,25287,39,0.1656271186440678,0.5203389830508474
374186.84025599994,14194.17495850087,0.9625218116986571,0.004552006676276458,0.032926181625066386,120,805,63,87,25287,39,0.1656271186440678,0.5313559322033898
374186.84025599994,14194.17495850087,0.9625218116986571,0.004552006676276458,0.032926181625066386,120,805,63,87,25287,39,0.1656271186440678,0.5423728813559321
374186.84025599994,14194.17495850087,0.9625218116986571,0.004552006676276458,0.032926181625066386,120,805,63,87,25287,39,0.1656271186440678,0.5533898305084746
374186.84025599994,14194.17495850087,0.9625218116986571,0.004552006676276458,0.032926181625066386,120,805,63,87,25287,39,0.1656271186440678,0.5644067796610168
374186.84025599994,14194.17495850087,0.9625218116986571,0.004552006676276458,0.032926181625066386,120,805,63,87,25287,39,0.1656271186440678,0.5754237288135593
374186.84025599994,14194.17495850087,0.9625218116986571,0.004552006676276458,0.032926181625066386,120,805,63,87,25287,39,0.1656271186440678,0.5864406779661016
374186.84025599994,14194.17495850087,0.9625218116986571,0.004552006676276458,0.032926181625066386,120,805,63,87,25287,39,0.1656271186440678,0.597457627118644
374186.84025599994,14194.17495850087,0.9625218116986571,0.004552006676276458,0.032926181625066386,120,805,63,87,25287,39,0.1656271186440678,0.6084745762711864
374186.84025599994,14194.17495850087,0.9625218116986571,0.004552006676276458,0.032926181625066386,120,805,63,87,25287,39,0.1656271186440678,0.6194915254237288
374186.84025599994,14194.17495850087,0.9625218116986571,0.004552006676276458,0.032926181625066386,120,805,63,87,25287,39,0.1656271186440678,0.6305084745762711
374186.84025599994,14194.17495850087,0.9625218116986571,0.004552006676276458,0.032926181625066386,120,805,63,87,25287,39,0.1656271186440678,0.6415254237288135
378350.742016,14352.125863591531,0.9625218116986571,0.005196874288748957,0.03228131401259388,137,794,57,87,25287,50,0.1656271186440678,0.6525423728813559
378350.742016,14352.125863591531,0.9625218116986571,0.005196874288748957,0.03228131401259388,137,794,57,87,25287,50,0.1656271186440678,0.6635593220338982
382888.20128000004,14524.247070783706,0.9625218116986571,0.005765875123283514,0.03171231317805933,152,784,52,87,25287,60,0.1656271186440678,0.6745762711864406
382888.20128000004,14524.247070783706,0.9625218116986571,0.005765875123283514,0.03171231317805933,152,784,52,87,25287,60,0.1656271186440678,0.685593220338983
383832.267392,14560.058697822624,0.9625218116986571,0.006372809346787042,0.0311053789545558,168,773,47,87,25287,71,0.1656271186440678,0.6966101694915253
383832.267392,14560.058697822624,0.9625218116986571,0.006372809346787042,0.0311053789545558,168,773,47,87,25287,71,0.1656271186440678,0.7076271186440677
383832.267392,14560.058697822624,0.9625218116986571,0.006372809346787042,0.0311053789545558,168,773,47,87,25287,71,0.1656271186440678,0.7186440677966102
383832.267392,14560.058697822624,0.9625218116986571,0.006372809346787042,0.0311053789545558,168,773,47,87,25287,71,0.1656271186440678,0.7296610169491524
383832.267392,14560.058697822624,0.9625218116986571,0.006372809346787042,0.0311053789545558,168,773,47,87,25287,71,0.1656271186440678,0.7406779661016949
384246.5105280001,14575.772343828241,0.9625218116986571,0.006524542902662924,0.030953645398679917,172,770,46,87,25287,74,0.1656271186440678,0.7516949152542372
396083.07039999997,15024.77317350732,0.9625218116986571,0.00777634473863895,0.029701843562703893,205,745,38,87,25287,99,0.1656271186440678,0.7627118644067796
396083.07039999997,15024.77317350732,0.9625218116986571,0.00777634473863895,0.029701843562703893,205,745,38,87,25287,99,0.1656271186440678,0.7737288135593219
396083.07039999997,15024.77317350732,0.9625218116986571,0.00777634473863895,0.029701843562703893,205,745,38,87,25287,99,0.1656271186440678,0.7847457627118644
405791.82588799996,15393.059171838251,0.9625218116986571,0.008307412184204537,0.029170776117138305,219,734,35,87,25287,110,0.1656271186440678,0.7957627118644066
410009.484704,15553.049264243988,0.9625218116986571,0.009066079963583946,0.028412108337758896,239,718,31,87,25287,126,0.1656271186440678,0.8067796610169491
410009.484704,15553.049264243988,0.9625218116986571,0.009066079963583946,0.028412108337758896,239,718,31,87,25287,126,0.1656271186440678,0.8177966101694913
410009.484704,15553.049264243988,0.9625218116986571,0.009066079963583946,0.028412108337758896,239,718,31,87,25287,126,0.1656271186440678,0.8288135593220338
412131.20348799997,15633.53324816023,0.9625218116986571,0.00929368029739777,0.028184508003945074,245,713,30,87,25287,131,0.1656271186440678,0.8398305084745761
415241.07289599994,15751.501134056594,0.9625218116986571,0.009786814353994385,0.027691373947348455,258,702,28,87,25287,142,0.1656271186440678,0.8508474576271186
415241.07289599994,15751.501134056594,0.9625218116986571,0.009786814353994385,0.027691373947348455,258,702,28,87,25287,142,0.1656271186440678,0.8618644067796608
415241.07289599994,15751.501134056594,0.9625218116986571,0.009786814353994385,0.027691373947348455,258,702,28,87,25287,142,0.1656271186440678,0.8728813559322033
474865.9956479999,18013.27652105303,0.9625218116986571,0.013580153250891435,0.02389803505045141,358,614,16,87,25287,230,0.1656271186440678,0.8838983050847455
474865.9956479999,18013.27652105303,0.9625218116986571,0.013580153250891435,0.02389803505045141,358,614,16,87,25287,230,0.1656271186440678,0.894915254237288
474865.9956479999,18013.27652105303,0.9625218116986571,0.013580153250891435,0.02389803505045141,358,614,16,87,25287,230,0.1656271186440678,0.9059322033898305
474865.9956479999,18013.27652105303,0.9625218116986571,0.013580153250891435,0.02389803505045141,358,614,16,87,25287,230,0.1656271186440678,0.9169491525423727
474865.9956479999,18013.27652105303,0.9625218116986571,0.013580153250891435,0.02389803505045141,358,614,16,87,25287,230,0.1656271186440678,0.9279661016949152
474865.9956479999,18013.27652105303,0.9625218116986571,0.013580153250891435,0.02389803505045141,358,614,16,87,25287,230,0.1656271186440678,0.9389830508474575
474865.9956479999,18013.27652105303,0.9625218116986571,0.013580153250891435,0.02389803505045141,358,614,16,87,25287,230,0.1656271186440678,0.95
390520.867904,14813.779982702375,0.9625218116986571,0.0009104013352552917,0.03656778696608755,24,839,125,87,25287,5,0.17572881355932202,0.3
390235.48720000003,14802.954525453306,0.9625218116986571,0.0014035353918519082,0.03607465290949093,37,835,116,87,25287,9,0.17572881355932202,0.31101694915254235
390235.48720000003,14802.954525453306,0.9625218116986571,0.0014035353918519082,0.03607465290949093,37,835,116,87,25287,9,0.17572881355932202,0.3220338983050847
390235.48720000003,14802.954525453306,0.9625218116986571,0.0014035353918519082,0.03607465290949093,37,835,116,87,25287,9,0.17572881355932202,0.3330508474576271
389677.31593599997,14781.781197784689,0.9625218116986571,0.002086336393293377,0.035391851908049464,55,829,104,87,25287,15,0.17572881355932202,0.34406779661016945
389677.31593599997,14781.781197784689,0.9625218116986571,0.002086336393293377,0.035391851908049464,55,829,104,87,25287,15,0.17572881355932202,0.3550847457627119
374969.49475199997,14223.863695925953,0.9625218116986571,0.004400273120400576,0.03307791518094227,116,807,65,87,25287,37,0.17572881355932202,0.36610169491525424
374969.49475199997,14223.863695925953,0.9625218116986571,0.004400273120400576,0.03307791518094227,116,807,65,87,25287,37,0.17572881355932202,0.3771186440677966
374969.49475199997,14223.863695925953,0.9625218116986571,0.004400273120400576,0.03307791518094227,116,807,65,87,25287,37,0.17572881355932202,0.38813559322033897
374969.49475199997,14223.863695925953,0.9625218116986571,0.004400273120400576,0.03307791518094227,116,807,65,87,25287,37,0.17572881355932202,0.39915254237288134
374969.49475199997,14223.863695925953,0.9625218116986571,0.004400273120400576,0.03307791518094227,116,807,65,87,25287,37,0.17572881355932202,0.4101694915254237
374969.49475199997,14223.863695925953,0.9625218116986571,0.004400273120400576,0.03307791518094227,116,807,65,87,25287,37,0.17572881355932202,0.42118644067796607
374969.49475199997,14223.863695925953,0.9625218116986571,0.004400273120400576,0.03307791518094227,116,807,65,87,25287,37,0.17572881355932202,0.43220338983050843
374969.49475199997,14223.863695925953,0.9625218116986571,0.004400273120400576,0.03307791518094227,116,807,65,87,25287,37,0.17572881355932202,0.4432203389830508
374969.49475199997,14223.863695925953,0.9625218116986571,0.004400273120400576,0.03307791518094227,116,807,65,87,25287,37,0.17572881355932202,0.45423728813559316
374969.49475199997,14223.863695925953,0.9625218116986571,0.004400273120400576,0.03307791518094227,116,807,65,87,25287,37,0.17572881355932202,0.46525423728813553
374969.49475199997,14223.863695925953,0.9625218116986571,0.004400273120400576,0.03307791518094227,116,807,65,87,25287,37,0.17572881355932202,0.4762711864406779
374969.49475199997,14223.863695925953,0.9625218116986571,0.004400273120400576,0.03307791518094227,116,807,65,87,25287,37,0.17572881355932202,0.48728813559322026
374969.49475199997,14223.863695925953,0.9625218116986571,0.004400273120400576,0.03307791518094227,116,807,65,87,25287,37,0.17572881355932202,0.4983050847457626
374186.84025599994,14194.17495850087,0.9625218116986571,0.004552006676276458,0.032926181625066386,120,805,63,87,25287,39,0.17572881355932202,0.5093220338983051
374186.84025599994,14194.17495850087,0.9625218116986571,0.004552006676276458,0.032926181625066386,120,805,63,87,25287,39,0.17572881355932202,0.5203389830508474
374186.84025599994,14194.17495850087,0.9625218116986571,0.004552006676276458,0.032926181625066386,120,805,63,87,25287,39,0.17572881355932202,0.5313559322033898
374186.84025599994,14194.17495850087,0.9625218116986571,0.004552006676276458,0.032926181625066386,120,805,63,87,25287,39,0.17572881355932202,0.5423728813559321
374186.84025599994,14194.17495850087,0.9625218116986571,0.004552006676276458,0.032926181625066386,120,805,63,87,25287,39,0.17572881355932202,0.5533898305084746
374186.84025599994,14194.17495850087,0.9625218116986571,0.004552006676276458,0.032926181625066386,120,805,63,87,25287,39,0.17572881355932202,0.5644067796610168
374186.84025599994,14194.17495850087,0.9625218116986571,0.004552006676276458,0.032926181625066386,120,805,63,87,25287,39,0.17572881355932202,0.5754237288135593
374186.84025599994,14194.17495850087,0.9625218116986571,0.004552006676276458,0.032926181625066386,120,805,63,87,25287,39,0.17572881355932202,0.5864406779661016
374186.84025599994,14194.17495850087,0.9625218116986571,0.004552006676276458,0.032926181625066386,120,805,63,87,25287,39,0.17572881355932202,0.597457627118644
374186.84025599994,14194.17495850087,0.9625218116986571,0.004552006676276458,0.032926181625066386,120,805,63,87,25287,39,0.17572881355932202,0.6084745762711864
374186.84025599994,14194.17495850087,0.9625218116986571,0.004552006676276458,0.032926181625066386,120,805,63,87,25287,39,0.17572881355932202,0.6194915254237288
374186.84025599994,14194.17495850087,0.9625218116986571,0.004552006676276458,0.032926181625066386,120,805,63,87,25287,39,0.17572881355932202,0.6305084745762711
374186.84025599994,14194.17495850087,0.9625218116986571,0.004552006676276458,0.032926181625066386,120,805,63,87,25287,39,0.17572881355932202,0.6415254237288135
378350.742016,14352.125863591531,0.9625218116986571,0.005196874288748957,0.03228131401259388,137,794,57,87,25287,50,0.17572881355932202,0.6525423728813559
378350.742016,14352.125863591531,0.9625218116986571,0.005196874288748957,0.03228131401259388,137,794,57,87,25287,50,0.17572881355932202,0.6635593220338982
382888.20128000004,14524.247070783706,0.9625218116986571,0.005765875123283514,0.03171231317805933,152,784,52,87,25287,60,0.17572881355932202,0.6745762711864406
382888.20128000004,14524.247070783706,0.9625218116986571,0.005765875123283514,0.03171231317805933,152,784,52,87,25287,60,0.17572881355932202,0.685593220338983
383832.267392,14560.058697822624,0.9625218116986571,0.006372809346787042,0.0311053789545558,168,773,47,87,25287,71,0.17572881355932202,0.6966101694915253
383832.267392,14560.058697822624,0.9625218116986571,0.006372809346787042,0.0311053789545558,168,773,47,87,25287,71,0.17572881355932202,0.7076271186440677
383832.267392,14560.058697822624,0.9625218116986571,0.006372809346787042,0.0311053789545558,168,773,47,87,25287,71,0.17572881355932202,0.7186440677966102
383832.267392,14560.058697822624,0.9625218116986571,0.006372809346787042,0.0311053789545558,168,773,47,87,25287,71,0.17572881355932202,0.7296610169491524
383832.267392,14560.058697822624,0.9625218116986571,0.006372809346787042,0.0311053789545558,168,773,47,87,25287,71,0.17572881355932202,0.7406779661016949
384246.5105280001,14575.772343828241,0.9625218116986571,0.006524542902662924,0.030953645398679917,172,770,46,87,25287,74,0.17572881355932202,0.7516949152542372
396083.07039999997,15024.77317350732,0.9625218116986571,0.00777634473863895,0.029701843562703893,205,745,38,87,25287,99,0.17572881355932202,0.7627118644067796
396083.07039999997,15024.77317350732,0.9625218116986571,0.00777634473863895,0.029701843562703893,205,745,38,87,25287,99,0.17572881355932202,0.7737288135593219
396083.07039999997,15024.77317350732,0.9625218116986571,0.00777634473863895,0.029701843562703893,205,745,38,87,25287,99,0.17572881355932202,0.7847457627118644
405791.82588799996,15393.059171838251,0.9625218116986571,0.008307412184204537,0.029170776117138305,219,734,35,87,25287,110,0.17572881355932202,0.7957627118644066
410009.484704,15553.049264243988,0.9625218116986571,0.009066079963583946,0.028412108337758896,239,718,31,87,25287,126,0.17572881355932202,0.8067796610169491
410009.484704,15553.049264243988,0.9625218116986571,0.009066079963583946,0.028412108337758896,239,718,31,87,25287,126,0.17572881355932202,0.8177966101694913
410009.484704,15553.049264243988,0.9625218116986571,0.009066079963583946,0.028412108337758896,239,718,31,87,25287,126,0.17572881355932202,0.8288135593220338
412131.20348799997,15633.53324816023,0.9625218116986571,0.00929368029739777,0.028184508003945074,245,713,30,87,25287,131,0.17572881355932202,0.8398305084745761
415241.07289599994,15751.501134056594,0.9625218116986571,0.009786814353994385,0.027691373947348455,258,702,28,87,25287,142,0.17572881355932202,0.8508474576271186
415241.07289599994,15751.501134056594,0.9625218116986571,0.009786814353994385,0.027691373947348455,258,702,28,87,25287,142,0.17572881355932202,0.8618644067796608
415241.07289599994,15751.501134056594,0.9625218116986571,0.009786814353994385,0.027691373947348455,258,702,28,87,25287,142,0.17572881355932202,0.8728813559322033
474865.9956479999,18013.27652105303,0.9625218116986571,0.013580153250891435,0.02389803505045141,358,614,16,87,25287,230,0.17572881355932202,0.8838983050847455
474865.9956479999,18013.27652105303,0.9625218116986571,0.013580153250891435,0.02389803505045141,358,614,16,87,25287,230,0.17572881355932202,0.894915254237288
474865.9956479999,18013.27652105303,0.9625218116986571,0.013580153250891435,0.02389803505045141,358,614,16,87,25287,230,0.17572881355932202,0.9059322033898305
474865.9956479999,18013.27652105303,0.9625218116986571,0.013580153250891435,0.02389803505045141,358,614,16,87,25287,230,0.17572881355932202,0.9169491525423727
474865.9956479999,18013.27652105303,0.9625218116986571,0.013580153250891435,0.02389803505045141,358,614,16,87,25287,230,0.17572881355932202,0.9279661016949152
474865.9956479999,18013.27652105303,0.9625218116986571,0.013580153250891435,0.02389803505045141,358,614,16,87,25287,230,0.17572881355932202,0.9389830508474575
474865.9956479999,18013.27652105303,0.9625218116986571,0.013580153250891435,0.02389803505045141,358,614,16,87,25287,230,0.17572881355932202,0.95
390520.867904,14813.779982702375,0.9625218116986571,0.0009104013352552917,0.03656778696608755,24,839,125,87,25287,5,0.18583050847457627,0.3
390235.48720000003,14802.954525453306,0.9625218116986571,0.0014035353918519082,0.03607465290949093,37,835,116,87,25287,9,0.18583050847457627,0.31101694915254235
390235.48720000003,14802.954525453306,0.9625218116986571,0.0014035353918519082,0.03607465290949093,37,835,116,87,25287,9,0.18583050847457627,0.3220338983050847
390235.48720000003,14802.954525453306,0.9625218116986571,0.0014035353918519082,0.03607465290949093,37,835,116,87,25287,9,0.18583050847457627,0.3330508474576271
389677.31593599997,14781.781197784689,0.9625218116986571,0.002086336393293377,0.035391851908049464,55,829,104,87,25287,15,0.18583050847457627,0.34406779661016945
389677.31593599997,14781.781197784689,0.9625218116986571,0.002086336393293377,0.035391851908049464,55,829,104,87,25287,15,0.18583050847457627,0.3550847457627119
374969.49475199997,14223.863695925953,0.9625218116986571,0.004400273120400576,0.03307791518094227,116,807,65,87,25287,37,0.18583050847457627,0.36610169491525424
374969.49475199997,14223.863695925953,0.9625218116986571,0.004400273120400576,0.03307791518094227,116,807,65,87,25287,37,0.18583050847457627,0.3771186440677966
374969.49475199997,14223.863695925953,0.9625218116986571,0.004400273120400576,0.03307791518094227,116,807,65,87,25287,37,0.18583050847457627,0.38813559322033897
374969.49475199997,14223.863695925953,0.9625218116986571,0.004400273120400576,0.03307791518094227,116,807,65,87,25287,37,0.18583050847457627,0.39915254237288134
374969.49475199997,14223.863695925953,0.9625218116986571,0.004400273120400576,0.03307791518094227,116,807,65,87,25287,37,0.18583050847457627,0.4101694915254237
374969.49475199997,14223.863695925953,0.9625218116986571,0.004400273120400576,0.03307791518094227,116,807,65,87,25287,37,0.18583050847457627,0.42118644067796607
374969.49475199997,14223.863695925953,0.9625218116986571,0.004400273120400576,0.03307791518094227,116,807,65,87,25287,37,0.18583050847457627,0.43220338983050843
374969.49475199997,14223.863695925953,0.9625218116986571,0.004400273120400576,0.03307791518094227,116,807,65,87,25287,37,0.18583050847457627,0.4432203389830508
374969.49475199997,14223.863695925953,0.9625218116986571,0.004400273120400576,0.03307791518094227,116,807,65,87,25287,37,0.18583050847457627,0.45423728813559316
374969.49475199997,14223.863695925953,0.9625218116986571,0.004400273120400576,0.03307791518094227,116,807,65,87,25287,37,0.18583050847457627,0.46525423728813553
374969.49475199997,14223.863695925953,0.9625218116986571,0.004400273120400576,0.03307791518094227,116,807,65,87,25287,37,0.18583050847457627,0.4762711864406779
374969.49475199997,14223.863695925953,0.9625218116986571,0.004400273120400576,0.03307791518094227,116,807,65,87,25287,37,0.18583050847457627,0.48728813559322026
374969.49475199997,14223.863695925953,0.9625218116986571,0.004400273120400576,0.03307791518094227,116,807,65,87,25287,37,0.18583050847457627,0.4983050847457626
374186.84025599994,14194.17495850087,0.9625218116986571,0.004552006676276458,0.032926181625066386,120,805,63,87,25287,39,0.18583050847457627,0.5093220338983051
374186.84025599994,14194.17495850087,0.9625218116986571,0.004552006676276458,0.032926181625066386,120,805,63,87,25287,39,0.18583050847457627,0.5203389830508474
374186.84025599994,14194.17495850087,0.9625218116986571,0.004552006676276458,0.032926181625066386,120,805,63,87,25287,39,0.18583050847457627,0.5313559322033898
374186.84025599994,14194.17495850087,0.9625218116986571,0.004552006676276458,0.032926181625066386,120,805,63,87,25287,39,0.18583050847457627,0.5423728813559321
374186.84025599994,14194.17495850087,0.9625218116986571,0.004552006676276458,0.032926181625066386,120,805,63,87,25287,39,0.18583050847457627,0.5533898305084746
374186.84025599994,14194.17495850087,0.9625218116986571,0.004552006676276458,0.032926181625066386,120,805,63,87,25287,39,0.18583050847457627,0.5644067796610168
374186.84025599994,14194.17495850087,0.9625218116986571,0.004552006676276458,0.032926181625066386,120,805,63,87,25287,39,0.18583050847457627,0.5754237288135593
374186.84025599994,14194.17495850087,0.9625218116986571,0.004552006676276458,0.032926181625066386,120,805,63,87,25287,39,0.18583050847457627,0.5864406779661016
374186.84025599994,14194.17495850087,0.9625218116986571,0.004552006676276458,0.032926181625066386,120,805,63,87,25287,39,0.18583050847457627,0.597457627118644
374186.84025599994,14194.17495850087,0.9625218116986571,0.004552006676276458,0.032926181625066386,120,805,63,87,25287,39,0.18583050847457627,0.6084745762711864
374186.84025599994,14194.17495850087,0.9625218116986571,0.004552006676276458,0.032926181625066386,120,805,63,87,25287,39,0.18583050847457627,0.6194915254237288
374186.84025599994,14194.17495850087,0.9625218116986571,0.004552006676276458,0.032926181625066386,120,805,63,87,25287,39,0.18583050847457627,0.6305084745762711
374186.84025599994,14194.17495850087,0.9625218116986571,0.004552006676276458,0.032926181625066386,120,805,63,87,25287,39,0.18583050847457627,0.6415254237288135
378350.742016,14352.125863591531,0.9625218116986571,0.005196874288748957,0.03228131401259388,137,794,57,87,25287,50,0.18583050847457627,0.6525423728813559
378350.742016,14352.125863591531,0.9625218116986571,0.005196874288748957,0.03228131401259388,137,794,57,87,25287,50,0.18583050847457627,0.6635593220338982
382888.20128000004,14524.247070783706,0.9625218116986571,0.005765875123283514,0.03171231317805933,152,784,52,87,25287,60,0.18583050847457627,0.6745762711864406
382888.20128000004,14524.247070783706,0.9625218116986571,0.005765875123283514,0.03171231317805933,152,784,52,87,25287,60,0.18583050847457627,0.685593220338983
383832.267392,14560.058697822624,0.9625218116986571,0.006372809346787042,0.0311053789545558,168,773,47,87,25287,71,0.18583050847457627,0.6966101694915253
383832.267392,14560.058697822624,0.9625218116986571,0.006372809346787042,0.0311053789545558,168,773,47,87,25287,71,0.18583050847457627,0.7076271186440677
383832.267392,14560.058697822624,0.9625218116986571,0.006372809346787042,0.0311053789545558,168,773,47,87,25287,71,0.18583050847457627,0.7186440677966102
383832.267392,14560.058697822624,0.9625218116986571,0.006372809346787042,0.0311053789545558,168,773,47,87,25287,71,0.18583050847457627,0.7296610169491524
383832.267392,14560.058697822624,0.9625218116986571,0.006372809346787042,0.0311053789545558,168,773,47,87,25287,71,0.18583050847457627,0.7406779661016949
384246.5105280001,14575.772343828241,0.9625218116986571,0.006524542902662924,0.030953645398679917,172,770,46,87,25287,74,0.18583050847457627,0.7516949152542372
396083.07039999997,15024.77317350732,0.9625218116986571,0.00777634473863895,0.029701843562703893,205,745,38,87,25287,99,0.18583050847457627,0.7627118644067796
396083.07039999997,15024.77317350732,0.9625218116986571,0.00777634473863895,0.029701843562703893,205,745,38,87,25287,99,0.18583050847457627,0.7737288135593219
396083.07039999997,15024.77317350732,0.9625218116986571,0.00777634473863895,0.029701843562703893,205,745,38,87,25287,99,0.18583050847457627,0.7847457627118644
405791.82588799996,15393.059171838251,0.9625218116986571,0.008307412184204537,0.029170776117138305,219,734,35,87,25287,110,0.18583050847457627,0.7957627118644066
410009.484704,15553.049264243988,0.9625218116986571,0.009066079963583946,0.028412108337758896,239,718,31,87,25287,126,0.18583050847457627,0.8067796610169491
410009.484704,15553.049264243988,0.9625218116986571,0.009066079963583946,0.028412108337758896,239,718,31,87,25287,126,0.18583050847457627,0.8177966101694913
410009.484704,15553.049264243988,0.9625218116986571,0.009066079963583946,0.028412108337758896,239,718,31,87,25287,126,0.18583050847457627,0.8288135593220338
412131.20348799997,15633.53324816023,0.9625218116986571,0.00929368029739777,0.028184508003945074,245,713,30,87,25287,131,0.18583050847457627,0.8398305084745761
415241.07289599994,15751.501134056594,0.9625218116986571,0.009786814353994385,0.027691373947348455,258,702,28,87,25287,142,0.18583050847457627,0.8508474576271186
415241.07289599994,15751.501134056594,0.9625218116986571,0.009786814353994385,0.027691373947348455,258,702,28,87,25287,142,0.18583050847457627,0.8618644067796608
415241.07289599994,15751.501134056594,0.9625218116986571,0.009786814353994385,0.027691373947348455,258,702,28,87,25287,142,0.18583050847457627,0.8728813559322033
474865.9956479999,18013.27652105303,0.9625218116986571,0.013580153250891435,0.02389803505045141,358,614,16,87,25287,230,0.18583050847457627,0.8838983050847455
474865.9956479999,18013.27652105303,0.9625218116986571,0.013580153250891435,0.02389803505045141,358,614,16,87,25287,230,0.18583050847457627,0.894915254237288
474865.9956479999,18013.27652105303,0.9625218116986571,0.013580153250891435,0.02389803505045141,358,614,16,87,25287,230,0.18583050847457627,0.9059322033898305
474865.9956479999,18013.27652105303,0.9625218116986571,0.013580153250891435,0.02389803505045141,358,614,16,87,25287,230,0.18583050847457627,0.9169491525423727
474865.9956479999,18013.27652105303,0.9625218116986571,0.013580153250891435,0.02389803505045141,358,614,16,87,25287,230,0.18583050847457627,0.9279661016949152
474865.9956479999,18013.27652105303,0.9625218116986571,0.013580153250891435,0.02389803505045141,358,614,16,87,25287,230,0.18583050847457627,0.9389830508474575
474865.9956479999,18013.27652105303,0.9625218116986571,0.013580153250891435,0.02389803505045141,358,614,16,87,25287,230,0.18583050847457627,0.95
390520.867904,14813.779982702375,0.9625218116986571,0.0009104013352552917,0.03656778696608755,24,839,125,87,25287,5,0.1959322033898305,0.3
390235.48720000003,14802.954525453306,0.9625218116986571,0.0014035353918519082,0.03607465290949093,37,835,116,87,25287,9,0.1959322033898305,0.31101694915254235
390235.48720000003,14802.954525453306,0.9625218116986571,0.0014035353918519082,0.03607465290949093,37,835,116,87,25287,9,0.1959322033898305,0.3220338983050847
390235.48720000003,14802.954525453306,0.9625218116986571,0.0014035353918519082,0.03607465290949093,37,835,116,87,25287,9,0.1959322033898305,0.3330508474576271
389677.31593599997,14781.781197784689,0.9625218116986571,0.002086336393293377,0.035391851908049464,55,829,104,87,25287,15,0.1959322033898305,0.34406779661016945
389677.31593599997,14781.781197784689,0.9625218116986571,0.002086336393293377,0.035391851908049464,55,829,104,87,25287,15,0.1959322033898305,0.3550847457627119
374969.49475199997,14223.863695925953,0.9625218116986571,0.004400273120400576,0.03307791518094227,116,807,65,87,25287,37,0.1959322033898305,0.36610169491525424
374969.49475199997,14223.863695925953,0.9625218116986571,0.004400273120400576,0.03307791518094227,116,807,65,87,25287,37,0.1959322033898305,0.3771186440677966
374969.49475199997,14223.863695925953,0.9625218116986571,0.004400273120400576,0.03307791518094227,116,807,65,87,25287,37,0.1959322033898305,0.38813559322033897
374969.49475199997,14223.863695925953,0.9625218116986571,0.004400273120400576,0.03307791518094227,116,807,65,87,25287,37,0.1959322033898305,0.39915254237288134
374969.49475199997,14223.863695925953,0.9625218116986571,0.004400273120400576,0.03307791518094227,116,807,65,87,25287,37,0.1959322033898305,0.4101694915254237
374969.49475199997,14223.863695925953,0.9625218116986571,0.004400273120400576,0.03307791518094227,116,807,65,87,25287,37,0.1959322033898305,0.42118644067796607
374969.49475199997,14223.863695925953,0.9625218116986571,0.004400273120400576,0.03307791518094227,116,807,65,87,25287,37,0.1959322033898305,0.43220338983050843
374969.49475199997,14223.863695925953,0.9625218116986571,0.004400273120400576,0.03307791518094227,116,807,65,87,25287,37,0.1959322033898305,0.4432203389830508
374969.49475199997,14223.863695925953,0.9625218116986571,0.004400273120400576,0.03307791518094227,116,807,65,87,25287,37,0.1959322033898305,0.45423728813559316
374969.49475199997,14223.863695925953,0.9625218116986571,0.004400273120400576,0.03307791518094227,116,807,65,87,25287,37,0.1959322033898305,0.46525423728813553
374969.49475199997,14223.863695925953,0.9625218116986571,0.004400273120400576,0.03307791518094227,116,807,65,87,25287,37,0.1959322033898305,0.4762711864406779
374969.49475199997,14223.863695925953,0.9625218116986571,0.004400273120400576,0.03307791518094227,116,807,65,87,25287,37,0.1959322033898305,0.48728813559322026
374969.49475199997,14223.863695925953,0.9625218116986571,0.004400273120400576,0.03307791518094227,116,807,65,87,25287,37,0.1959322033898305,0.4983050847457626
374186.84025599994,14194.17495850087,0.9625218116986571,0.004552006676276458,0.032926181625066386,120,805,63,87,25287,39,0.1959322033898305,0.5093220338983051
374186.84025599994,14194.17495850087,0.9625218116986571,0.004552006676276458,0.032926181625066386,120,805,63,87,25287,39,0.1959322033898305,0.5203389830508474
374186.84025599994,14194.17495850087,0.9625218116986571,0.004552006676276458,0.032926181625066386,120,805,63,87,25287,39,0.1959322033898305,0.5313559322033898
374186.84025599994,14194.17495850087,0.9625218116986571,0.004552006676276458,0.032926181625066386,120,805,63,87,25287,39,0.1959322033898305,0.5423728813559321
374186.84025599994,14194.17495850087,0.9625218116986571,0.004552006676276458,0.032926181625066386,120,805,63,87,25287,39,0.1959322033898305,0.5533898305084746
374186.84025599994,14194.17495850087,0.9625218116986571,0.004552006676276458,0.032926181625066386,120,805,63,87,25287,39,0.1959322033898305,0.5644067796610168
374186.84025599994,14194.17495850087,0.9625218116986571,0.004552006676276458,0.032926181625066386,120,805,63,87,25287,39,0.1959322033898305,0.5754237288135593
374186.84025599994,14194.17495850087,0.9625218116986571,0.004552006676276458,0.032926181625066386,120,805,63,87,25287,39,0.1959322033898305,0.5864406779661016
374186.84025599994,14194.17495850087,0.9625218116986571,0.004552006676276458,0.032926181625066386,120,805,63,87,25287,39,0.1959322033898305,0.597457627118644
374186.84025599994,14194.17495850087,0.9625218116986571,0.004552006676276458,0.032926181625066386,120,805,63,87,25287,39,0.1959322033898305,0.6084745762711864
374186.84025599994,14194.17495850087,0.9625218116986571,0.004552006676276458,0.032926181625066386,120,805,63,87,25287,39,0.1959322033898305,0.6194915254237288
374186.84025599994,14194.17495850087,0.9625218116986571,0.004552006676276458,0.032926181625066386,120,805,63,87,25287,39,0.1959322033898305,0.6305084745762711
374186.84025599994,14194.17495850087,0.9625218116986571,0.004552006676276458,0.032926181625066386,120,805,63,87,25287,39,0.1959322033898305,0.6415254237288135
378350.742016,14352.125863591531,0.9625218116986571,0.005196874288748957,0.03228131401259388,137,794,57,87,25287,50,0.1959322033898305,0.6525423728813559
378350.742016,14352.125863591531,0.9625218116986571,0.005196874288748957,0.03228131401259388,137,794,57,87,25287,50,0.1959322033898305,0.6635593220338982
382888.20128000004,14524.247070783706,0.9625218116986571,0.005765875123283514,0.03171231317805933,152,784,52,87,25287,60,0.1959322033898305,0.6745762711864406
382888.20128000004,14524.247070783706,0.9625218116986571,0.005765875123283514,0.03171231317805933,152,784,52,87,25287,60,0.1959322033898305,0.685593220338983
383832.267392,14560.058697822624,0.9625218116986571,0.006372809346787042,0.0311053789545558,168,773,47,87,25287,71,0.1959322033898305,0.6966101694915253
383832.267392,14560.058697822624,0.9625218116986571,0.006372809346787042,0.0311053789545558,168,773,47,87,25287,71,0.1959322033898305,0.7076271186440677
383832.267392,14560.058697822624,0.9625218116986571,0.006372809346787042,0.0311053789545558,168,773,47,87,25287,71,0.1959322033898305,0.7186440677966102
383832.267392,14560.058697822624,0.9625218116986571,0.006372809346787042,0.0311053789545558,168,773,47,87,25287,71,0.1959322033898305,0.7296610169491524
383832.267392,14560.058697822624,0.9625218116986571,0.006372809346787042,0.0311053789545558,168,773,47,87,25287,71,0.1959322033898305,0.7406779661016949
384246.5105280001,14575.772343828241,0.9625218116986571,0.006524542902662924,0.030953645398679917,172,770,46,87,25287,74,0.1959322033898305,0.7516949152542372
396083.07039999997,15024.77317350732,0.9625218116986571,0.00777634473863895,0.029701843562703893,205,745,38,87,25287,99,0.1959322033898305,0.7627118644067796
396083.07039999997,15024.77317350732,0.9625218116986571,0.00777634473863895,0.029701843562703893,205,745,38,87,25287,99,0.1959322033898305,0.7737288135593219
396083.07039999997,15024.77317350732,0.9625218116986571,0.00777634473863895,0.029701843562703893,205,745,38,87,25287,99,0.1959322033898305,0.7847457627118644
405791.82588799996,15393.059171838251,0.9625218116986571,0.008307412184204537,0.029170776117138305,219,734,35,87,25287,110,0.1959322033898305,0.7957627118644066
410009.484704,15553.049264243988,0.9625218116986571,0.009066079963583946,0.028412108337758896,239,718,31,87,25287,126,0.1959322033898305,0.8067796610169491
410009.484704,15553.049264243988,0.9625218116986571,0.009066079963583946,0.028412108337758896,239,718,31,87,25287,126,0.1959322033898305,0.8177966101694913
410009.484704,15553.049264243988,0.9625218116986571,0.009066079963583946,0.028412108337758896,239,718,31,87,25287,126,0.1959322033898305,0.8288135593220338
412131.20348799997,15633.53324816023,0.9625218116986571,0.00929368029739777,0.028184508003945074,245,713,30,87,25287,131,0.1959322033898305,0.8398305084745761
415241.07289599994,15751.501134056594,0.9625218116986571,0.009786814353994385,0.027691373947348455,258,702,28,87,25287,142,0.1959322033898305,0.8508474576271186
415241.07289599994,15751.501134056594,0.9625218116986571,0.009786814353994385,0.027691373947348455,258,702,28,87,25287,142,0.1959322033898305,0.8618644067796608
415241.07289599994,15751.501134056594,0.9625218116986571,0.009786814353994385,0.027691373947348455,258,702,28,87,25287,142,0.1959322033898305,0.8728813559322033
474865.9956479999,18013.27652105303,0.9625218116986571,0.013580153250891435,0.02389803505045141,358,614,16,87,25287,230,0.1959322033898305,0.8838983050847455
474865.9956479999,18013.27652105303,0.9625218116986571,0.013580153250891435,0.02389803505045141,358,614,16,87,25287,230,0.1959322033898305,0.894915254237288
474865.9956479999,18013.27652105303,0.9625218116986571,0.013580153250891435,0.02389803505045141,358,614,16,87,25287,230,0.1959322033898305,0.9059322033898305
474865.9956479999,18013.27652105303,0.9625218116986571,0.013580153250891435,0.02389803505045141,358,614,16,87,25287,230,0.1959322033898305,0.9169491525423727
474865.9956479999,18013.27652105303,0.9625218116986571,0.013580153250891435,0.02389803505045141,358,614,16,87,25287,230,0.1959322033898305,0.9279661016949152
474865.9956479999,18013.27652105303,0.9625218116986571,0.013580153250891435,0.02389803505045141,358,614,16,87,25287,230,0.1959322033898305,0.9389830508474575
474865.9956479999,18013.27652105303,0.9625218116986571,0.013580153250891435,0.02389803505045141,358,614,16,87,25287,230,0.1959322033898305,0.95
403510.58379199996,15306.523928078293,0.9630908125331917,0.0003414005007207344,0.03656778696608755,9,839,125,90,25299,2,0.20603389830508473,0.3
403225.20308800007,15295.698470829226,0.9630908125331917,0.0008345345573173507,0.03607465290949093,22,835,116,90,25299,6,0.20603389830508473,0.31101694915254235
403225.20308800007,15295.698470829226,0.9630908125331917,0.0008345345573173507,0.03607465290949093,22,835,116,90,25299,6,0.20603389830508473,0.3220338983050847
403225.20308800007,15295.698470829226,0.9630908125331917,0.0008345345573173507,0.03607465290949093,22,835,116,90,25299,6,0.20603389830508473,0.3330508474576271
402667.031824,15274.52514316061,0.9630908125331917,0.0015173355587588195,0.035391851908049464,40,829,104,90,25299,12,0.20603389830508473,0.34406779661016945
402667.031824,15274.52514316061,0.9630908125331917,0.0015173355587588195,0.035391851908049464,40,829,104,90,25299,12,0.20603389830508473,0.3550847457627119
387959.21063999995,14716.607641301873,0.9630908125331917,0.0038312722858660194,0.03307791518094227,101,807,65,90,25299,34,0.20603389830508473,0.36610169491525424
387959.21063999995,14716.607641301873,0.9630908125331917,0.0038312722858660194,0.03307791518094227,101,807,65,90,25299,34,0.20603389830508473,0.3771186440677966
387959.21063999995,14716.607641301873,0.9630908125331917,0.0038312722858660194,0.03307791518094227,101,807,65,90,25299,34,0.20603389830508473,0.38813559322033897
387959.21063999995,14716.607641301873,0.9630908125331917,0.0038312722858660194,0.03307791518094227,101,807,65,90,25299,34,0.20603389830508473,0.39915254237288134
387959.21063999995,14716.607641301873,0.9630908125331917,0.0038312722858660194,0.03307791518094227,101,807,65,90,25299,34,0.20603389830508473,0.4101694915254237
387959.21063999995,14716.607641301873,0.9630908125331917,0.0038312722858660194,0.03307791518094227,101,807,65,90,25299,34,0.20603389830508473,0.42118644067796607
387959.21063999995,14716.607641301873,0.9630908125331917,0.0038312722858660194,0.03307791518094227,101,807,65,90,25299,34,0.20603389830508473,0.43220338983050843
387959.21063999995,14716.607641301873,0.9630908125331917,0.0038312722858660194,0.03307791518094227,101,807,65,90,25299,34,0.20603389830508473,0.4432203389830508
387959.21063999995,14716.607641301873,0.9630908125331917,0.0038312722858660194,0.03307791518094227,101,807,65,90,25299,34,0.20603389830508473,0.45423728813559316
387959.21063999995,14716.607641301873,0.9630908125331917,0.0038312722858660194,0.03307791518094227,101,807,65,90,25299,34,0.20603389830508473,0.46525423728813553
387959.21063999995,14716.607641301873,0.9630908125331917,0.0038312722858660194,0.03307791518094227,101,807,65,90,25299,34,0.20603389830508473,0.4762711864406779
387959.21063999995,14716.607641301873,0.9630908125331917,0.0038312722858660194,0.03307791518094227,101,807,65,90,25299,34,0.20603389830508473,0.48728813559322026
387959.21063999995,14716.607641301873,0.9630908125331917,0.0038312722858660194,0.03307791518094227,101,807,65,90,25299,34,0.20603389830508473,0.4983050847457626
387176.556144,14686.91890387679,0.9630908125331917,0.003983005841741901,0.032926181625066386,105,805,63,90,25299,36,0.20603389830508473,0.5093220338983051
387176.556144,14686.91890387679,0.9630908125331917,0.003983005841741901,0.032926181625066386,105,805,63,90,25299,36,0.20603389830508473,0.5203389830508474
387176.556144,14686.91890387679,0.9630908125331917,0.003983005841741901,0.032926181625066386,105,805,63,90,25299,36,0.20603389830508473,0.5313559322033898
387176.556144,14686.91890387679,0.9630908125331917,0.003983005841741901,0.032926181625066386,105,805,63,90,25299,36,0.20603389830508473,0.5423728813559321
387176.556144,14686.91890387679,0.9630908125331917,0.003983005841741901,0.032926181625066386,105,805,63,90,25299,36,0.20603389830508473,0.5533898305084746
387176.556144,14686.91890387679,0.9630908125331917,0.003983005841741901,0.032926181625066386,105,805,63,90,25299,36,0.20603389830508473,0.5644067796610168
387176.556144,14686.91890387679,0.9630908125331917,0.003983005841741901,0.032926181625066386,105,805,63,90,25299,36,0.20603389830508473,0.5754237288135593
387176.556144,14686.91890387679,0.9630908125331917,0.003983005841741901,0.032926181625066386,105,805,63,90,25299,36,0.20603389830508473,0.5864406779661016
387176.556144,14686.91890387679,0.9630908125331917,0.003983005841741901,0.032926181625066386,105,805,63,90,25299,36,0.20603389830508473,0.597457627118644
387176.556144,14686.91890387679,0.9630908125331917,0.003983005841741901,0.032926181625066386,105,805,63,90,25299,36,0.20603389830508473,0.6084745762711864
387176.556144,14686.91890387679,0.9630908125331917,0.003983005841741901,0.032926181625066386,105,805,63,90,25299,36,0.20603389830508473,0.6194915254237288
387176.556144,14686.91890387679,0.9630908125331917,0.003983005841741901,0.032926181625066386,105,805,63,90,25299,36,0.20603389830508473,0.6305084745762711
387176.556144,14686.91890387679,0.9630908125331917,0.003983005841741901,0.032926181625066386,105,805,63,90,25299,36,0.20603389830508473,0.6415254237288135
391340.45790399995,14844.86980896745,0.9630908125331917,0.0046278734542144,0.03228131401259388,122,794,57,90,25299,47,0.20603389830508473,0.6525423728813559
391340.45790399995,14844.86980896745,0.9630908125331917,0.0046278734542144,0.03228131401259388,122,794,57,90,25299,47,0.20603389830508473,0.6635593220338982
395877.917168,15016.991016159624,0.9630908125331917,0.005196874288748957,0.03171231317805933,137,784,52,90,25299,57,0.20603389830508473,0.6745762711864406
395877.917168,15016.991016159624,0.9630908125331917,0.005196874288748957,0.03171231317805933,137,784,52,90,25299,57,0.20603389830508473,0.685593220338983
396821.9832799999,15052.802643198542,0.9630908125331917,0.005803808512252485,0.0311053789545558,153,773,47,90,25299,68,0.20603389830508473,0.6966101694915253
396821.9832799999,15052.802643198542,0.9630908125331917,0.005803808512252485,0.0311053789545558,153,773,47,90,25299,68,0.20603389830508473,0.7076271186440677
396821.9832799999,15052.802643198542,0.9630908125331917,0.005803808512252485,0.0311053789545558,153,773,47,90,25299,68,0.20603389830508473,0.7186440677966102
396821.9832799999,15052.802643198542,0.9630908125331917,0.005803808512252485,0.0311053789545558,153,773,47,90,25299,68,0.20603389830508473,0.7296610169491524
396821.9832799999,15052.802643198542,0.9630908125331917,0.005803808512252485,0.0311053789545558,153,773,47,90,25299,68,0.20603389830508473,0.7406779661016949
397236.226416,15068.516289204157,0.9630908125331917,0.005955542068128367,0.030953645398679917,157,770,46,90,25299,71,0.20603389830508473,0.7516949152542372
409072.78628799994,15517.51711888324,0.9630908125331917,0.007207343904104393,0.029701843562703893,190,745,38,90,25299,96,0.20603389830508473,0.7627118644067796
409072.78628799994,15517.51711888324,0.9630908125331917,0.007207343904104393,0.029701843562703893,190,745,38,90,25299,96,0.20603389830508473,0.7737288135593219
409072.78628799994,15517.51711888324,0.9630908125331917,0.007207343904104393,0.029701843562703893,190,745,38,90,25299,96,0.20603389830508473,0.7847457627118644
418781.541776,15885.803117214171,0.9630908125331917,0.007738411349669979,0.029170776117138305,204,734,35,90,25299,107,0.20603389830508473,0.7957627118644066
422999.20059200004,16045.79320961991,0.9630908125331917,0.008497079129049389,0.028412108337758896,224,718,31,90,25299,123,0.20603389830508473,0.8067796610169491
422999.20059200004,16045.79320961991,0.9630908125331917,0.008497079129049389,0.028412108337758896,224,718,31,90,25299,123,0.20603389830508473,0.8177966101694913
422999.20059200004,16045.79320961991,0.9630908125331917,0.008497079129049389,0.028412108337758896,224,718,31,90,25299,123,0.20603389830508473,0.8288135593220338
425120.91937599995,16126.277193536147,0.9630908125331917,0.008724679462863212,0.028184508003945074,230,713,30,90,25299,128,0.20603389830508473,0.8398305084745761
428230.788784,16244.245079432516,0.9630908125331917,0.00921781351945983,0.027691373947348455,243,702,28,90,25299,139,0.20603389830508473,0.8508474576271186
428230.788784,16244.245079432516,0.9630908125331917,0.00921781351945983,0.027691373947348455,243,702,28,90,25299,139,0.20603389830508473,0.8618644067796608
428230.788784,16244.245079432516,0.9630908125331917,0.00921781351945983,0.027691373947348455,243,702,28,90,25299,139,0.20603389830508473,0.8728813559322033
487855.711536,18506.02046642895,0.9630908125331917,0.013011152416356878,0.02389803505045141,343,614,16,90,25299,227,0.20603389830508473,0.8838983050847455
487855.711536,18506.02046642895,0.9630908125331917,0.013011152416356878,0.02389803505045141,343,614,16,90,25299,227,0.20603389830508473,0.894915254237288
487855.711536,18506.02046642895,0.9630908125331917,0.013011152416356878,0.02389803505045141,343,614,16,90,25299,227,0.20603389830508473,0.9059322033898305
487855.711536,18506.02046642895,0.9630908125331917,0.013011152416356878,0.02389803505045141,343,614,16,90,25299,227,0.20603389830508473,0.9169491525423727
487855.711536,18506.02046642895,0.9630908125331917,0.013011152416356878,0.02389803505045141,343,614,16,90,25299,227,0.20603389830508473,0.9279661016949152
487855.711536,18506.02046642895,0.9630908125331917,0.013011152416356878,0.02389803505045141,343,614,16,90,25299,227,0.20603389830508473,0.9389830508474575
487855.711536,18506.02046642895,0.9630908125331917,0.013011152416356878,0.02389803505045141,343,614,16,90,25299,227,0.20603389830508473,0.95
403510.58379199996,15306.523928078293,0.9630908125331917,0.0003414005007207344,0.03656778696608755,9,839,125,90,25299,2,0.21613559322033898,0.3
403225.20308800007,15295.698470829226,0.9630908125331917,0.0008345345573173507,0.03607465290949093,22,835,116,90,25299,6,0.21613559322033898,0.31101694915254235
403225.20308800007,15295.698470829226,0.9630908125331917,0.0008345345573173507,0.03607465290949093,22,835,116,90,25299,6,0.21613559322033898,0.3220338983050847
403225.20308800007,15295.698470829226,0.9630908125331917,0.0008345345573173507,0.03607465290949093,22,835,116,90,25299,6,0.21613559322033898,0.3330508474576271
402667.031824,15274.52514316061,0.9630908125331917,0.0015173355587588195,0.035391851908049464,40,829,104,90,25299,12,0.21613559322033898,0.34406779661016945
402667.031824,15274.52514316061,0.9630908125331917,0.0015173355587588195,0.035391851908049464,40,829,104,90,25299,12,0.21613559322033898,0.3550847457627119
387959.21063999995,14716.607641301873,0.9630908125331917,0.0038312722858660194,0.03307791518094227,101,807,65,90,25299,34,0.21613559322033898,0.36610169491525424
387959.21063999995,14716.607641301873,0.9630908125331917,0.0038312722858660194,0.03307791518094227,101,807,65,90,25299,34,0.21613559322033898,0.3771186440677966
387959.21063999995,14716.607641301873,0.9630908125331917,0.0038312722858660194,0.03307791518094227,101,807,65,90,25299,34,0.21613559322033898,0.38813559322033897
387959.21063999995,14716.607641301873,0.9630908125331917,0.0038312722858660194,0.03307791518094227,101,807,65,90,25299,34,0.21613559322033898,0.39915254237288134
387959.21063999995,14716.607641301873,0.9630908125331917,0.0038312722858660194,0.03307791518094227,101,807,65,90,25299,34,0.21613559322033898,0.4101694915254237
387959.21063999995,14716.607641301873,0.9630908125331917,0.0038312722858660194,0.03307791518094227,101,807,65,90,25299,34,0.21613559322033898,0.42118644067796607
387959.21063999995,14716.607641301873,0.9630908125331917,0.0038312722858660194,0.03307791518094227,101,807,65,90,25299,34,0.21613559322033898,0.43220338983050843
387959.21063999995,14716.607641301873,0.9630908125331917,0.0038312722858660194,0.03307791518094227,101,807,65,90,25299,34,0.21613559322033898,0.4432203389830508
387959.21063999995,14716.607641301873,0.9630908125331917,0.0038312722858660194,0.03307791518094227,101,807,65,90,25299,34,0.21613559322033898,0.45423728813559316
387959.21063999995,14716.607641301873,0.9630908125331917,0.0038312722858660194,0.03307791518094227,101,807,65,90,25299,34,0.21613559322033898,0.46525423728813553
387959.21063999995,14716.607641301873,0.9630908125331917,0.0038312722858660194,0.03307791518094227,101,807,65,90,25299,34,0.21613559322033898,0.4762711864406779
387959.21063999995,14716.607641301873,0.9630908125331917,0.0038312722858660194,0.03307791518094227,101,807,65,90,25299,34,0.21613559322033898,0.48728813559322026
387959.21063999995,14716.607641301873,0.9630908125331917,0.0038312722858660194,0.03307791518094227,101,807,65,90,25299,34,0.21613559322033898,0.4983050847457626
387176.556144,14686.91890387679,0.9630908125331917,0.003983005841741901,0.032926181625066386,105,805,63,90,25299,36,0.21613559322033898,0.5093220338983051
387176.556144,14686.91890387679,0.9630908125331917,0.003983005841741901,0.032926181625066386,105,805,63,90,25299,36,0.21613559322033898,0.5203389830508474
387176.556144,14686.91890387679,0.9630908125331917,0.003983005841741901,0.032926181625066386,105,805,63,90,25299,36,0.21613559322033898,0.5313559322033898
387176.556144,14686.91890387679,0.9630908125331917,0.003983005841741901,0.032926181625066386,105,805,63,90,25299,36,0.21613559322033898,0.5423728813559321
387176.556144,14686.91890387679,0.9630908125331917,0.003983005841741901,0.032926181625066386,105,805,63,90,25299,36,0.21613559322033898,0.5533898305084746
387176.556144,14686.91890387679,0.9630908125331917,0.003983005841741901,0.032926181625066386,105,805,63,90,25299,36,0.21613559322033898,0.5644067796610168
387176.556144,14686.91890387679,0.9630908125331917,0.003983005841741901,0.032926181625066386,105,805,63,90,25299,36,0.21613559322033898,0.5754237288135593
387176.556144,14686.91890387679,0.9630908125331917,0.003983005841741901,0.032926181625066386,105,805,63,90,25299,36,0.21613559322033898,0.5864406779661016
387176.556144,14686.91890387679,0.9630908125331917,0.003983005841741901,0.032926181625066386,105,805,63,90,25299,36,0.21613559322033898,0.597457627118644
387176.556144,14686.91890387679,0.9630908125331917,0.003983005841741901,0.032926181625066386,105,805,63,90,25299,36,0.21613559322033898,0.6084745762711864
387176.556144,14686.91890387679,0.9630908125331917,0.003983005841741901,0.032926181625066386,105,805,63,90,25299,36,0.21613559322033898,0.6194915254237288
387176.556144,14686.91890387679,0.9630908125331917,0.003983005841741901,0.032926181625066386,105,805,63,90,25299,36,0.21613559322033898,0.6305084745762711
387176.556144,14686.91890387679,0.9630908125331917,0.003983005841741901,0.032926181625066386,105,805,63,90,25299,36,0.21613559322033898,0.6415254237288135
391340.45790399995,14844.86980896745,0.9630908125331917,0.0046278734542144,0.03228131401259388,122,794,57,90,25299,47,0.21613559322033898,0.6525423728813559
391340.45790399995,14844.86980896745,0.9630908125331917,0.0046278734542144,0.03228131401259388,122,794,57,90,25299,47,0.21613559322033898,0.6635593220338982
395877.917168,15016.991016159624,0.9630908125331917,0.005196874288748957,0.03171231317805933,137,784,52,90,25299,57,0.21613559322033898,0.6745762711864406
395877.917168,15016.991016159624,0.9630908125331917,0.005196874288748957,0.03171231317805933,137,784,52,90,25299,57,0.21613559322033898,0.685593220338983
396821.9832799999,15052.802643198542,0.9630908125331917,0.005803808512252485,0.0311053789545558,153,773,47,90,25299,68,0.21613559322033898,0.6966101694915253
396821.9832799999,15052.802643198542,0.9630908125331917,0.005803808512252485,0.0311053789545558,153,773,47,90,25299,68,0.21613559322033898,0.7076271186440677
396821.9832799999,15052.802643198542,0.9630908125331917,0.005803808512252485,0.0311053789545558,153,773,47,90,25299,68,0.21613559322033898,0.7186440677966102
396821.9832799999,15052.802643198542,0.9630908125331917,0.005803808512252485,0.0311053789545558,153,773,47,90,25299,68,0.21613559322033898,0.7296610169491524
396821.9832799999,15052.802643198542,0.9630908125331917,0.005803808512252485,0.0311053789545558,153,773,47,90,25299,68,0.21613559322033898,0.7406779661016949
397236.226416,15068.516289204157,0.9630908125331917,0.005955542068128367,0.030953645398679917,157,770,46,90,25299,71,0.21613559322033898,0.7516949152542372
409072.78628799994,15517.51711888324,0.9630908125331917,0.007207343904104393,0.029701843562703893,190,745,38,90,25299,96,0.21613559322033898,0.7627118644067796
409072.78628799994,15517.51711888324,0.9630908125331917,0.007207343904104393,0.029701843562703893,190,745,38,90,25299,96,0.21613559322033898,0.7737288135593219
409072.78628799994,15517.51711888324,0.9630908125331917,0.007207343904104393,0.029701843562703893,190,745,38,90,25299,96,0.21613559322033898,0.7847457627118644
418781.541776,15885.803117214171,0.9630908125331917,0.007738411349669979,0.029170776117138305,204,734,35,90,25299,107,0.21613559322033898,0.7957627118644066
422999.20059200004,16045.79320961991,0.9630908125331917,0.008497079129049389,0.028412108337758896,224,718,31,90,25299,123,0.21613559322033898,0.8067796610169491
422999.20059200004,16045.79320961991,0.9630908125331917,0.008497079129049389,0.028412108337758896,224,718,31,90,25299,123,0.21613559322033898,0.8177966101694913
422999.20059200004,16045.79320961991,0.9630908125331917,0.008497079129049389,0.028412108337758896,224,718,31,90,25299,123,0.21613559322033898,0.8288135593220338
425120.91937599995,16126.277193536147,0.9630908125331917,0.008724679462863212,0.028184508003945074,230,713,30,90,25299,128,0.21613559322033898,0.8398305084745761
428230.788784,16244.245079432516,0.9630908125331917,0.00921781351945983,0.027691373947348455,243,702,28,90,25299,139,0.21613559322033898,0.8508474576271186
428230.788784,16244.245079432516,0.9630908125331917,0.00921781351945983,0.027691373947348455,243,702,28,90,25299,139,0.21613559322033898,0.8618644067796608
428230.788784,16244.245079432516,0.9630908125331917,0.00921781351945983,0.027691373947348455,243,702,28,90,25299,139,0.21613559322033898,0.8728813559322033
487855.711536,18506.02046642895,0.9630908125331917,0.013011152416356878,0.02389803505045141,343,614,16,90,25299,227,0.21613559322033898,0.8838983050847455
487855.711536,18506.02046642895,0.9630908125331917,0.013011152416356878,0.02389803505045141,343,614,16,90,25299,227,0.21613559322033898,0.894915254237288
487855.711536,18506.02046642895,0.9630908125331917,0.013011152416356878,0.02389803505045141,343,614,16,90,25299,227,0.21613559322033898,0.9059322033898305
487855.711536,18506.02046642895,0.9630908125331917,0.013011152416356878,0.02389803505045141,343,614,16,90,25299,227,0.21613559322033898,0.9169491525423727
487855.711536,18506.02046642895,0.9630908125331917,0.013011152416356878,0.02389803505045141,343,614,16,90,25299,227,0.21613559322033898,0.9279661016949152
487855.711536,18506.02046642895,0.9630908125331917,0.013011152416356878,0.02389803505045141,343,614,16,90,25299,227,0.21613559322033898,0.9389830508474575
487855.711536,18506.02046642895,0.9630908125331917,0.013011152416356878,0.02389803505045141,343,614,16,90,25299,227,0.21613559322033898,0.95
406040.41079999995,15402.488839996964,0.9634322130339125,0.0,0.03656778696608755,0,839,125,92,25306,0,0.2262372881355932,0.3
405755.030096,15391.663382747895,0.9634322130339125,0.0004931340565966164,0.03607465290949093,13,835,116,92,25306,4,0.2262372881355932,0.31101694915254235
405755.030096,15391.663382747895,0.9634322130339125,0.0004931340565966164,0.03607465290949093,13,835,116,92,25306,4,0.2262372881355932,0.3220338983050847
405755.030096,15391.663382747895,0.9634322130339125,0.0004931340565966164,0.03607465290949093,13,835,116,92,25306,4,0.2262372881355932,0.3330508474576271
405196.85883200006,15370.490055079283,0.9634322130339125,0.001175935058038085,0.035391851908049464,31,829,104,92,25306,10,0.2262372881355932,0.34406779661016945
405196.85883200006,15370.490055079283,0.9634322130339125,0.001175935058038085,0.035391851908049464,31,829,104,92,25306,10,0.2262372881355932,0.3550847457627119
390489.037648,14812.572553220545,0.9634322130339125,0.003489871785145285,0.03307791518094227,92,807,65,92,25306,32,0.2262372881355932,0.36610169491525424
390489.037648,14812.572553220545,0.9634322130339125,0.003489871785145285,0.03307791518094227,92,807,65,92,25306,32,0.2262372881355932,0.3771186440677966
390489.037648,14812.572553220545,0.9634322130339125,0.003489871785145285,0.03307791518094227,92,807,65,92,25306,32,0.2262372881355932,0.38813559322033897
390489.037648,14812.572553220545,0.9634322130339125,0.003489871785145285,0.03307791518094227,92,807,65,92,25306,32,0.2262372881355932,0.39915254237288134
390489.037648,14812.572553220545,0.9634322130339125,0.003489871785145285,0.03307791518094227,92,807,65,92,25306,32,0.2262372881355932,0.4101694915254237
390489.037648,14812.572553220545,0.9634322130339125,0.003489871785145285,0.03307791518094227,92,807,65,92,25306,32,0.2262372881355932,0.42118644067796607
390489.037648,14812.572553220545,0.9634322130339125,0.003489871785145285,0.03307791518094227,92,807,65,92,25306,32,0.2262372881355932,0.43220338983050843
390489.037648,14812.572553220545,0.9634322130339125,0.003489871785145285,0.03307791518094227,92,807,65,92,25306,32,0.2262372881355932,0.4432203389830508
390489.037648,14812.572553220545,0.9634322130339125,0.003489871785145285,0.03307791518094227,92,807,65,92,25306,32,0.2262372881355932,0.45423728813559316
390489.037648,14812.572553220545,0.9634322130339125,0.003489871785145285,0.03307791518094227,92,807,65,92,25306,32,0.2262372881355932,0.46525423728813553
390489.037648,14812.572553220545,0.9634322130339125,0.003489871785145285,0.03307791518094227,92,807,65,92,25306,32,0.2262372881355932,0.4762711864406779
390489.037648,14812.572553220545,0.9634322130339125,0.003489871785145285,0.03307791518094227,92,807,65,92,25306,32,0.2262372881355932,0.48728813559322026
390489.037648,14812.572553220545,0.9634322130339125,0.003489871785145285,0.03307791518094227,92,807,65,92,25306,32,0.2262372881355932,0.4983050847457626
389706.38315199997,14782.883815795461,0.9634322130339125,0.0036416053410211666,0.032926181625066386,96,805,63,92,25306,34,0.2262372881355932,0.5093220338983051
389706.38315199997,14782.883815795461,0.9634322130339125,0.0036416053410211666,0.032926181625066386,96,805,63,92,25306,34,0.2262372881355932,0.5203389830508474
389706.38315199997,14782.883815795461,0.9634322130339125,0.0036416053410211666,0.032926181625066386,96,805,63,92,25306,34,0.2262372881355932,0.5313559322033898
389706.38315199997,14782.883815795461,0.9634322130339125,0.0036416053410211666,0.032926181625066386,96,805,63,92,25306,34,0.2262372881355932,0.5423728813559321
389706.38315199997,14782.883815795461,0.9634322130339125,0.0036416053410211666,0.032926181625066386,96,805,63,92,25306,34,0.2262372881355932,0.5533898305084746
389706.38315199997,14782.883815795461,0.9634322130339125,0.0036416053410211666,0.032926181625066386,96,805,63,92,25306,34,0.2262372881355932,0.5644067796610168
389706.38315199997,14782.883815795461,0.9634322130339125,0.0036416053410211666,0.032926181625066386,96,805,63,92,25306,34,0.2262372881355932,0.5754237288135593
389706.38315199997,14782.883815795461,0.9634322130339125,0.0036416053410211666,0.032926181625066386,96,805,63,92,25306,34,0.2262372881355932,0.5864406779661016
389706.38315199997,14782.883815795461,0.9634322130339125,0.0036416053410211666,0.032926181625066386,96,805,63,92,25306,34,0.2262372881355932,0.597457627118644
389706.38315199997,14782.883815795461,0.9634322130339125,0.0036416053410211666,0.032926181625066386,96,805,63,92,25306,34,0.2262372881355932,0.6084745762711864
389706.38315199997,14782.883815795461,0.9634322130339125,0.0036416053410211666,0.032926181625066386,96,805,63,92,25306,34,0.2262372881355932,0.6194915254237288
389706.38315199997,14782.883815795461,0.9634322130339125,0.0036416053410211666,0.032926181625066386,96,805,63,92,25306,34,0.2262372881355932,0.6305084745762711
389706.38315199997,14782.883815795461,0.9634322130339125,0.0036416053410211666,0.032926181625066386,96,805,63,92,25306,34,0.2262372881355932,0.6415254237288135
393870.28491200006,14940.834720886127,0.9634322130339125,0.0042864729534936655,0.03228131401259388,113,794,57,92,25306,45,0.2262372881355932,0.6525423728813559
393870.28491200006,14940.834720886127,0.9634322130339125,0.0042864729534936655,0.03228131401259388,113,794,57,92,25306,45,0.2262372881355932,0.6635593220338982
398407.744176,15112.955928078294,0.9634322130339125,0.0048554737880282224,0.03171231317805933,128,784,52,92,25306,55,0.2262372881355932,0.6745762711864406
398407.744176,15112.955928078294,0.9634322130339125,0.0048554737880282224,0.03171231317805933,128,784,52,92,25306,55,0.2262372881355932,0.685593220338983
399351.810288,15148.767555117214,0.9634322130339125,0.005462408011531751,0.0311053789545558,144,773,47,92,25306,66,0.2262372881355932,0.6966101694915253
399351.810288,15148.767555117214,0.9634322130339125,0.005462408011531751,0.0311053789545558,144,773,47,92,25306,66,0.2262372881355932,0.7076271186440677
399351.810288,15148.767555117214,0.9634322130339125,0.005462408011531751,0.0311053789545558,144,773,47,92,25306,66,0.2262372881355932,0.7186440677966102
399351.810288,15148.767555117214,0.9634322130339125,0.005462408011531751,0.0311053789545558,144,773,47,92,25306,66,0.2262372881355932,0.7296610169491524
399351.810288,15148.767555117214,0.9634322130339125,0.005462408011531751,0.0311053789545558,144,773,47,92,25306,66,0.2262372881355932,0.7406779661016949
399766.053424,15164.481201122828,0.9634322130339125,0.005614141567407633,0.030953645398679917,148,770,46,92,25306,69,0.2262372881355932,0.7516949152542372
411602.613296,15613.482030801912,0.9634322130339125,0.006865943403383658,0.029701843562703893,181,745,38,92,25306,94,0.2262372881355932,0.7627118644067796
411602.613296,15613.482030801912,0.9634322130339125,0.006865943403383658,0.029701843562703893,181,745,38,92,25306,94,0.2262372881355932,0.7737288135593219
411602.613296,15613.482030801912,0.9634322130339125,0.006865943403383658,0.029701843562703893,181,745,38,92,25306,94,0.2262372881355932,0.7847457627118644
421311.36878400005,15981.768029132845,0.9634322130339125,0.007397010848949245,0.029170776117138305,195,734,35,92,25306,105,0.2262372881355932,0.7957627118644066
425529.02760000003,16141.75812153858,0.9634322130339125,0.008155678628328654,0.028412108337758896,215,718,31,92,25306,121,0.2262372881355932,0.8067796610169491
425529.02760000003,16141.75812153858,0.9634322130339125,0.008155678628328654,0.028412108337758896,215,718,31,92,25306,121,0.2262372881355932,0.8177966101694913
425529.02760000003,16141.75812153858,0.9634322130339125,0.008155678628328654,0.028412108337758896,215,718,31,92,25306,121,0.2262372881355932,0.8288135593220338
427650.74638399994,16222.242105454818,0.9634322130339125,0.008383278962142478,0.028184508003945074,221,713,30,92,25306,126,0.2262372881355932,0.8398305084745761
430760.61579199997,16340.209991351188,0.9634322130339125,0.008876413018739095,0.027691373947348455,234,702,28,92,25306,137,0.2262372881355932,0.8508474576271186
430760.61579199997,16340.209991351188,0.9634322130339125,0.008876413018739095,0.027691373947348455,234,702,28,92,25306,137,0.2262372881355932,0.8618644067796608
430760.61579199997,16340.209991351188,0.9634322130339125,0.008876413018739095,0.027691373947348455,234,702,28,92,25306,137,0.2262372881355932,0.8728813559322033
490385.538544,18601.98537834762,0.9634322130339125,0.012669751915636143,0.02389803505045141,334,614,16,92,25306,225,0.2262372881355932,0.8838983050847455
490385.538544,18601.98537834762,0.9634322130339125,0.012669751915636143,0.02389803505045141,334,614,16,92,25306,225,0.2262372881355932,0.894915254237288
490385.538544,18601.98537834762,0.9634322130339125,0.012669751915636143,0.02389803505045141,334,614,16,92,25306,225,0.2262372881355932,0.9059322033898305
490385.538544,18601.98537834762,0.9634322130339125,0.012669751915636143,0.02389803505045141,334,614,16,92,25306,225,0.2262372881355932,0.9169491525423727
490385.538544,18601.98537834762,0.9634322130339125,0.012669751915636143,0.02389803505045141,334,614,16,92,25306,225,0.2262372881355932,0.9279661016949152
490385.538544,18601.98537834762,0.9634322130339125,0.012669751915636143,0.02389803505045141,334,614,16,92,25306,225,0.2262372881355932,0.9389830508474575
490385.538544,18601.98537834762,0.9634322130339125,0.012669751915636143,0.02389803505045141,334,614,16,92,25306,225,0.2262372881355932,0.95
406040.41079999995,15402.488839996964,0.9634322130339125,0.0,0.03656778696608755,0,839,125,92,25306,0,0.23633898305084744,0.3
405755.030096,15391.663382747895,0.9634322130339125,0.0004931340565966164,0.03607465290949093,13,835,116,92,25306,4,0.23633898305084744,0.31101694915254235
405755.030096,15391.663382747895,0.9634322130339125,0.0004931340565966164,0.03607465290949093,13,835,116,92,25306,4,0.23633898305084744,0.3220338983050847
405755.030096,15391.663382747895,0.9634322130339125,0.0004931340565966164,0.03607465290949093,13,835,116,92,25306,4,0.23633898305084744,0.3330508474576271
405196.85883200006,15370.490055079283,0.9634322130339125,0.001175935058038085,0.035391851908049464,31,829,104,92,25306,10,0.23633898305084744,0.34406779661016945
405196.85883200006,15370.490055079283,0.9634322130339125,0.001175935058038085,0.035391851908049464,31,829,104,92,25306,10,0.23633898305084744,0.3550847457627119
390489.037648,14812.572553220545,0.9634322130339125,0.003489871785145285,0.03307791518094227,92,807,65,92,25306,32,0.23633898305084744,0.36610169491525424
390489.037648,14812.572553220545,0.9634322130339125,0.003489871785145285,0.03307791518094227,92,807,65,92,25306,32,0.23633898305084744,0.3771186440677966
390489.037648,14812.572553220545,0.9634322130339125,0.003489871785145285,0.03307791518094227,92,807,65,92,25306,32,0.23633898305084744,0.38813559322033897
390489.037648,14812.572553220545,0.9634322130339125,0.003489871785145285,0.03307791518094227,92,807,65,92,25306,32,0.23633898305084744,0.39915254237288134
390489.037648,14812.572553220545,0.9634322130339125,0.003489871785145285,0.03307791518094227,92,807,65,92,25306,32,0.23633898305084744,0.4101694915254237
390489.037648,14812.572553220545,0.9634322130339125,0.003489871785145285,0.03307791518094227,92,807,65,92,25306,32,0.23633898305084744,0.42118644067796607
390489.037648,14812.572553220545,0.9634322130339125,0.003489871785145285,0.03307791518094227,92,807,65,92,25306,32,0.23633898305084744,0.43220338983050843
390489.037648,14812.572553220545,0.9634322130339125,0.003489871785145285,0.03307791518094227,92,807,65,92,25306,32,0.23633898305084744,0.4432203389830508
390489.037648,14812.572553220545,0.9634322130339125,0.003489871785145285,0.03307791518094227,92,807,65,92,25306,32,0.23633898305084744,0.45423728813559316
390489.037648,14812.572553220545,0.9634322130339125,0.003489871785145285,0.03307791518094227,92,807,65,92,25306,32,0.23633898305084744,0.46525423728813553
390489.037648,14812.572553220545,0.9634322130339125,0.003489871785145285,0.03307791518094227,92,807,65,92,25306,32,0.23633898305084744,0.4762711864406779
390489.037648,14812.572553220545,0.9634322130339125,0.003489871785145285,0.03307791518094227,92,807,65,92,25306,32,0.23633898305084744,0.48728813559322026
390489.037648,14812.572553220545,0.9634322130339125,0.003489871785145285,0.03307791518094227,92,807,65,92,25306,32,0.23633898305084744,0.4983050847457626
389706.38315199997,14782.883815795461,0.9634322130339125,0.0036416053410211666,0.032926181625066386,96,805,63,92,25306,34,0.23633898305084744,0.5093220338983051
389706.38315199997,14782.883815795461,0.9634322130339125,0.0036416053410211666,0.032926181625066386,96,805,63,92,25306,34,0.23633898305084744,0.5203389830508474
389706.38315199997,14782.883815795461,0.9634322130339125,0.0036416053410211666,0.032926181625066386,96,805,63,92,25306,34,0.23633898305084744,0.5313559322033898
389706.38315199997,14782.883815795461,0.9634322130339125,0.0036416053410211666,0.032926181625066386,96,805,63,92,25306,34,0.23633898305084744,0.5423728813559321
389706.38315199997,14782.883815795461,0.9634322130339125,0.0036416053410211666,0.032926181625066386,96,805,63,92,25306,34,0.23633898305084744,0.5533898305084746
389706.38315199997,14782.883815795461,0.9634322130339125,0.0036416053410211666,0.032926181625066386,96,805,63,92,25306,34,0.23633898305084744,0.5644067796610168
389706.38315199997,14782.883815795461,0.9634322130339125,0.0036416053410211666,0.032926181625066386,96,805,63,92,25306,34,0.23633898305084744,0.5754237288135593
389706.38315199997,14782.883815795461,0.9634322130339125,0.0036416053410211666,0.032926181625066386,96,805,63,92,25306,34,0.23633898305084744,0.5864406779661016
389706.38315199997,14782.883815795461,0.9634322130339125,0.0036416053410211666,0.032926181625066386,96,805,63,92,25306,34,0.23633898305084744,0.597457627118644
389706.38315199997,14782.883815795461,0.9634322130339125,0.0036416053410211666,0.032926181625066386,96,805,63,92,25306,34,0.23633898305084744,0.6084745762711864
389706.38315199997,14782.883815795461,0.9634322130339125,0.0036416053410211666,0.032926181625066386,96,805,63,92,25306,34,0.23633898305084744,0.6194915254237288
389706.38315199997,14782.883815795461,0.9634322130339125,0.0036416053410211666,0.032926181625066386,96,805,63,92,25306,34,0.23633898305084744,0.6305084745762711
389706.38315199997,14782.883815795461,0.9634322130339125,0.0036416053410211666,0.032926181625066386,96,805,63,92,25306,34,0.23633898305084744,0.6415254237288135
393870.28491200006,14940.834720886127,0.9634322130339125,0.0042864729534936655,0.03228131401259388,113,794,57,92,25306,45,0.23633898305084744,0.6525423728813559
393870.28491200006,14940.834720886127,0.9634322130339125,0.0042864729534936655,0.03228131401259388,113,794,57,92,25306,45,0.23633898305084744,0.6635593220338982
398407.744176,15112.955928078294,0.9634322130339125,0.0048554737880282224,0.03171231317805933,128,784,52,92,25306,55,0.23633898305084744,0.6745762711864406
398407.744176,15112.955928078294,0.9634322130339125,0.0048554737880282224,0.03171231317805933,128,784,52,92,25306,55,0.23633898305084744,0.685593220338983
399351.810288,15148.767555117214,0.9634322130339125,0.005462408011531751,0.0311053789545558,144,773,47,92,25306,66,0.23633898305084744,0.6966101694915253
399351.810288,15148.767555117214,0.9634322130339125,0.005462408011531751,0.0311053789545558,144,773,47,92,25306,66,0.23633898305084744,0.7076271186440677
399351.810288,15148.767555117214,0.9634322130339125,0.005462408011531751,0.0311053789545558,144,773,47,92,25306,66,0.23633898305084744,0.7186440677966102
399351.810288,15148.767555117214,0.9634322130339125,0.005462408011531751,0.0311053789545558,144,773,47,92,25306,66,0.23633898305084744,0.7296610169491524
399351.810288,15148.767555117214,0.9634322130339125,0.005462408011531751,0.0311053789545558,144,773,47,92,25306,66,0.23633898305084744,0.7406779661016949
399766.053424,15164.481201122828,0.9634322130339125,0.005614141567407633,0.030953645398679917,148,770,46,92,25306,69,0.23633898305084744,0.7516949152542372
411602.613296,15613.482030801912,0.9634322130339125,0.006865943403383658,0.029701843562703893,181,745,38,92,25306,94,0.23633898305084744,0.7627118644067796
411602.613296,15613.482030801912,0.9634322130339125,0.006865943403383658,0.029701843562703893,181,745,38,92,25306,94,0.23633898305084744,0.7737288135593219
411602.613296,15613.482030801912,0.9634322130339125,0.006865943403383658,0.029701843562703893,181,745,38,92,25306,94,0.23633898305084744,0.7847457627118644
421311.36878400005,15981.768029132845,0.9634322130339125,0.007397010848949245,0.029170776117138305,195,734,35,92,25306,105,0.23633898305084744,0.7957627118644066
425529.02760000003,16141.75812153858,0.9634322130339125,0.008155678628328654,0.028412108337758896,215,718,31,92,25306,121,0.23633898305084744,0.8067796610169491
425529.02760000003,16141.75812153858,0.9634322130339125,0.008155678628328654,0.028412108337758896,215,718,31,92,25306,121,0.23633898305084744,0.8177966101694913
425529.02760000003,16141.75812153858,0.9634322130339125,0.008155678628328654,0.028412108337758896,215,718,31,92,25306,121,0.23633898305084744,0.8288135593220338
427650.74638399994,16222.242105454818,0.9634322130339125,0.008383278962142478,0.028184508003945074,221,713,30,92,25306,126,0.23633898305084744,0.8398305084745761
430760.61579199997,16340.209991351188,0.9634322130339125,0.008876413018739095,0.027691373947348455,234,702,28,92,25306,137,0.23633898305084744,0.8508474576271186
430760.61579199997,16340.209991351188,0.9634322130339125,0.008876413018739095,0.027691373947348455,234,702,28,92,25306,137,0.23633898305084744,0.8618644067796608
430760.61579199997,16340.209991351188,0.9634322130339125,0.008876413018739095,0.027691373947348455,234,702,28,92,25306,137,0.23633898305084744,0.8728813559322033
490385.538544,18601.98537834762,0.9634322130339125,0.012669751915636143,0.02389803505045141,334,614,16,92,25306,225,0.23633898305084744,0.8838983050847455
490385.538544,18601.98537834762,0.9634322130339125,0.012669751915636143,0.02389803505045141,334,614,16,92,25306,225,0.23633898305084744,0.894915254237288
490385.538544,18601.98537834762,0.9634322130339125,0.012669751915636143,0.02389803505045141,334,614,16,92,25306,225,0.23633898305084744,0.9059322033898305
490385.538544,18601.98537834762,0.9634322130339125,0.012669751915636143,0.02389803505045141,334,614,16,92,25306,225,0.23633898305084744,0.9169491525423727
490385.538544,18601.98537834762,0.9634322130339125,0.012669751915636143,0.02389803505045141,334,614,16,92,25306,225,0.23633898305084744,0.9279661016949152
490385.538544,18601.98537834762,0.9634322130339125,0.012669751915636143,0.02389803505045141,334,614,16,92,25306,225,0.23633898305084744,0.9389830508474575
490385.538544,18601.98537834762,0.9634322130339125,0.012669751915636143,0.02389803505045141,334,614,16,92,25306,225,0.23633898305084744,0.95
406040.41079999995,15402.488839996964,0.9634322130339125,0.0,0.03656778696608755,0,839,125,92,25306,0,0.2464406779661017,0.3
405755.030096,15391.663382747895,0.9634322130339125,0.0004931340565966164,0.03607465290949093,13,835,116,92,25306,4,0.2464406779661017,0.31101694915254235
405755.030096,15391.663382747895,0.9634322130339125,0.0004931340565966164,0.03607465290949093,13,835,116,92,25306,4,0.2464406779661017,0.3220338983050847
405755.030096,15391.663382747895,0.9634322130339125,0.0004931340565966164,0.03607465290949093,13,835,116,92,25306,4,0.2464406779661017,0.3330508474576271
405196.85883200006,15370.490055079283,0.9634322130339125,0.001175935058038085,0.035391851908049464,31,829,104,92,25306,10,0.2464406779661017,0.34406779661016945
405196.85883200006,15370.490055079283,0.9634322130339125,0.001175935058038085,0.035391851908049464,31,829,104,92,25306,10,0.2464406779661017,0.3550847457627119
390489.037648,14812.572553220545,0.9634322130339125,0.003489871785145285,0.03307791518094227,92,807,65,92,25306,32,0.2464406779661017,0.36610169491525424
390489.037648,14812.572553220545,0.9634322130339125,0.003489871785145285,0.03307791518094227,92,807,65,92,25306,32,0.2464406779661017,0.3771186440677966
390489.037648,14812.572553220545,0.9634322130339125,0.003489871785145285,0.03307791518094227,92,807,65,92,25306,32,0.2464406779661017,0.38813559322033897
390489.037648,14812.572553220545,0.9634322130339125,0.003489871785145285,0.03307791518094227,92,807,65,92,25306,32,0.2464406779661017,0.39915254237288134
390489.037648,14812.572553220545,0.9634322130339125,0.003489871785145285,0.03307791518094227,92,807,65,92,25306,32,0.2464406779661017,0.4101694915254237
390489.037648,14812.572553220545,0.9634322130339125,0.003489871785145285,0.03307791518094227,92,807,65,92,25306,32,0.2464406779661017,0.42118644067796607
390489.037648,14812.572553220545,0.9634322130339125,0.003489871785145285,0.03307791518094227,92,807,65,92,25306,32,0.2464406779661017,0.43220338983050843
390489.037648,14812.572553220545,0.9634322130339125,0.003489871785145285,0.03307791518094227,92,807,65,92,25306,32,0.2464406779661017,0.4432203389830508
390489.037648,14812.572553220545,0.9634322130339125,0.003489871785145285,0.03307791518094227,92,807,65,92,25306,32,0.2464406779661017,0.45423728813559316
390489.037648,14812.572553220545,0.9634322130339125,0.003489871785145285,0.03307791518094227,92,807,65,92,25306,32,0.2464406779661017,0.46525423728813553
390489.037648,14812.572553220545,0.9634322130339125,0.003489871785145285,0.03307791518094227,92,807,65,92,25306,32,0.2464406779661017,0.4762711864406779
390489.037648,14812.572553220545,0.9634322130339125,0.003489871785145285,0.03307791518094227,92,807,65,92,25306,32,0.2464406779661017,0.48728813559322026
390489.037648,14812.572553220545,0.9634322130339125,0.003489871785145285,0.03307791518094227,92,807,65,92,25306,32,0.2464406779661017,0.4983050847457626
389706.38315199997,14782.883815795461,0.9634322130339125,0.0036416053410211666,0.032926181625066386,96,805,63,92,25306,34,0.2464406779661017,0.5093220338983051
389706.38315199997,14782.883815795461,0.9634322130339125,0.0036416053410211666,0.032926181625066386,96,805,63,92,25306,34,0.2464406779661017,0.5203389830508474
389706.38315199997,14782.883815795461,0.9634322130339125,0.0036416053410211666,0.032926181625066386,96,805,63,92,25306,34,0.2464406779661017,0.5313559322033898
389706.38315199997,14782.883815795461,0.9634322130339125,0.0036416053410211666,0.032926181625066386,96,805,63,92,25306,34,0.2464406779661017,0.5423728813559321
389706.38315199997,14782.883815795461,0.9634322130339125,0.0036416053410211666,0.032926181625066386,96,805,63,92,25306,34,0.2464406779661017,0.5533898305084746
389706.38315199997,14782.883815795461,0.9634322130339125,0.0036416053410211666,0.032926181625066386,96,805,63,92,25306,34,0.2464406779661017,0.5644067796610168
389706.38315199997,14782.883815795461,0.9634322130339125,0.0036416053410211666,0.032926181625066386,96,805,63,92,25306,34,0.2464406779661017,0.5754237288135593
389706.38315199997,14782.883815795461,0.9634322130339125,0.0036416053410211666,0.032926181625066386,96,805,63,92,25306,34,0.2464406779661017,0.5864406779661016
389706.38315199997,14782.883815795461,0.9634322130339125,0.0036416053410211666,0.032926181625066386,96,805,63,92,25306,34,0.2464406779661017,0.597457627118644
389706.38315199997,14782.883815795461,0.9634322130339125,0.0036416053410211666,0.032926181625066386,96,805,63,92,25306,34,0.2464406779661017,0.6084745762711864
389706.38315199997,14782.883815795461,0.9634322130339125,0.0036416053410211666,0.032926181625066386,96,805,63,92,25306,34,0.2464406779661017,0.6194915254237288
389706.38315199997,14782.883815795461,0.9634322130339125,0.0036416053410211666,0.032926181625066386,96,805,63,92,25306,34,0.2464406779661017,0.6305084745762711
389706.38315199997,14782.883815795461,0.9634322130339125,0.0036416053410211666,0.032926181625066386,96,805,63,92,25306,34,0.2464406779661017,0.6415254237288135
393870.28491200006,14940.834720886127,0.9634322130339125,0.0042864729534936655,0.03228131401259388,113,794,57,92,25306,45,0.2464406779661017,0.6525423728813559
393870.28491200006,14940.834720886127,0.9634322130339125,0.0042864729534936655,0.03228131401259388,113,794,57,92,25306,45,0.2464406779661017,0.6635593220338982
398407.744176,15112.955928078294,0.9634322130339125,0.0048554737880282224,0.03171231317805933,128,784,52,92,25306,55,0.2464406779661017,0.6745762711864406
398407.744176,15112.955928078294,0.9634322130339125,0.0048554737880282224,0.03171231317805933,128,784,52,92,25306,55,0.2464406779661017,0.685593220338983
399351.810288,15148.767555117214,0.9634322130339125,0.005462408011531751,0.0311053789545558,144,773,47,92,25306,66,0.2464406779661017,0.6966101694915253
399351.810288,15148.767555117214,0.9634322130339125,0.005462408011531751,0.0311053789545558,144,773,47,92,25306,66,0.2464406779661017,0.7076271186440677
399351.810288,15148.767555117214,0.9634322130339125,0.005462408011531751,0.0311053789545558,144,773,47,92,25306,66,0.2464406779661017,0.7186440677966102
399351.810288,15148.767555117214,0.9634322130339125,0.005462408011531751,0.0311053789545558,144,773,47,92,25306,66,0.2464406779661017,0.7296610169491524
399351.810288,15148.767555117214,0.9634322130339125,0.005462408011531751,0.0311053789545558,144,773,47,92,25306,66,0.2464406779661017,0.7406779661016949
399766.053424,15164.481201122828,0.9634322130339125,0.005614141567407633,0.030953645398679917,148,770,46,92,25306,69,0.2464406779661017,0.7516949152542372
411602.613296,15613.482030801912,0.9634322130339125,0.006865943403383658,0.029701843562703893,181,745,38,92,25306,94,0.2464406779661017,0.7627118644067796
411602.613296,15613.482030801912,0.9634322130339125,0.006865943403383658,0.029701843562703893,181,745,38,92,25306,94,0.2464406779661017,0.7737288135593219
411602.613296,15613.482030801912,0.9634322130339125,0.006865943403383658,0.029701843562703893,181,745,38,92,25306,94,0.2464406779661017,0.7847457627118644
421311.36878400005,15981.768029132845,0.9634322130339125,0.007397010848949245,0.029170776117138305,195,734,35,92,25306,105,0.2464406779661017,0.7957627118644066
425529.02760000003,16141.75812153858,0.9634322130339125,0.008155678628328654,0.028412108337758896,215,718,31,92,25306,121,0.2464406779661017,0.8067796610169491
425529.02760000003,16141.75812153858,0.9634322130339125,0.008155678628328654,0.028412108337758896,215,718,31,92,25306,121,0.2464406779661017,0.8177966101694913
425529.02760000003,16141.75812153858,0.9634322130339125,0.008155678628328654,0.028412108337758896,215,718,31,92,25306,121,0.2464406779661017,0.8288135593220338
427650.74638399994,16222.242105454818,0.9634322130339125,0.008383278962142478,0.028184508003945074,221,713,30,92,25306,126,0.2464406779661017,0.8398305084745761
430760.61579199997,16340.209991351188,0.9634322130339125,0.008876413018739095,0.027691373947348455,234,702,28,92,25306,137,0.2464406779661017,0.8508474576271186
430760.61579199997,16340.209991351188,0.9634322130339125,0.008876413018739095,0.027691373947348455,234,702,28,92,25306,137,0.2464406779661017,0.8618644067796608
430760.61579199997,16340.209991351188,0.9634322130339125,0.008876413018739095,0.027691373947348455,234,702,28,92,25306,137,0.2464406779661017,0.8728813559322033
490385.538544,18601.98537834762,0.9634322130339125,0.012669751915636143,0.02389803505045141,334,614,16,92,25306,225,0.2464406779661017,0.8838983050847455
490385.538544,18601.98537834762,0.9634322130339125,0.012669751915636143,0.02389803505045141,334,614,16,92,25306,225,0.2464406779661017,0.894915254237288
490385.538544,18601.98537834762,0.9634322130339125,0.012669751915636143,0.02389803505045141,334,614,16,92,25306,225,0.2464406779661017,0.9059322033898305
490385.538544,18601.98537834762,0.9634322130339125,0.012669751915636143,0.02389803505045141,334,614,16,92,25306,225,0.2464406779661017,0.9169491525423727
490385.538544,18601.98537834762,0.9634322130339125,0.012669751915636143,0.02389803505045141,334,614,16,92,25306,225,0.2464406779661017,0.9279661016949152
490385.538544,18601.98537834762,0.9634322130339125,0.012669751915636143,0.02389803505045141,334,614,16,92,25306,225,0.2464406779661017,0.9389830508474575
490385.538544,18601.98537834762,0.9634322130339125,0.012669751915636143,0.02389803505045141,334,614,16,92,25306,225,0.2464406779661017,0.95
406040.41079999995,15402.488839996964,0.9634322130339125,0.0,0.03656778696608755,0,839,125,92,25306,0,0.2565423728813559,0.3
405755.030096,15391.663382747895,0.9634322130339125,0.0004931340565966164,0.03607465290949093,13,835,116,92,25306,4,0.2565423728813559,0.31101694915254235
405755.030096,15391.663382747895,0.9634322130339125,0.0004931340565966164,0.03607465290949093,13,835,116,92,25306,4,0.2565423728813559,0.3220338983050847
405755.030096,15391.663382747895,0.9634322130339125,0.0004931340565966164,0.03607465290949093,13,835,116,92,25306,4,0.2565423728813559,0.3330508474576271
405196.85883200006,15370.490055079283,0.9634322130339125,0.001175935058038085,0.035391851908049464,31,829,104,92,25306,10,0.2565423728813559,0.34406779661016945
405196.85883200006,15370.490055079283,0.9634322130339125,0.001175935058038085,0.035391851908049464,31,829,104,92,25306,10,0.2565423728813559,0.3550847457627119
390489.037648,14812.572553220545,0.9634322130339125,0.003489871785145285,0.03307791518094227,92,807,65,92,25306,32,0.2565423728813559,0.36610169491525424
390489.037648,14812.572553220545,0.9634322130339125,0.003489871785145285,0.03307791518094227,92,807,65,92,25306,32,0.2565423728813559,0.3771186440677966
390489.037648,14812.572553220545,0.9634322130339125,0.003489871785145285,0.03307791518094227,92,807,65,92,25306,32,0.2565423728813559,0.38813559322033897
390489.037648,14812.572553220545,0.9634322130339125,0.003489871785145285,0.03307791518094227,92,807,65,92,25306,32,0.2565423728813559,0.39915254237288134
390489.037648,14812.572553220545,0.9634322130339125,0.003489871785145285,0.03307791518094227,92,807,65,92,25306,32,0.2565423728813559,0.4101694915254237
390489.037648,14812.572553220545,0.9634322130339125,0.003489871785145285,0.03307791518094227,92,807,65,92,25306,32,0.2565423728813559,0.42118644067796607
390489.037648,14812.572553220545,0.9634322130339125,0.003489871785145285,0.03307791518094227,92,807,65,92,25306,32,0.2565423728813559,0.43220338983050843
390489.037648,14812.572553220545,0.9634322130339125,0.003489871785145285,0.03307791518094227,92,807,65,92,25306,32,0.2565423728813559,0.4432203389830508
390489.037648,14812.572553220545,0.9634322130339125,0.003489871785145285,0.03307791518094227,92,807,65,92,25306,32,0.2565423728813559,0.45423728813559316
390489.037648,14812.572553220545,0.9634322130339125,0.003489871785145285,0.03307791518094227,92,807,65,92,25306,32,0.2565423728813559,0.46525423728813553
390489.037648,14812.572553220545,0.9634322130339125,0.003489871785145285,0.03307791518094227,92,807,65,92,25306,32,0.2565423728813559,0.4762711864406779
390489.037648,14812.572553220545,0.9634322130339125,0.003489871785145285,0.03307791518094227,92,807,65,92,25306,32,0.2565423728813559,0.48728813559322026
390489.037648,14812.572553220545,0.9634322130339125,0.003489871785145285,0.03307791518094227,92,807,65,92,25306,32,0.2565423728813559,0.4983050847457626
389706.38315199997,14782.883815795461,0.9634322130339125,0.0036416053410211666,0.032926181625066386,96,805,63,92,25306,34,0.2565423728813559,0.5093220338983051
389706.38315199997,14782.883815795461,0.9634322130339125,0.0036416053410211666,0.032926181625066386,96,805,63,92,25306,34,0.2565423728813559,0.5203389830508474
389706.38315199997,14782.883815795461,0.9634322130339125,0.0036416053410211666,0.032926181625066386,96,805,63,92,25306,34,0.2565423728813559,0.5313559322033898
389706.38315199997,14782.883815795461,0.9634322130339125,0.0036416053410211666,0.032926181625066386,96,805,63,92,25306,34,0.2565423728813559,0.5423728813559321
389706.38315199997,14782.883815795461,0.9634322130339125,0.0036416053410211666,0.032926181625066386,96,805,63,92,25306,34,0.2565423728813559,0.5533898305084746
389706.38315199997,14782.883815795461,0.9634322130339125,0.0036416053410211666,0.032926181625066386,96,805,63,92,25306,34,0.2565423728813559,0.5644067796610168
389706.38315199997,14782.883815795461,0.9634322130339125,0.0036416053410211666,0.032926181625066386,96,805,63,92,25306,34,0.2565423728813559,0.5754237288135593
389706.38315199997,14782.883815795461,0.9634322130339125,0.0036416053410211666,0.032926181625066386,96,805,63,92,25306,34,0.2565423728813559,0.5864406779661016
389706.38315199997,14782.883815795461,0.9634322130339125,0.0036416053410211666,0.032926181625066386,96,805,63,92,25306,34,0.2565423728813559,0.597457627118644
389706.38315199997,14782.883815795461,0.9634322130339125,0.0036416053410211666,0.032926181625066386,96,805,63,92,25306,34,0.2565423728813559,0.6084745762711864
389706.38315199997,14782.883815795461,0.9634322130339125,0.0036416053410211666,0.032926181625066386,96,805,63,92,25306,34,0.2565423728813559,0.6194915254237288
389706.38315199997,14782.883815795461,0.9634322130339125,0.0036416053410211666,0.032926181625066386,96,805,63,92,25306,34,0.2565423728813559,0.6305084745762711
389706.38315199997,14782.883815795461,0.9634322130339125,0.0036416053410211666,0.032926181625066386,96,805,63,92,25306,34,0.2565423728813559,0.6415254237288135
393870.28491200006,14940.834720886127,0.9634322130339125,0.0042864729534936655,0.03228131401259388,113,794,57,92,25306,45,0.2565423728813559,0.6525423728813559
393870.28491200006,14940.834720886127,0.9634322130339125,0.0042864729534936655,0.03228131401259388,113,794,57,92,25306,45,0.2565423728813559,0.6635593220338982
398407.744176,15112.955928078294,0.9634322130339125,0.0048554737880282224,0.03171231317805933,128,784,52,92,25306,55,0.2565423728813559,0.6745762711864406
398407.744176,15112.955928078294,0.9634322130339125,0.0048554737880282224,0.03171231317805933,128,784,52,92,25306,55,0.2565423728813559,0.685593220338983
399351.810288,15148.767555117214,0.9634322130339125,0.005462408011531751,0.0311053789545558,144,773,47,92,25306,66,0.2565423728813559,0.6966101694915253
399351.810288,15148.767555117214,0.9634322130339125,0.005462408011531751,0.0311053789545558,144,773,47,92,25306,66,0.2565423728813559,0.7076271186440677
399351.810288,15148.767555117214,0.9634322130339125,0.005462408011531751,0.0311053789545558,144,773,47,92,25306,66,0.2565423728813559,0.7186440677966102
399351.810288,15148.767555117214,0.9634322130339125,0.005462408011531751,0.0311053789545558,144,773,47,92,25306,66,0.2565423728813559,0.7296610169491524
399351.810288,15148.767555117214,0.9634322130339125,0.005462408011531751,0.0311053789545558,144,773,47,92,25306,66,0.2565423728813559,0.7406779661016949
399766.053424,15164.481201122828,0.9634322130339125,0.005614141567407633,0.030953645398679917,148,770,46,92,25306,69,0.2565423728813559,0.7516949152542372
411602.613296,15613.482030801912,0.9634322130339125,0.006865943403383658,0.029701843562703893,181,745,38,92,25306,94,0.2565423728813559,0.7627118644067796
411602.613296,15613.482030801912,0.9634322130339125,0.006865943403383658,0.029701843562703893,181,745,38,92,25306,94,0.2565423728813559,0.7737288135593219
411602.613296,15613.482030801912,0.9634322130339125,0.006865943403383658,0.029701843562703893,181,745,38,92,25306,94,0.2565423728813559,0.7847457627118644
421311.36878400005,15981.768029132845,0.9634322130339125,0.007397010848949245,0.029170776117138305,195,734,35,92,25306,105,0.2565423728813559,0.7957627118644066
425529.02760000003,16141.75812153858,0.9634322130339125,0.008155678628328654,0.028412108337758896,215,718,31,92,25306,121,0.2565423728813559,0.8067796610169491
425529.02760000003,16141.75812153858,0.9634322130339125,0.008155678628328654,0.028412108337758896,215,718,31,92,25306,121,0.2565423728813559,0.8177966101694913
425529.02760000003,16141.75812153858,0.9634322130339125,0.008155678628328654,0.028412108337758896,215,718,31,92,25306,121,0.2565423728813559,0.8288135593220338
427650.74638399994,16222.242105454818,0.9634322130339125,0.008383278962142478,0.028184508003945074,221,713,30,92,25306,126,0.2565423728813559,0.8398305084745761
430760.61579199997,16340.209991351188,0.9634322130339125,0.008876413018739095,0.027691373947348455,234,702,28,92,25306,137,0.2565423728813559,0.8508474576271186
430760.61579199997,16340.209991351188,0.9634322130339125,0.008876413018739095,0.027691373947348455,234,702,28,92,25306,137,0.2565423728813559,0.8618644067796608
430760.61579199997,16340.209991351188,0.9634322130339125,0.008876413018739095,0.027691373947348455,234,702,28,92,25306,137,0.2565423728813559,0.8728813559322033
490385.538544,18601.98537834762,0.9634322130339125,0.012669751915636143,0.02389803505045141,334,614,16,92,25306,225,0.2565423728813559,0.8838983050847455
490385.538544,18601.98537834762,0.9634322130339125,0.012669751915636143,0.02389803505045141,334,614,16,92,25306,225,0.2565423728813559,0.894915254237288
490385.538544,18601.98537834762,0.9634322130339125,0.012669751915636143,0.02389803505045141,334,614,16,92,25306,225,0.2565423728813559,0.9059322033898305
490385.538544,18601.98537834762,0.9634322130339125,0.012669751915636143,0.02389803505045141,334,614,16,92,25306,225,0.2565423728813559,0.9169491525423727
490385.538544,18601.98537834762,0.9634322130339125,0.012669751915636143,0.02389803505045141,334,614,16,92,25306,225,0.2565423728813559,0.9279661016949152
490385.538544,18601.98537834762,0.9634322130339125,0.012669751915636143,0.02389803505045141,334,614,16,92,25306,225,0.2565423728813559,0.9389830508474575
490385.538544,18601.98537834762,0.9634322130339125,0.012669751915636143,0.02389803505045141,334,614,16,92,25306,225,0.2565423728813559,0.95
406040.41079999995,15402.488839996964,0.9634322130339125,0.0,0.03656778696608755,0,839,125,92,25306,0,0.26664406779661015,0.3
405755.030096,15391.663382747895,0.9634322130339125,0.0004931340565966164,0.03607465290949093,13,835,116,92,25306,4,0.26664406779661015,0.31101694915254235
405755.030096,15391.663382747895,0.9634322130339125,0.0004931340565966164,0.03607465290949093,13,835,116,92,25306,4,0.26664406779661015,0.3220338983050847
405755.030096,15391.663382747895,0.9634322130339125,0.0004931340565966164,0.03607465290949093,13,835,116,92,25306,4,0.26664406779661015,0.3330508474576271
405196.85883200006,15370.490055079283,0.9634322130339125,0.001175935058038085,0.035391851908049464,31,829,104,92,25306,10,0.26664406779661015,0.34406779661016945
405196.85883200006,15370.490055079283,0.9634322130339125,0.001175935058038085,0.035391851908049464,31,829,104,92,25306,10,0.26664406779661015,0.3550847457627119
390489.037648,14812.572553220545,0.9634322130339125,0.003489871785145285,0.03307791518094227,92,807,65,92,25306,32,0.26664406779661015,0.36610169491525424
390489.037648,14812.572553220545,0.9634322130339125,0.003489871785145285,0.03307791518094227,92,807,65,92,25306,32,0.26664406779661015,0.3771186440677966
390489.037648,14812.572553220545,0.9634322130339125,0.003489871785145285,0.03307791518094227,92,807,65,92,25306,32,0.26664406779661015,0.38813559322033897
390489.037648,14812.572553220545,0.9634322130339125,0.003489871785145285,0.03307791518094227,92,807,65,92,25306,32,0.26664406779661015,0.39915254237288134
390489.037648,14812.572553220545,0.9634322130339125,0.003489871785145285,0.03307791518094227,92,807,65,92,25306,32,0.26664406779661015,0.4101694915254237
390489.037648,14812.572553220545,0.9634322130339125,0.003489871785145285,0.03307791518094227,92,807,65,92,25306,32,0.26664406779661015,0.42118644067796607
390489.037648,14812.572553220545,0.9634322130339125,0.003489871785145285,0.03307791518094227,92,807,65,92,25306,32,0.26664406779661015,0.43220338983050843
390489.037648,14812.572553220545,0.9634322130339125,0.003489871785145285,0.03307791518094227,92,807,65,92,25306,32,0.26664406779661015,0.4432203389830508
390489.037648,14812.572553220545,0.9634322130339125,0.003489871785145285,0.03307791518094227,92,807,65,92,25306,32,0.26664406779661015,0.45423728813559316
390489.037648,14812.572553220545,0.9634322130339125,0.003489871785145285,0.03307791518094227,92,807,65,92,25306,32,0.26664406779661015,0.46525423728813553
390489.037648,14812.572553220545,0.9634322130339125,0.003489871785145285,0.03307791518094227,92,807,65,92,25306,32,0.26664406779661015,0.4762711864406779
390489.037648,14812.572553220545,0.9634322130339125,0.003489871785145285,0.03307791518094227,92,807,65,92,25306,32,0.26664406779661015,0.48728813559322026
390489.037648,14812.572553220545,0.9634322130339125,0.003489871785145285,0.03307791518094227,92,807,65,92,25306,32,0.26664406779661015,0.4983050847457626
389706.38315199997,14782.883815795461,0.9634322130339125,0.0036416053410211666,0.032926181625066386,96,805,63,92,25306,34,0.26664406779661015,0.5093220338983051
389706.38315199997,14782.883815795461,0.9634322130339125,0.0036416053410211666,0.032926181625066386,96,805,63,92,25306,34,0.26664406779661015,0.5203389830508474
389706.38315199997,14782.883815795461,0.9634322130339125,0.0036416053410211666,0.032926181625066386,96,805,63,92,25306,34,0.26664406779661015,0.5313559322033898
389706.38315199997,14782.883815795461,0.9634322130339125,0.0036416053410211666,0.032926181625066386,96,805,63,92,25306,34,0.26664406779661015,0.5423728813559321
389706.38315199997,14782.883815795461,0.9634322130339125,0.0036416053410211666,0.032926181625066386,96,805,63,92,25306,34,0.26664406779661015,0.5533898305084746
389706.38315199997,14782.883815795461,0.9634322130339125,0.0036416053410211666,0.032926181625066386,96,805,63,92,25306,34,0.26664406779661015,0.5644067796610168
389706.38315199997,14782.883815795461,0.9634322130339125,0.0036416053410211666,0.032926181625066386,96,805,63,92,25306,34,0.26664406779661015,0.5754237288135593
389706.38315199997,14782.883815795461,0.9634322130339125,0.0036416053410211666,0.032926181625066386,96,805,63,92,25306,34,0.26664406779661015,0.5864406779661016
389706.38315199997,14782.883815795461,0.9634322130339125,0.0036416053410211666,0.032926181625066386,96,805,63,92,25306,34,0.26664406779661015,0.597457627118644
389706.38315199997,14782.883815795461,0.9634322130339125,0.0036416053410211666,0.032926181625066386,96,805,63,92,25306,34,0.26664406779661015,0.6084745762711864
389706.38315199997,14782.883815795461,0.9634322130339125,0.0036416053410211666,0.032926181625066386,96,805,63,92,25306,34,0.26664406779661015,0.6194915254237288
389706.38315199997,14782.883815795461,0.9634322130339125,0.0036416053410211666,0.032926181625066386,96,805,63,92,25306,34,0.26664406779661015,0.6305084745762711
389706.38315199997,14782.883815795461,0.9634322130339125,0.0036416053410211666,0.032926181625066386,96,805,63,92,25306,34,0.26664406779661015,0.6415254237288135
393870.28491200006,14940.834720886127,0.9634322130339125,0.0042864729534936655,0.03228131401259388,113,794,57,92,25306,45,0.26664406779661015,0.6525423728813559
393870.28491200006,14940.834720886127,0.9634322130339125,0.0042864729534936655,0.03228131401259388,113,794,57,92,25306,45,0.26664406779661015,0.6635593220338982
398407.744176,15112.955928078294,0.9634322130339125,0.0048554737880282224,0.03171231317805933,128,784,52,92,25306,55,0.26664406779661015,0.6745762711864406
398407.744176,15112.955928078294,0.9634322130339125,0.0048554737880282224,0.03171231317805933,128,784,52,92,25306,55,0.26664406779661015,0.685593220338983
399351.810288,15148.767555117214,0.9634322130339125,0.005462408011531751,0.0311053789545558,144,773,47,92,25306,66,0.26664406779661015,0.6966101694915253
399351.810288,15148.767555117214,0.9634322130339125,0.005462408011531751,0.0311053789545558,144,773,47,92,25306,66,0.26664406779661015,0.7076271186440677
399351.810288,15148.767555117214,0.9634322130339125,0.005462408011531751,0.0311053789545558,144,773,47,92,25306,66,0.26664406779661015,0.7186440677966102
399351.810288,15148.767555117214,0.9634322130339125,0.005462408011531751,0.0311053789545558,144,773,47,92,25306,66,0.26664406779661015,0.7296610169491524
399351.810288,15148.767555117214,0.9634322130339125,0.005462408011531751,0.0311053789545558,144,773,47,92,25306,66,0.26664406779661015,0.7406779661016949
399766.053424,15164.481201122828,0.9634322130339125,0.005614141567407633,0.030953645398679917,148,770,46,92,25306,69,0.26664406779661015,0.7516949152542372
411602.613296,15613.482030801912,0.9634322130339125,0.006865943403383658,0.029701843562703893,181,745,38,92,25306,94,0.26664406779661015,0.7627118644067796
411602.613296,15613.482030801912,0.9634322130339125,0.006865943403383658,0.029701843562703893,181,745,38,92,25306,94,0.26664406779661015,0.7737288135593219
411602.613296,15613.482030801912,0.9634322130339125,0.006865943403383658,0.029701843562703893,181,745,38,92,25306,94,0.26664406779661015,0.7847457627118644
421311.36878400005,15981.768029132845,0.9634322130339125,0.007397010848949245,0.029170776117138305,195,734,35,92,25306,105,0.26664406779661015,0.7957627118644066
425529.02760000003,16141.75812153858,0.9634322130339125,0.008155678628328654,0.028412108337758896,215,718,31,92,25306,121,0.26664406779661015,0.8067796610169491
425529.02760000003,16141.75812153858,0.9634322130339125,0.008155678628328654,0.028412108337758896,215,718,31,92,25306,121,0.26664406779661015,0.8177966101694913
425529.02760000003,16141.75812153858,0.9634322130339125,0.008155678628328654,0.028412108337758896,215,718,31,92,25306,121,0.26664406779661015,0.8288135593220338
427650.74638399994,16222.242105454818,0.9634322130339125,0.008383278962142478,0.028184508003945074,221,713,30,92,25306,126,0.26664406779661015,0.8398305084745761
430760.61579199997,16340.209991351188,0.9634322130339125,0.008876413018739095,0.027691373947348455,234,702,28,92,25306,137,0.26664406779661015,0.8508474576271186
430760.61579199997,16340.209991351188,0.9634322130339125,0.008876413018739095,0.027691373947348455,234,702,28,92,25306,137,0.26664406779661015,0.8618644067796608
430760.61579199997,16340.209991351188,0.9634322130339125,0.008876413018739095,0.027691373947348455,234,702,28,92,25306,137,0.26664406779661015,0.8728813559322033
490385.538544,18601.98537834762,0.9634322130339125,0.012669751915636143,0.02389803505045141,334,614,16,92,25306,225,0.26664406779661015,0.8838983050847455
490385.538544,18601.98537834762,0.9634322130339125,0.012669751915636143,0.02389803505045141,334,614,16,92,25306,225,0.26664406779661015,0.894915254237288
490385.538544,18601.98537834762,0.9634322130339125,0.012669751915636143,0.02389803505045141,334,614,16,92,25306,225,0.26664406779661015,0.9059322033898305
490385.538544,18601.98537834762,0.9634322130339125,0.012669751915636143,0.02389803505045141,334,614,16,92,25306,225,0.26664406779661015,0.9169491525423727
490385.538544,18601.98537834762,0.9634322130339125,0.012669751915636143,0.02389803505045141,334,614,16,92,25306,225,0.26664406779661015,0.9279661016949152
490385.538544,18601.98537834762,0.9634322130339125,0.012669751915636143,0.02389803505045141,334,614,16,92,25306,225,0.26664406779661015,0.9389830508474575
490385.538544,18601.98537834762,0.9634322130339125,0.012669751915636143,0.02389803505045141,334,614,16,92,25306,225,0.26664406779661015,0.95
406040.41079999995,15402.488839996964,0.9634322130339125,0.0,0.03656778696608755,0,839,125,92,25306,0,0.2767457627118644,0.3
405755.030096,15391.663382747895,0.9634322130339125,0.0004931340565966164,0.03607465290949093,13,835,116,92,25306,4,0.2767457627118644,0.31101694915254235
405755.030096,15391.663382747895,0.9634322130339125,0.0004931340565966164,0.03607465290949093,13,835,116,92,25306,4,0.2767457627118644,0.3220338983050847
405755.030096,15391.663382747895,0.9634322130339125,0.0004931340565966164,0.03607465290949093,13,835,116,92,25306,4,0.2767457627118644,0.3330508474576271
405196.85883200006,15370.490055079283,0.9634322130339125,0.001175935058038085,0.035391851908049464,31,829,104,92,25306,10,0.2767457627118644,0.34406779661016945
405196.85883200006,15370.490055079283,0.9634322130339125,0.001175935058038085,0.035391851908049464,31,829,104,92,25306,10,0.2767457627118644,0.3550847457627119
390489.037648,14812.572553220545,0.9634322130339125,0.003489871785145285,0.03307791518094227,92,807,65,92,25306,32,0.2767457627118644,0.36610169491525424
390489.037648,14812.572553220545,0.9634322130339125,0.003489871785145285,0.03307791518094227,92,807,65,92,25306,32,0.2767457627118644,0.3771186440677966
390489.037648,14812.572553220545,0.9634322130339125,0.003489871785145285,0.03307791518094227,92,807,65,92,25306,32,0.2767457627118644,0.38813559322033897
390489.037648,14812.572553220545,0.9634322130339125,0.003489871785145285,0.03307791518094227,92,807,65,92,25306,32,0.2767457627118644,0.39915254237288134
390489.037648,14812.572553220545,0.9634322130339125,0.003489871785145285,0.03307791518094227,92,807,65,92,25306,32,0.2767457627118644,0.4101694915254237
390489.037648,14812.572553220545,0.9634322130339125,0.003489871785145285,0.03307791518094227,92,807,65,92,25306,32,0.2767457627118644,0.42118644067796607
390489.037648,14812.572553220545,0.9634322130339125,0.003489871785145285,0.03307791518094227,92,807,65,92,25306,32,0.2767457627118644,0.43220338983050843
390489.037648,14812.572553220545,0.9634322130339125,0.003489871785145285,0.03307791518094227,92,807,65,92,25306,32,0.2767457627118644,0.4432203389830508
390489.037648,14812.572553220545,0.9634322130339125,0.003489871785145285,0.03307791518094227,92,807,65,92,25306,32,0.2767457627118644,0.45423728813559316
390489.037648,14812.572553220545,0.9634322130339125,0.003489871785145285,0.03307791518094227,92,807,65,92,25306,32,0.2767457627118644,0.46525423728813553
390489.037648,14812.572553220545,0.9634322130339125,0.003489871785145285,0.03307791518094227,92,807,65,92,25306,32,0.2767457627118644,0.4762711864406779
390489.037648,14812.572553220545,0.9634322130339125,0.003489871785145285,0.03307791518094227,92,807,65,92,25306,32,0.2767457627118644,0.48728813559322026
390489.037648,14812.572553220545,0.9634322130339125,0.003489871785145285,0.03307791518094227,92,807,65,92,25306,32,0.2767457627118644,0.4983050847457626
389706.38315199997,14782.883815795461,0.9634322130339125,0.0036416053410211666,0.032926181625066386,96,805,63,92,25306,34,0.2767457627118644,0.5093220338983051
389706.38315199997,14782.883815795461,0.9634322130339125,0.0036416053410211666,0.032926181625066386,96,805,63,92,25306,34,0.2767457627118644,0.5203389830508474
389706.38315199997,14782.883815795461,0.9634322130339125,0.0036416053410211666,0.032926181625066386,96,805,63,92,25306,34,0.2767457627118644,0.5313559322033898
389706.38315199997,14782.883815795461,0.9634322130339125,0.0036416053410211666,0.032926181625066386,96,805,63,92,25306,34,0.2767457627118644,0.5423728813559321
389706.38315199997,14782.883815795461,0.9634322130339125,0.0036416053410211666,0.032926181625066386,96,805,63,92,25306,34,0.2767457627118644,0.5533898305084746
389706.38315199997,14782.883815795461,0.9634322130339125,0.0036416053410211666,0.032926181625066386,96,805,63,92,25306,34,0.2767457627118644,0.5644067796610168
389706.38315199997,14782.883815795461,0.9634322130339125,0.0036416053410211666,0.032926181625066386,96,805,63,92,25306,34,0.2767457627118644,0.5754237288135593
389706.38315199997,14782.883815795461,0.9634322130339125,0.0036416053410211666,0.032926181625066386,96,805,63,92,25306,34,0.2767457627118644,0.5864406779661016
389706.38315199997,14782.883815795461,0.9634322130339125,0.0036416053410211666,0.032926181625066386,96,805,63,92,25306,34,0.2767457627118644,0.597457627118644
389706.38315199997,14782.883815795461,0.9634322130339125,0.0036416053410211666,0.032926181625066386,96,805,63,92,25306,34,0.2767457627118644,0.6084745762711864
389706.38315199997,14782.883815795461,0.9634322130339125,0.0036416053410211666,0.032926181625066386,96,805,63,92,25306,34,0.2767457627118644,0.6194915254237288
389706.38315199997,14782.883815795461,0.9634322130339125,0.0036416053410211666,0.032926181625066386,96,805,63,92,25306,34,0.2767457627118644,0.6305084745762711
389706.38315199997,14782.883815795461,0.9634322130339125,0.0036416053410211666,0.032926181625066386,96,805,63,92,25306,34,0.2767457627118644,0.6415254237288135
393870.28491200006,14940.834720886127,0.9634322130339125,0.0042864729534936655,0.03228131401259388,113,794,57,92,25306,45,0.2767457627118644,0.6525423728813559
393870.28491200006,14940.834720886127,0.9634322130339125,0.0042864729534936655,0.03228131401259388,113,794,57,92,25306,45,0.2767457627118644,0.6635593220338982
398407.744176,15112.955928078294,0.9634322130339125,0.0048554737880282224,0.03171231317805933,128,784,52,92,25306,55,0.2767457627118644,0.6745762711864406
398407.744176,15112.955928078294,0.9634322130339125,0.0048554737880282224,0.03171231317805933,128,784,52,92,25306,55,0.2767457627118644,0.685593220338983
399351.810288,15148.767555117214,0.9634322130339125,0.005462408011531751,0.0311053789545558,144,773,47,92,25306,66,0.2767457627118644,0.6966101694915253
399351.810288,15148.767555117214,0.9634322130339125,0.005462408011531751,0.0311053789545558,144,773,47,92,25306,66,0.2767457627118644,0.7076271186440677
399351.810288,15148.767555117214,0.9634322130339125,0.005462408011531751,0.0311053789545558,144,773,47,92,25306,66,0.2767457627118644,0.7186440677966102
399351.810288,15148.767555117214,0.9634322130339125,0.005462408011531751,0.0311053789545558,144,773,47,92,25306,66,0.2767457627118644,0.7296610169491524
399351.810288,15148.767555117214,0.9634322130339125,0.005462408011531751,0.0311053789545558,144,773,47,92,25306,66,0.2767457627118644,0.7406779661016949
399766.053424,15164.481201122828,0.9634322130339125,0.005614141567407633,0.030953645398679917,148,770,46,92,25306,69,0.2767457627118644,0.7516949152542372
411602.613296,15613.482030801912,0.9634322130339125,0.006865943403383658,0.029701843562703893,181,745,38,92,25306,94,0.2767457627118644,0.7627118644067796
411602.613296,15613.482030801912,0.9634322130339125,0.006865943403383658,0.029701843562703893,181,745,38,92,25306,94,0.2767457627118644,0.7737288135593219
411602.613296,15613.482030801912,0.9634322130339125,0.006865943403383658,0.029701843562703893,181,745,38,92,25306,94,0.2767457627118644,0.7847457627118644
421311.36878400005,15981.768029132845,0.9634322130339125,0.007397010848949245,0.029170776117138305,195,734,35,92,25306,105,0.2767457627118644,0.7957627118644066
425529.02760000003,16141.75812153858,0.9634322130339125,0.008155678628328654,0.028412108337758896,215,718,31,92,25306,121,0.2767457627118644,0.8067796610169491
425529.02760000003,16141.75812153858,0.9634322130339125,0.008155678628328654,0.028412108337758896,215,718,31,92,25306,121,0.2767457627118644,0.8177966101694913
425529.02760000003,16141.75812153858,0.9634322130339125,0.008155678628328654,0.028412108337758896,215,718,31,92,25306,121,0.2767457627118644,0.8288135593220338
427650.74638399994,16222.242105454818,0.9634322130339125,0.008383278962142478,0.028184508003945074,221,713,30,92,25306,126,0.2767457627118644,0.8398305084745761
430760.61579199997,16340.209991351188,0.9634322130339125,0.008876413018739095,0.027691373947348455,234,702,28,92,25306,137,0.2767457627118644,0.8508474576271186
430760.61579199997,16340.209991351188,0.9634322130339125,0.008876413018739095,0.027691373947348455,234,702,28,92,25306,137,0.2767457627118644,0.8618644067796608
430760.61579199997,16340.209991351188,0.9634322130339125,0.008876413018739095,0.027691373947348455,234,702,28,92,25306,137,0.2767457627118644,0.8728813559322033
490385.538544,18601.98537834762,0.9634322130339125,0.012669751915636143,0.02389803505045141,334,614,16,92,25306,225,0.2767457627118644,0.8838983050847455
490385.538544,18601.98537834762,0.9634322130339125,0.012669751915636143,0.02389803505045141,334,614,16,92,25306,225,0.2767457627118644,0.894915254237288
490385.538544,18601.98537834762,0.9634322130339125,0.012669751915636143,0.02389803505045141,334,614,16,92,25306,225,0.2767457627118644,0.9059322033898305
490385.538544,18601.98537834762,0.9634322130339125,0.012669751915636143,0.02389803505045141,334,614,16,92,25306,225,0.2767457627118644,0.9169491525423727
490385.538544,18601.98537834762,0.9634322130339125,0.012669751915636143,0.02389803505045141,334,614,16,92,25306,225,0.2767457627118644,0.9279661016949152
490385.538544,18601.98537834762,0.9634322130339125,0.012669751915636143,0.02389803505045141,334,614,16,92,25306,225,0.2767457627118644,0.9389830508474575
490385.538544,18601.98537834762,0.9634322130339125,0.012669751915636143,0.02389803505045141,334,614,16,92,25306,225,0.2767457627118644,0.95
406040.41079999995,15402.488839996964,0.9634322130339125,0.0,0.03656778696608755,0,839,125,92,25306,0,0.2868474576271186,0.3
405755.030096,15391.663382747895,0.9634322130339125,0.0004931340565966164,0.03607465290949093,13,835,116,92,25306,4,0.2868474576271186,0.31101694915254235
405755.030096,15391.663382747895,0.9634322130339125,0.0004931340565966164,0.03607465290949093,13,835,116,92,25306,4,0.2868474576271186,0.3220338983050847
405755.030096,15391.663382747895,0.9634322130339125,0.0004931340565966164,0.03607465290949093,13,835,116,92,25306,4,0.2868474576271186,0.3330508474576271
405196.85883200006,15370.490055079283,0.9634322130339125,0.001175935058038085,0.035391851908049464,31,829,104,92,25306,10,0.2868474576271186,0.34406779661016945
405196.85883200006,15370.490055079283,0.9634322130339125,0.001175935058038085,0.035391851908049464,31,829,104,92,25306,10,0.2868474576271186,0.3550847457627119
390489.037648,14812.572553220545,0.9634322130339125,0.003489871785145285,0.03307791518094227,92,807,65,92,25306,32,0.2868474576271186,0.36610169491525424
390489.037648,14812.572553220545,0.9634322130339125,0.003489871785145285,0.03307791518094227,92,807,65,92,25306,32,0.2868474576271186,0.3771186440677966
390489.037648,14812.572553220545,0.9634322130339125,0.003489871785145285,0.03307791518094227,92,807,65,92,25306,32,0.2868474576271186,0.38813559322033897
390489.037648,14812.572553220545,0.9634322130339125,0.003489871785145285,0.03307791518094227,92,807,65,92,25306,32,0.2868474576271186,0.39915254237288134
390489.037648,14812.572553220545,0.9634322130339125,0.003489871785145285,0.03307791518094227,92,807,65,92,25306,32,0.2868474576271186,0.4101694915254237
390489.037648,14812.572553220545,0.9634322130339125,0.003489871785145285,0.03307791518094227,92,807,65,92,25306,32,0.2868474576271186,0.42118644067796607
390489.037648,14812.572553220545,0.9634322130339125,0.003489871785145285,0.03307791518094227,92,807,65,92,25306,32,0.2868474576271186,0.43220338983050843
390489.037648,14812.572553220545,0.9634322130339125,0.003489871785145285,0.03307791518094227,92,807,65,92,25306,32,0.2868474576271186,0.4432203389830508
390489.037648,14812.572553220545,0.9634322130339125,0.003489871785145285,0.03307791518094227,92,807,65,92,25306,32,0.2868474576271186,0.45423728813559316
390489.037648,14812.572553220545,0.9634322130339125,0.003489871785145285,0.03307791518094227,92,807,65,92,25306,32,0.2868474576271186,0.46525423728813553
390489.037648,14812.572553220545,0.9634322130339125,0.003489871785145285,0.03307791518094227,92,807,65,92,25306,32,0.2868474576271186,0.4762711864406779
390489.037648,14812.572553220545,0.9634322130339125,0.003489871785145285,0.03307791518094227,92,807,65,92,25306,32,0.2868474576271186,0.48728813559322026
390489.037648,14812.572553220545,0.9634322130339125,0.003489871785145285,0.03307791518094227,92,807,65,92,25306,32,0.2868474576271186,0.4983050847457626
389706.38315199997,14782.883815795461,0.9634322130339125,0.0036416053410211666,0.032926181625066386,96,805,63,92,25306,34,0.2868474576271186,0.5093220338983051
389706.38315199997,14782.883815795461,0.9634322130339125,0.0036416053410211666,0.032926181625066386,96,805,63,92,25306,34,0.2868474576271186,0.5203389830508474
389706.38315199997,14782.883815795461,0.9634322130339125,0.0036416053410211666,0.032926181625066386,96,805,63,92,25306,34,0.2868474576271186,0.5313559322033898
389706.38315199997,14782.883815795461,0.9634322130339125,0.0036416053410211666,0.032926181625066386,96,805,63,92,25306,34,0.2868474576271186,0.5423728813559321
389706.38315199997,14782.883815795461,0.9634322130339125,0.0036416053410211666,0.032926181625066386,96,805,63,92,25306,34,0.2868474576271186,0.5533898305084746
389706.38315199997,14782.883815795461,0.9634322130339125,0.0036416053410211666,0.032926181625066386,96,805,63,92,25306,34,0.2868474576271186,0.5644067796610168
389706.38315199997,14782.883815795461,0.9634322130339125,0.0036416053410211666,0.032926181625066386,96,805,63,92,25306,34,0.2868474576271186,0.5754237288135593
389706.38315199997,14782.883815795461,0.9634322130339125,0.0036416053410211666,0.032926181625066386,96,805,63,92,25306,34,0.2868474576271186,0.5864406779661016
389706.38315199997,14782.883815795461,0.9634322130339125,0.0036416053410211666,0.032926181625066386,96,805,63,92,25306,34,0.2868474576271186,0.597457627118644
389706.38315199997,14782.883815795461,0.9634322130339125,0.0036416053410211666,0.032926181625066386,96,805,63,92,25306,34,0.2868474576271186,0.6084745762711864
389706.38315199997,14782.883815795461,0.9634322130339125,0.0036416053410211666,0.032926181625066386,96,805,63,92,25306,34,0.2868474576271186,0.6194915254237288
389706.38315199997,14782.883815795461,0.9634322130339125,0.0036416053410211666,0.032926181625066386,96,805,63,92,25306,34,0.2868474576271186,0.6305084745762711
389706.38315199997,14782.883815795461,0.9634322130339125,0.0036416053410211666,0.032926181625066386,96,805,63,92,25306,34,0.2868474576271186,0.6415254237288135
393870.28491200006,14940.834720886127,0.9634322130339125,0.0042864729534936655,0.03228131401259388,113,794,57,92,25306,45,0.2868474576271186,0.6525423728813559
393870.28491200006,14940.834720886127,0.9634322130339125,0.0042864729534936655,0.03228131401259388,113,794,57,92,25306,45,0.2868474576271186,0.6635593220338982
398407.744176,15112.955928078294,0.9634322130339125,0.0048554737880282224,0.03171231317805933,128,784,52,92,25306,55,0.2868474576271186,0.6745762711864406
398407.744176,15112.955928078294,0.9634322130339125,0.0048554737880282224,0.03171231317805933,128,784,52,92,25306,55,0.2868474576271186,0.685593220338983
399351.810288,15148.767555117214,0.9634322130339125,0.005462408011531751,0.0311053789545558,144,773,47,92,25306,66,0.2868474576271186,0.6966101694915253
399351.810288,15148.767555117214,0.9634322130339125,0.005462408011531751,0.0311053789545558,144,773,47,92,25306,66,0.2868474576271186,0.7076271186440677
399351.810288,15148.767555117214,0.9634322130339125,0.005462408011531751,0.0311053789545558,144,773,47,92,25306,66,0.2868474576271186,0.7186440677966102
399351.810288,15148.767555117214,0.9634322130339125,0.005462408011531751,0.0311053789545558,144,773,47,92,25306,66,0.2868474576271186,0.7296610169491524
399351.810288,15148.767555117214,0.9634322130339125,0.005462408011531751,0.0311053789545558,144,773,47,92,25306,66,0.2868474576271186,0.7406779661016949
399766.053424,15164.481201122828,0.9634322130339125,0.005614141567407633,0.030953645398679917,148,770,46,92,25306,69,0.2868474576271186,0.7516949152542372
411602.613296,15613.482030801912,0.9634322130339125,0.006865943403383658,0.029701843562703893,181,745,38,92,25306,94,0.2868474576271186,0.7627118644067796
411602.613296,15613.482030801912,0.9634322130339125,0.006865943403383658,0.029701843562703893,181,745,38,92,25306,94,0.2868474576271186,0.7737288135593219
411602.613296,15613.482030801912,0.9634322130339125,0.006865943403383658,0.029701843562703893,181,745,38,92,25306,94,0.2868474576271186,0.7847457627118644
421311.36878400005,15981.768029132845,0.9634322130339125,0.007397010848949245,0.029170776117138305,195,734,35,92,25306,105,0.2868474576271186,0.7957627118644066
425529.02760000003,16141.75812153858,0.9634322130339125,0.008155678628328654,0.028412108337758896,215,718,31,92,25306,121,0.2868474576271186,0.8067796610169491
425529.02760000003,16141.75812153858,0.9634322130339125,0.008155678628328654,0.028412108337758896,215,718,31,92,25306,121,0.2868474576271186,0.8177966101694913
425529.02760000003,16141.75812153858,0.9634322130339125,0.008155678628328654,0.028412108337758896,215,718,31,92,25306,121,0.2868474576271186,0.8288135593220338
427650.74638399994,16222.242105454818,0.9634322130339125,0.008383278962142478,0.028184508003945074,221,713,30,92,25306,126,0.2868474576271186,0.8398305084745761
430760.61579199997,16340.209991351188,0.9634322130339125,0.008876413018739095,0.027691373947348455,234,702,28,92,25306,137,0.2868474576271186,0.8508474576271186
430760.61579199997,16340.209991351188,0.9634322130339125,0.008876413018739095,0.027691373947348455,234,702,28,92,25306,137,0.2868474576271186,0.8618644067796608
430760.61579199997,16340.209991351188,0.9634322130339125,0.008876413018739095,0.027691373947348455,234,702,28,92,25306,137,0.2868474576271186,0.8728813559322033
490385.538544,18601.98537834762,0.9634322130339125,0.012669751915636143,0.02389803505045141,334,614,16,92,25306,225,0.2868474576271186,0.8838983050847455
490385.538544,18601.98537834762,0.9634322130339125,0.012669751915636143,0.02389803505045141,334,614,16,92,25306,225,0.2868474576271186,0.894915254237288
490385.538544,18601.98537834762,0.9634322130339125,0.012669751915636143,0.02389803505045141,334,614,16,92,25306,225,0.2868474576271186,0.9059322033898305
490385.538544,18601.98537834762,0.9634322130339125,0.012669751915636143,0.02389803505045141,334,614,16,92,25306,225,0.2868474576271186,0.9169491525423727
490385.538544,18601.98537834762,0.9634322130339125,0.012669751915636143,0.02389803505045141,334,614,16,92,25306,225,0.2868474576271186,0.9279661016949152
490385.538544,18601.98537834762,0.9634322130339125,0.012669751915636143,0.02389803505045141,334,614,16,92,25306,225,0.2868474576271186,0.9389830508474575
490385.538544,18601.98537834762,0.9634322130339125,0.012669751915636143,0.02389803505045141,334,614,16,92,25306,225,0.2868474576271186,0.95
406040.41079999995,15402.488839996964,0.9634322130339125,0.0,0.03656778696608755,0,839,125,92,25306,0,0.29694915254237286,0.3
405755.030096,15391.663382747895,0.9634322130339125,0.0004931340565966164,0.03607465290949093,13,835,116,92,25306,4,0.29694915254237286,0.31101694915254235
405755.030096,15391.663382747895,0.9634322130339125,0.0004931340565966164,0.03607465290949093,13,835,116,92,25306,4,0.29694915254237286,0.3220338983050847
405755.030096,15391.663382747895,0.9634322130339125,0.0004931340565966164,0.03607465290949093,13,835,116,92,25306,4,0.29694915254237286,0.3330508474576271
405196.85883200006,15370.490055079283,0.9634322130339125,0.001175935058038085,0.035391851908049464,31,829,104,92,25306,10,0.29694915254237286,0.34406779661016945
405196.85883200006,15370.490055079283,0.9634322130339125,0.001175935058038085,0.035391851908049464,31,829,104,92,25306,10,0.29694915254237286,0.3550847457627119
390489.037648,14812.572553220545,0.9634322130339125,0.003489871785145285,0.03307791518094227,92,807,65,92,25306,32,0.29694915254237286,0.36610169491525424
390489.037648,14812.572553220545,0.9634322130339125,0.003489871785145285,0.03307791518094227,92,807,65,92,25306,32,0.29694915254237286,0.3771186440677966
390489.037648,14812.572553220545,0.9634322130339125,0.003489871785145285,0.03307791518094227,92,807,65,92,25306,32,0.29694915254237286,0.38813559322033897
390489.037648,14812.572553220545,0.9634322130339125,0.003489871785145285,0.03307791518094227,92,807,65,92,25306,32,0.29694915254237286,0.39915254237288134
390489.037648,14812.572553220545,0.9634322130339125,0.003489871785145285,0.03307791518094227,92,807,65,92,25306,32,0.29694915254237286,0.4101694915254237
390489.037648,14812.572553220545,0.9634322130339125,0.003489871785145285,0.03307791518094227,92,807,65,92,25306,32,0.29694915254237286,0.42118644067796607
390489.037648,14812.572553220545,0.9634322130339125,0.003489871785145285,0.03307791518094227,92,807,65,92,25306,32,0.29694915254237286,0.43220338983050843
390489.037648,14812.572553220545,0.9634322130339125,0.003489871785145285,0.03307791518094227,92,807,65,92,25306,32,0.29694915254237286,0.4432203389830508
390489.037648,14812.572553220545,0.9634322130339125,0.003489871785145285,0.03307791518094227,92,807,65,92,25306,32,0.29694915254237286,0.45423728813559316
390489.037648,14812.572553220545,0.9634322130339125,0.003489871785145285,0.03307791518094227,92,807,65,92,25306,32,0.29694915254237286,0.46525423728813553
390489.037648,14812.572553220545,0.9634322130339125,0.003489871785145285,0.03307791518094227,92,807,65,92,25306,32,0.29694915254237286,0.4762711864406779
390489.037648,14812.572553220545,0.9634322130339125,0.003489871785145285,0.03307791518094227,92,807,65,92,25306,32,0.29694915254237286,0.48728813559322026
390489.037648,14812.572553220545,0.9634322130339125,0.003489871785145285,0.03307791518094227,92,807,65,92,25306,32,0.29694915254237286,0.4983050847457626
389706.38315199997,14782.883815795461,0.9634322130339125,0.0036416053410211666,0.032926181625066386,96,805,63,92,25306,34,0.29694915254237286,0.5093220338983051
389706.38315199997,14782.883815795461,0.9634322130339125,0.0036416053410211666,0.032926181625066386,96,805,63,92,25306,34,0.29694915254237286,0.5203389830508474
389706.38315199997,14782.883815795461,0.9634322130339125,0.0036416053410211666,0.032926181625066386,96,805,63,92,25306,34,0.29694915254237286,0.5313559322033898
389706.38315199997,14782.883815795461,0.9634322130339125,0.0036416053410211666,0.032926181625066386,96,805,63,92,25306,34,0.29694915254237286,0.5423728813559321
389706.38315199997,14782.883815795461,0.9634322130339125,0.0036416053410211666,0.032926181625066386,96,805,63,92,25306,34,0.29694915254237286,0.5533898305084746
389706.38315199997,14782.883815795461,0.9634322130339125,0.0036416053410211666,0.032926181625066386,96,805,63,92,25306,34,0.29694915254237286,0.5644067796610168
389706.38315199997,14782.883815795461,0.9634322130339125,0.0036416053410211666,0.032926181625066386,96,805,63,92,25306,34,0.29694915254237286,0.5754237288135593
389706.38315199997,14782.883815795461,0.9634322130339125,0.0036416053410211666,0.032926181625066386,96,805,63,92,25306,34,0.29694915254237286,0.5864406779661016
389706.38315199997,14782.883815795461,0.9634322130339125,0.0036416053410211666,0.032926181625066386,96,805,63,92,25306,34,0.29694915254237286,0.597457627118644
389706.38315199997,14782.883815795461,0.9634322130339125,0.0036416053410211666,0.032926181625066386,96,805,63,92,25306,34,0.29694915254237286,0.6084745762711864
389706.38315199997,14782.883815795461,0.9634322130339125,0.0036416053410211666,0.032926181625066386,96,805,63,92,25306,34,0.29694915254237286,0.6194915254237288
389706.38315199997,14782.883815795461,0.9634322130339125,0.0036416053410211666,0.032926181625066386,96,805,63,92,25306,34,0.29694915254237286,0.6305084745762711
389706.38315199997,14782.883815795461,0.9634322130339125,0.0036416053410211666,0.032926181625066386,96,805,63,92,25306,34,0.29694915254237286,0.6415254237288135
393870.28491200006,14940.834720886127,0.9634322130339125,0.0042864729534936655,0.03228131401259388,113,794,57,92,25306,45,0.29694915254237286,0.6525423728813559
393870.28491200006,14940.834720886127,0.9634322130339125,0.0042864729534936655,0.03228131401259388,113,794,57,92,25306,45,0.29694915254237286,0.6635593220338982
398407.744176,15112.955928078294,0.9634322130339125,0.0048554737880282224,0.03171231317805933,128,784,52,92,25306,55,0.29694915254237286,0.6745762711864406
398407.744176,15112.955928078294,0.9634322130339125,0.0048554737880282224,0.03171231317805933,128,784,52,92,25306,55,0.29694915254237286,0.685593220338983
399351.810288,15148.767555117214,0.9634322130339125,0.005462408011531751,0.0311053789545558,144,773,47,92,25306,66,0.29694915254237286,0.6966101694915253
399351.810288,15148.767555117214,0.9634322130339125,0.005462408011531751,0.0311053789545558,144,773,47,92,25306,66,0.29694915254237286,0.7076271186440677
399351.810288,15148.767555117214,0.9634322130339125,0.005462408011531751,0.0311053789545558,144,773,47,92,25306,66,0.29694915254237286,0.7186440677966102
399351.810288,15148.767555117214,0.9634322130339125,0.005462408011531751,0.0311053789545558,144,773,47,92,25306,66,0.29694915254237286,0.7296610169491524
399351.810288,15148.767555117214,0.9634322130339125,0.005462408011531751,0.0311053789545558,144,773,47,92,25306,66,0.29694915254237286,0.7406779661016949
399766.053424,15164.481201122828,0.9634322130339125,0.005614141567407633,0.030953645398679917,148,770,46,92,25306,69,0.29694915254237286,0.7516949152542372
411602.613296,15613.482030801912,0.9634322130339125,0.006865943403383658,0.029701843562703893,181,745,38,92,25306,94,0.29694915254237286,0.7627118644067796
411602.613296,15613.482030801912,0.9634322130339125,0.006865943403383658,0.029701843562703893,181,745,38,92,25306,94,0.29694915254237286,0.7737288135593219
411602.613296,15613.482030801912,0.9634322130339125,0.006865943403383658,0.029701843562703893,181,745,38,92,25306,94,0.29694915254237286,0.7847457627118644
421311.36878400005,15981.768029132845,0.9634322130339125,0.007397010848949245,0.029170776117138305,195,734,35,92,25306,105,0.29694915254237286,0.7957627118644066
425529.02760000003,16141.75812153858,0.9634322130339125,0.008155678628328654,0.028412108337758896,215,718,31,92,25306,121,0.29694915254237286,0.8067796610169491
425529.02760000003,16141.75812153858,0.9634322130339125,0.008155678628328654,0.028412108337758896,215,718,31,92,25306,121,0.29694915254237286,0.8177966101694913
425529.02760000003,16141.75812153858,0.9634322130339125,0.008155678628328654,0.028412108337758896,215,718,31,92,25306,121,0.29694915254237286,0.8288135593220338
427650.74638399994,16222.242105454818,0.9634322130339125,0.008383278962142478,0.028184508003945074,221,713,30,92,25306,126,0.29694915254237286,0.8398305084745761
430760.61579199997,16340.209991351188,0.9634322130339125,0.008876413018739095,0.027691373947348455,234,702,28,92,25306,137,0.29694915254237286,0.8508474576271186
430760.61579199997,16340.209991351188,0.9634322130339125,0.008876413018739095,0.027691373947348455,234,702,28,92,25306,137,0.29694915254237286,0.8618644067796608
430760.61579199997,16340.209991351188,0.9634322130339125,0.008876413018739095,0.027691373947348455,234,702,28,92,25306,137,0.29694915254237286,0.8728813559322033
490385.538544,18601.98537834762,0.9634322130339125,0.012669751915636143,0.02389803505045141,334,614,16,92,25306,225,0.29694915254237286,0.8838983050847455
490385.538544,18601.98537834762,0.9634322130339125,0.012669751915636143,0.02389803505045141,334,614,16,92,25306,225,0.29694915254237286,0.894915254237288
490385.538544,18601.98537834762,0.9634322130339125,0.012669751915636143,0.02389803505045141,334,614,16,92,25306,225,0.29694915254237286,0.9059322033898305
490385.538544,18601.98537834762,0.9634322130339125,0.012669751915636143,0.02389803505045141,334,614,16,92,25306,225,0.29694915254237286,0.9169491525423727
490385.538544,18601.98537834762,0.9634322130339125,0.012669751915636143,0.02389803505045141,334,614,16,92,25306,225,0.29694915254237286,0.9279661016949152
490385.538544,18601.98537834762,0.9634322130339125,0.012669751915636143,0.02389803505045141,334,614,16,92,25306,225,0.29694915254237286,0.9389830508474575
490385.538544,18601.98537834762,0.9634322130339125,0.012669751915636143,0.02389803505045141,334,614,16,92,25306,225,0.29694915254237286,0.95
405755.030096,15391.663382747895,0.9634322130339125,0.0004931340565966164,0.03607465290949093,13,835,116,92,25306,4,0.3070508474576271,0.31101694915254235
405755.030096,15391.663382747895,0.9634322130339125,0.0004931340565966164,0.03607465290949093,13,835,116,92,25306,4,0.3070508474576271,0.3220338983050847
405755.030096,15391.663382747895,0.9634322130339125,0.0004931340565966164,0.03607465290949093,13,835,116,92,25306,4,0.3070508474576271,0.3330508474576271
405196.85883200006,15370.490055079283,0.9634322130339125,0.001175935058038085,0.035391851908049464,31,829,104,92,25306,10,0.3070508474576271,0.34406779661016945
405196.85883200006,15370.490055079283,0.9634322130339125,0.001175935058038085,0.035391851908049464,31,829,104,92,25306,10,0.3070508474576271,0.3550847457627119
390489.037648,14812.572553220545,0.9634322130339125,0.003489871785145285,0.03307791518094227,92,807,65,92,25306,32,0.3070508474576271,0.36610169491525424
390489.037648,14812.572553220545,0.9634322130339125,0.003489871785145285,0.03307791518094227,92,807,65,92,25306,32,0.3070508474576271,0.3771186440677966
390489.037648,14812.572553220545,0.9634322130339125,0.003489871785145285,0.03307791518094227,92,807,65,92,25306,32,0.3070508474576271,0.38813559322033897
390489.037648,14812.572553220545,0.9634322130339125,0.003489871785145285,0.03307791518094227,92,807,65,92,25306,32,0.3070508474576271,0.39915254237288134
390489.037648,14812.572553220545,0.9634322130339125,0.003489871785145285,0.03307791518094227,92,807,65,92,25306,32,0.3070508474576271,0.4101694915254237
390489.037648,14812.572553220545,0.9634322130339125,0.003489871785145285,0.03307791518094227,92,807,65,92,25306,32,0.3070508474576271,0.42118644067796607
390489.037648,14812.572553220545,0.9634322130339125,0.003489871785145285,0.03307791518094227,92,807,65,92,25306,32,0.3070508474576271,0.43220338983050843
390489.037648,14812.572553220545,0.9634322130339125,0.003489871785145285,0.03307791518094227,92,807,65,92,25306,32,0.3070508474576271,0.4432203389830508
390489.037648,14812.572553220545,0.9634322130339125,0.003489871785145285,0.03307791518094227,92,807,65,92,25306,32,0.3070508474576271,0.45423728813559316
390489.037648,14812.572553220545,0.9634322130339125,0.003489871785145285,0.03307791518094227,92,807,65,92,25306,32,0.3070508474576271,0.46525423728813553
390489.037648,14812.572553220545,0.9634322130339125,0.003489871785145285,0.03307791518094227,92,807,65,92,25306,32,0.3070508474576271,0.4762711864406779
390489.037648,14812.572553220545,0.9634322130339125,0.003489871785145285,0.03307791518094227,92,807,65,92,25306,32,0.3070508474576271,0.48728813559322026
390489.037648,14812.572553220545,0.9634322130339125,0.003489871785145285,0.03307791518094227,92,807,65,92,25306,32,0.3070508474576271,0.4983050847457626
389706.38315199997,14782.883815795461,0.9634322130339125,0.0036416053410211666,0.032926181625066386,96,805,63,92,25306,34,0.3070508474576271,0.5093220338983051
389706.38315199997,14782.883815795461,0.9634322130339125,0.0036416053410211666,0.032926181625066386,96,805,63,92,25306,34,0.3070508474576271,0.5203389830508474
389706.38315199997,14782.883815795461,0.9634322130339125,0.0036416053410211666,0.032926181625066386,96,805,63,92,25306,34,0.3070508474576271,0.5313559322033898
389706.38315199997,14782.883815795461,0.9634322130339125,0.0036416053410211666,0.032926181625066386,96,805,63,92,25306,34,0.3070508474576271,0.5423728813559321
389706.38315199997,14782.883815795461,0.9634322130339125,0.0036416053410211666,0.032926181625066386,96,805,63,92,25306,34,0.3070508474576271,0.5533898305084746
389706.38315199997,14782.883815795461,0.9634322130339125,0.0036416053410211666,0.032926181625066386,96,805,63,92,25306,34,0.3070508474576271,0.5644067796610168
389706.38315199997,14782.883815795461,0.9634322130339125,0.0036416053410211666,0.032926181625066386,96,805,63,92,25306,34,0.3070508474576271,0.5754237288135593
389706.38315199997,14782.883815795461,0.9634322130339125,0.0036416053410211666,0.032926181625066386,96,805,63,92,25306,34,0.3070508474576271,0.5864406779661016
389706.38315199997,14782.883815795461,0.9634322130339125,0.0036416053410211666,0.032926181625066386,96,805,63,92,25306,34,0.3070508474576271,0.597457627118644
389706.38315199997,14782.883815795461,0.9634322130339125,0.0036416053410211666,0.032926181625066386,96,805,63,92,25306,34,0.3070508474576271,0.6084745762711864
389706.38315199997,14782.883815795461,0.9634322130339125,0.0036416053410211666,0.032926181625066386,96,805,63,92,25306,34,0.3070508474576271,0.6194915254237288
389706.38315199997,14782.883815795461,0.9634322130339125,0.0036416053410211666,0.032926181625066386,96,805,63,92,25306,34,0.3070508474576271,0.6305084745762711
389706.38315199997,14782.883815795461,0.9634322130339125,0.0036416053410211666,0.032926181625066386,96,805,63,92,25306,34,0.3070508474576271,0.6415254237288135
393870.28491200006,14940.834720886127,0.9634322130339125,0.0042864729534936655,0.03228131401259388,113,794,57,92,25306,45,0.3070508474576271,0.6525423728813559
393870.28491200006,14940.834720886127,0.9634322130339125,0.0042864729534936655,0.03228131401259388,113,794,57,92,25306,45,0.3070508474576271,0.6635593220338982
398407.744176,15112.955928078294,0.9634322130339125,0.0048554737880282224,0.03171231317805933,128,784,52,92,25306,55,0.3070508474576271,0.6745762711864406
398407.744176,15112.955928078294,0.9634322130339125,0.0048554737880282224,0.03171231317805933,128,784,52,92,25306,55,0.3070508474576271,0.685593220338983
399351.810288,15148.767555117214,0.9634322130339125,0.005462408011531751,0.0311053789545558,144,773,47,92,25306,66,0.3070508474576271,0.6966101694915253
399351.810288,15148.767555117214,0.9634322130339125,0.005462408011531751,0.0311053789545558,144,773,47,92,25306,66,0.3070508474576271,0.7076271186440677
399351.810288,15148.767555117214,0.9634322130339125,0.005462408011531751,0.0311053789545558,144,773,47,92,25306,66,0.3070508474576271,0.7186440677966102
399351.810288,15148.767555117214,0.9634322130339125,0.005462408011531751,0.0311053789545558,144,773,47,92,25306,66,0.3070508474576271,0.7296610169491524
399351.810288,15148.767555117214,0.9634322130339125,0.005462408011531751,0.0311053789545558,144,773,47,92,25306,66,0.3070508474576271,0.7406779661016949
399766.053424,15164.481201122828,0.9634322130339125,0.005614141567407633,0.030953645398679917,148,770,46,92,25306,69,0.3070508474576271,0.7516949152542372
411602.613296,15613.482030801912,0.9634322130339125,0.006865943403383658,0.029701843562703893,181,745,38,92,25306,94,0.3070508474576271,0.7627118644067796
411602.613296,15613.482030801912,0.9634322130339125,0.006865943403383658,0.029701843562703893,181,745,38,92,25306,94,0.3070508474576271,0.7737288135593219
411602.613296,15613.482030801912,0.9634322130339125,0.006865943403383658,0.029701843562703893,181,745,38,92,25306,94,0.3070508474576271,0.7847457627118644
421311.36878400005,15981.768029132845,0.9634322130339125,0.007397010848949245,0.029170776117138305,195,734,35,92,25306,105,0.3070508474576271,0.7957627118644066
425529.02760000003,16141.75812153858,0.9634322130339125,0.008155678628328654,0.028412108337758896,215,718,31,92,25306,121,0.3070508474576271,0.8067796610169491
425529.02760000003,16141.75812153858,0.9634322130339125,0.008155678628328654,0.028412108337758896,215,718,31,92,25306,121,0.3070508474576271,0.8177966101694913
425529.02760000003,16141.75812153858,0.9634322130339125,0.008155678628328654,0.028412108337758896,215,718,31,92,25306,121,0.3070508474576271,0.8288135593220338
427650.74638399994,16222.242105454818,0.9634322130339125,0.008383278962142478,0.028184508003945074,221,713,30,92,25306,126,0.3070508474576271,0.8398305084745761
430760.61579199997,16340.209991351188,0.9634322130339125,0.008876413018739095,0.027691373947348455,234,702,28,92,25306,137,0.3070508474576271,0.8508474576271186
430760.61579199997,16340.209991351188,0.9634322130339125,0.008876413018739095,0.027691373947348455,234,702,28,92,25306,137,0.3070508474576271,0.8618644067796608
430760.61579199997,16340.209991351188,0.9634322130339125,0.008876413018739095,0.027691373947348455,234,702,28,92,25306,137,0.3070508474576271,0.8728813559322033
490385.538544,18601.98537834762,0.9634322130339125,0.012669751915636143,0.02389803505045141,334,614,16,92,25306,225,0.3070508474576271,0.8838983050847455
490385.538544,18601.98537834762,0.9634322130339125,0.012669751915636143,0.02389803505045141,334,614,16,92,25306,225,0.3070508474576271,0.894915254237288
490385.538544,18601.98537834762,0.9634322130339125,0.012669751915636143,0.02389803505045141,334,614,16,92,25306,225,0.3070508474576271,0.9059322033898305
490385.538544,18601.98537834762,0.9634322130339125,0.012669751915636143,0.02389803505045141,334,614,16,92,25306,225,0.3070508474576271,0.9169491525423727
490385.538544,18601.98537834762,0.9634322130339125,0.012669751915636143,0.02389803505045141,334,614,16,92,25306,225,0.3070508474576271,0.9279661016949152
490385.538544,18601.98537834762,0.9634322130339125,0.012669751915636143,0.02389803505045141,334,614,16,92,25306,225,0.3070508474576271,0.9389830508474575
490385.538544,18601.98537834762,0.9634322130339125,0.012669751915636143,0.02389803505045141,334,614,16,92,25306,225,0.3070508474576271,0.95
441017.9,16729.30354297853,0.963925347090509,0.0,0.03607465290949093,0,835,116,96,25315,0,0.3171525423728813,0.3220338983050847
441017.9,16729.30354297853,0.963925347090509,0.0,0.03607465290949093,0,835,116,96,25315,0,0.3171525423728813,0.3330508474576271
440459.728736,16708.130215309917,0.963925347090509,0.0006828010014414688,0.035391851908049464,18,829,104,96,25315,6,0.3171525423728813,0.34406779661016945
440459.728736,16708.130215309917,0.963925347090509,0.0006828010014414688,0.035391851908049464,18,829,104,96,25315,6,0.3171525423728813,0.3550847457627119
425751.907552,16150.21271345118,0.963925347090509,0.0029967377285486686,0.03307791518094227,79,807,65,96,25315,28,0.3171525423728813,0.36610169491525424
425751.907552,16150.21271345118,0.963925347090509,0.0029967377285486686,0.03307791518094227,79,807,65,96,25315,28,0.3171525423728813,0.3771186440677966
425751.907552,16150.21271345118,0.963925347090509,0.0029967377285486686,0.03307791518094227,79,807,65,96,25315,28,0.3171525423728813,0.38813559322033897
425751.907552,16150.21271345118,0.963925347090509,0.0029967377285486686,0.03307791518094227,79,807,65,96,25315,28,0.3171525423728813,0.39915254237288134
425751.907552,16150.21271345118,0.963925347090509,0.0029967377285486686,0.03307791518094227,79,807,65,96,25315,28,0.3171525423728813,0.4101694915254237
425751.907552,16150.21271345118,0.963925347090509,0.0029967377285486686,0.03307791518094227,79,807,65,96,25315,28,0.3171525423728813,0.42118644067796607
425751.907552,16150.21271345118,0.963925347090509,0.0029967377285486686,0.03307791518094227,79,807,65,96,25315,28,0.3171525423728813,0.43220338983050843
425751.907552,16150.21271345118,0.963925347090509,0.0029967377285486686,0.03307791518094227,79,807,65,96,25315,28,0.3171525423728813,0.4432203389830508
425751.907552,16150.21271345118,0.963925347090509,0.0029967377285486686,0.03307791518094227,79,807,65,96,25315,28,0.3171525423728813,0.45423728813559316
425751.907552,16150.21271345118,0.963925347090509,0.0029967377285486686,0.03307791518094227,79,807,65,96,25315,28,0.3171525423728813,0.46525423728813553
425751.907552,16150.21271345118,0.963925347090509,0.0029967377285486686,0.03307791518094227,79,807,65,96,25315,28,0.3171525423728813,0.4762711864406779
425751.907552,16150.21271345118,0.963925347090509,0.0029967377285486686,0.03307791518094227,79,807,65,96,25315,28,0.3171525423728813,0.48728813559322026
425751.907552,16150.21271345118,0.963925347090509,0.0029967377285486686,0.03307791518094227,79,807,65,96,25315,28,0.3171525423728813,0.4983050847457626
424969.253056,16120.5239760261,0.963925347090509,0.0031484712844245507,0.032926181625066386,83,805,63,96,25315,30,0.3171525423728813,0.5093220338983051
424969.253056,16120.5239760261,0.963925347090509,0.0031484712844245507,0.032926181625066386,83,805,63,96,25315,30,0.3171525423728813,0.5203389830508474
424969.253056,16120.5239760261,0.963925347090509,0.0031484712844245507,0.032926181625066386,83,805,63,96,25315,30,0.3171525423728813,0.5313559322033898
424969.253056,16120.5239760261,0.963925347090509,0.0031484712844245507,0.032926181625066386,83,805,63,96,25315,30,0.3171525423728813,0.5423728813559321
424969.253056,16120.5239760261,0.963925347090509,0.0031484712844245507,0.032926181625066386,83,805,63,96,25315,30,0.3171525423728813,0.5533898305084746
424969.253056,16120.5239760261,0.963925347090509,0.0031484712844245507,0.032926181625066386,83,805,63,96,25315,30,0.3171525423728813,0.5644067796610168
424969.253056,16120.5239760261,0.963925347090509,0.0031484712844245507,0.032926181625066386,83,805,63,96,25315,30,0.3171525423728813,0.5754237288135593
424969.253056,16120.5239760261,0.963925347090509,0.0031484712844245507,0.032926181625066386,83,805,63,96,25315,30,0.3171525423728813,0.5864406779661016
424969.253056,16120.5239760261,0.963925347090509,0.0031484712844245507,0.032926181625066386,83,805,63,96,25315,30,0.3171525423728813,0.597457627118644
424969.253056,16120.5239760261,0.963925347090509,0.0031484712844245507,0.032926181625066386,83,805,63,96,25315,30,0.3171525423728813,0.6084745762711864
424969.253056,16120.5239760261,0.963925347090509,0.0031484712844245507,0.032926181625066386,83,805,63,96,25315,30,0.3171525423728813,0.6194915254237288
424969.253056,16120.5239760261,0.963925347090509,0.0031484712844245507,0.032926181625066386,83,805,63,96,25315,30,0.3171525423728813,0.6305084745762711
424969.253056,16120.5239760261,0.963925347090509,0.0031484712844245507,0.032926181625066386,83,805,63,96,25315,30,0.3171525423728813,0.6415254237288135
429133.154816,16278.474881116761,0.963925347090509,0.0037933388968970486,0.03228131401259388,100,794,57,96,25315,41,0.3171525423728813,0.6525423728813559
429133.154816,16278.474881116761,0.963925347090509,0.0037933388968970486,0.03228131401259388,100,794,57,96,25315,41,0.3171525423728813,0.6635593220338982
433670.61407999997,16450.59608830893,0.963925347090509,0.004362339731431606,0.03171231317805933,115,784,52,96,25315,51,0.3171525423728813,0.6745762711864406
433670.61407999997,16450.59608830893,0.963925347090509,0.004362339731431606,0.03171231317805933,115,784,52,96,25315,51,0.3171525423728813,0.685593220338983
434614.680192,16486.407715347847,0.963925347090509,0.004969273954935134,0.0311053789545558,131,773,47,96,25315,62,0.3171525423728813,0.6966101694915253
434614.680192,16486.407715347847,0.963925347090509,0.004969273954935134,0.0311053789545558,131,773,47,96,25315,62,0.3171525423728813,0.7076271186440677
434614.680192,16486.407715347847,0.963925347090509,0.004969273954935134,0.0311053789545558,131,773,47,96,25315,62,0.3171525423728813,0.7186440677966102
434614.680192,16486.407715347847,0.963925347090509,0.004969273954935134,0.0311053789545558,131,773,47,96,25315,62,0.3171525423728813,0.7296610169491524
434614.680192,16486.407715347847,0.963925347090509,0.004969273954935134,0.0311053789545558,131,773,47,96,25315,62,0.3171525423728813,0.7406779661016949
435028.923328,16502.121361353464,0.963925347090509,0.005121007510811016,0.030953645398679917,135,770,46,96,25315,65,0.3171525423728813,0.7516949152542372
446865.4832,16951.122191032548,0.963925347090509,0.006372809346787042,0.029701843562703893,168,745,38,96,25315,90,0.3171525423728813,0.7627118644067796
446865.4832,16951.122191032548,0.963925347090509,0.006372809346787042,0.029701843562703893,168,745,38,96,25315,90,0.3171525423728813,0.7737288135593219
446865.4832,16951.122191032548,0.963925347090509,0.006372809346787042,0.029701843562703893,168,745,38,96,25315,90,0.3171525423728813,0.7847457627118644
456574.238688,17319.40818936348,0.963925347090509,0.006903876792352629,0.029170776117138305,182,734,35,96,25315,101,0.3171525423728813,0.7957627118644066
460791.897504,17479.398281769212,0.963925347090509,0.007662544571732039,0.028412108337758896,202,718,31,96,25315,117,0.3171525423728813,0.8067796610169491
460791.897504,17479.398281769212,0.963925347090509,0.007662544571732039,0.028412108337758896,202,718,31,96,25315,117,0.3171525423728813,0.8177966101694913
460791.897504,17479.398281769212,0.963925347090509,0.007662544571732039,0.028412108337758896,202,718,31,96,25315,117,0.3171525423728813,0.8288135593220338
462913.616288,17559.882265685457,0.963925347090509,0.007890144905545862,0.028184508003945074,208,713,30,96,25315,122,0.3171525423728813,0.8398305084745761
466023.48569599993,17677.850151581817,0.963925347090509,0.008383278962142478,0.027691373947348455,221,702,28,96,25315,133,0.3171525423728813,0.8508474576271186
466023.48569599993,17677.850151581817,0.963925347090509,0.008383278962142478,0.027691373947348455,221,702,28,96,25315,133,0.3171525423728813,0.8618644067796608
466023.48569599993,17677.850151581817,0.963925347090509,0.008383278962142478,0.027691373947348455,221,702,28,96,25315,133,0.3171525423728813,0.8728813559322033
525648.408448,19939.625538578257,0.963925347090509,0.012176617859039526,0.02389803505045141,321,614,16,96,25315,221,0.3171525423728813,0.8838983050847455
525648.408448,19939.625538578257,0.963925347090509,0.012176617859039526,0.02389803505045141,321,614,16,96,25315,221,0.3171525423728813,0.894915254237288
525648.408448,19939.625538578257,0.963925347090509,0.012176617859039526,0.02389803505045141,321,614,16,96,25315,221,0.3171525423728813,0.9059322033898305
525648.408448,19939.625538578257,0.963925347090509,0.012176617859039526,0.02389803505045141,321,614,16,96,25315,221,0.3171525423728813,0.9169491525423727
525648.408448,19939.625538578257,0.963925347090509,0.012176617859039526,0.02389803505045141,321,614,16,96,25315,221,0.3171525423728813,0.9279661016949152
525648.408448,19939.625538578257,0.963925347090509,0.012176617859039526,0.02389803505045141,321,614,16,96,25315,221,0.3171525423728813,0.9389830508474575
525648.408448,19939.625538578257,0.963925347090509,0.012176617859039526,0.02389803505045141,321,614,16,96,25315,221,0.3171525423728813,0.95
441017.9,16729.30354297853,0.963925347090509,0.0,0.03607465290949093,0,835,116,96,25315,0,0.3272542372881356,0.3330508474576271
440459.728736,16708.130215309917,0.963925347090509,0.0006828010014414688,0.035391851908049464,18,829,104,96,25315,6,0.3272542372881356,0.34406779661016945
440459.728736,16708.130215309917,0.963925347090509,0.0006828010014414688,0.035391851908049464,18,829,104,96,25315,6,0.3272542372881356,0.3550847457627119
425751.907552,16150.21271345118,0.963925347090509,0.0029967377285486686,0.03307791518094227,79,807,65,96,25315,28,0.3272542372881356,0.36610169491525424
425751.907552,16150.21271345118,0.963925347090509,0.0029967377285486686,0.03307791518094227,79,807,65,96,25315,28,0.3272542372881356,0.3771186440677966
425751.907552,16150.21271345118,0.963925347090509,0.0029967377285486686,0.03307791518094227,79,807,65,96,25315,28,0.3272542372881356,0.38813559322033897
425751.907552,16150.21271345118,0.963925347090509,0.0029967377285486686,0.03307791518094227,79,807,65,96,25315,28,0.3272542372881356,0.39915254237288134
425751.907552,16150.21271345118,0.963925347090509,0.0029967377285486686,0.03307791518094227,79,807,65,96,25315,28,0.3272542372881356,0.4101694915254237
425751.907552,16150.21271345118,0.963925347090509,0.0029967377285486686,0.03307791518094227,79,807,65,96,25315,28,0.3272542372881356,0.42118644067796607
425751.907552,16150.21271345118,0.963925347090509,0.0029967377285486686,0.03307791518094227,79,807,65,96,25315,28,0.3272542372881356,0.43220338983050843
425751.907552,16150.21271345118,0.963925347090509,0.0029967377285486686,0.03307791518094227,79,807,65,96,25315,28,0.3272542372881356,0.4432203389830508
425751.907552,16150.21271345118,0.963925347090509,0.0029967377285486686,0.03307791518094227,79,807,65,96,25315,28,0.3272542372881356,0.45423728813559316
425751.907552,16150.21271345118,0.963925347090509,0.0029967377285486686,0.03307791518094227,79,807,65,96,25315,28,0.3272542372881356,0.46525423728813553
425751.907552,16150.21271345118,0.963925347090509,0.0029967377285486686,0.03307791518094227,79,807,65,96,25315,28,0.3272542372881356,0.4762711864406779
425751.907552,16150.21271345118,0.963925347090509,0.0029967377285486686,0.03307791518094227,79,807,65,96,25315,28,0.3272542372881356,0.48728813559322026
425751.907552,16150.21271345118,0.963925347090509,0.0029967377285486686,0.03307791518094227,79,807,65,96,25315,28,0.3272542372881356,0.4983050847457626
424969.253056,16120.5239760261,0.963925347090509,0.0031484712844245507,0.032926181625066386,83,805,63,96,25315,30,0.3272542372881356,0.5093220338983051
424969.253056,16120.5239760261,0.963925347090509,0.0031484712844245507,0.032926181625066386,83,805,63,96,25315,30,0.3272542372881356,0.5203389830508474
424969.253056,16120.5239760261,0.963925347090509,0.0031484712844245507,0.032926181625066386,83,805,63,96,25315,30,0.3272542372881356,0.5313559322033898
424969.253056,16120.5239760261,0.963925347090509,0.0031484712844245507,0.032926181625066386,83,805,63,96,25315,30,0.3272542372881356,0.5423728813559321
424969.253056,16120.5239760261,0.963925347090509,0.0031484712844245507,0.032926181625066386,83,805,63,96,25315,30,0.3272542372881356,0.5533898305084746
424969.253056,16120.5239760261,0.963925347090509,0.0031484712844245507,0.032926181625066386,83,805,63,96,25315,30,0.3272542372881356,0.5644067796610168
424969.253056,16120.5239760261,0.963925347090509,0.0031484712844245507,0.032926181625066386,83,805,63,96,25315,30,0.3272542372881356,0.5754237288135593
424969.253056,16120.5239760261,0.963925347090509,0.0031484712844245507,0.032926181625066386,83,805,63,96,25315,30,0.3272542372881356,0.5864406779661016
424969.253056,16120.5239760261,0.963925347090509,0.0031484712844245507,0.032926181625066386,83,805,63,96,25315,30,0.3272542372881356,0.597457627118644
424969.253056,16120.5239760261,0.963925347090509,0.0031484712844245507,0.032926181625066386,83,805,63,96,25315,30,0.3272542372881356,0.6084745762711864
424969.253056,16120.5239760261,0.963925347090509,0.0031484712844245507,0.032926181625066386,83,805,63,96,25315,30,0.3272542372881356,0.6194915254237288
424969.253056,16120.5239760261,0.963925347090509,0.0031484712844245507,0.032926181625066386,83,805,63,96,25315,30,0.3272542372881356,0.6305084745762711
424969.253056,16120.5239760261,0.963925347090509,0.0031484712844245507,0.032926181625066386,83,805,63,96,25315,30,0.3272542372881356,0.6415254237288135
429133.154816,16278.474881116761,0.963925347090509,0.0037933388968970486,0.03228131401259388,100,794,57,96,25315,41,0.3272542372881356,0.6525423728813559
429133.154816,16278.474881116761,0.963925347090509,0.0037933388968970486,0.03228131401259388,100,794,57,96,25315,41,0.3272542372881356,0.6635593220338982
433670.61407999997,16450.59608830893,0.963925347090509,0.004362339731431606,0.03171231317805933,115,784,52,96,25315,51,0.3272542372881356,0.6745762711864406
433670.61407999997,16450.59608830893,0.963925347090509,0.004362339731431606,0.03171231317805933,115,784,52,96,25315,51,0.3272542372881356,0.685593220338983
434614.680192,16486.407715347847,0.963925347090509,0.004969273954935134,0.0311053789545558,131,773,47,96,25315,62,0.3272542372881356,0.6966101694915253
434614.680192,16486.407715347847,0.963925347090509,0.004969273954935134,0.0311053789545558,131,773,47,96,25315,62,0.3272542372881356,0.7076271186440677
434614.680192,16486.407715347847,0.963925347090509,0.004969273954935134,0.0311053789545558,131,773,47,96,25315,62,0.3272542372881356,0.7186440677966102
434614.680192,16486.407715347847,0.963925347090509,0.004969273954935134,0.0311053789545558,131,773,47,96,25315,62,0.3272542372881356,0.7296610169491524
434614.680192,16486.407715347847,0.963925347090509,0.004969273954935134,0.0311053789545558,131,773,47,96,25315,62,0.3272542372881356,0.7406779661016949
435028.923328,16502.121361353464,0.963925347090509,0.005121007510811016,0.030953645398679917,135,770,46,96,25315,65,0.3272542372881356,0.7516949152542372
446865.4832,16951.122191032548,0.963925347090509,0.006372809346787042,0.029701843562703893,168,745,38,96,25315,90,0.3272542372881356,0.7627118644067796
446865.4832,16951.122191032548,0.963925347090509,0.006372809346787042,0.029701843562703893,168,745,38,96,25315,90,0.3272542372881356,0.7737288135593219
446865.4832,16951.122191032548,0.963925347090509,0.006372809346787042,0.029701843562703893,168,745,38,96,25315,90,0.3272542372881356,0.7847457627118644
456574.238688,17319.40818936348,0.963925347090509,0.006903876792352629,0.029170776117138305,182,734,35,96,25315,101,0.3272542372881356,0.7957627118644066
460791.897504,17479.398281769212,0.963925347090509,0.007662544571732039,0.028412108337758896,202,718,31,96,25315,117,0.3272542372881356,0.8067796610169491
460791.897504,17479.398281769212,0.963925347090509,0.007662544571732039,0.028412108337758896,202,718,31,96,25315,117,0.3272542372881356,0.8177966101694913
460791.897504,17479.398281769212,0.963925347090509,0.007662544571732039,0.028412108337758896,202,718,31,96,25315,117,0.3272542372881356,0.8288135593220338
462913.616288,17559.882265685457,0.963925347090509,0.007890144905545862,0.028184508003945074,208,713,30,96,25315,122,0.3272542372881356,0.8398305084745761
466023.48569599993,17677.850151581817,0.963925347090509,0.008383278962142478,0.027691373947348455,221,702,28,96,25315,133,0.3272542372881356,0.8508474576271186
466023.48569599993,17677.850151581817,0.963925347090509,0.008383278962142478,0.027691373947348455,221,702,28,96,25315,133,0.3272542372881356,0.8618644067796608
466023.48569599993,17677.850151581817,0.963925347090509,0.008383278962142478,0.027691373947348455,221,702,28,96,25315,133,0.3272542372881356,0.8728813559322033
525648.408448,19939.625538578257,0.963925347090509,0.012176617859039526,0.02389803505045141,321,614,16,96,25315,221,0.3272542372881356,0.8838983050847455
525648.408448,19939.625538578257,0.963925347090509,0.012176617859039526,0.02389803505045141,321,614,16,96,25315,221,0.3272542372881356,0.894915254237288
525648.408448,19939.625538578257,0.963925347090509,0.012176617859039526,0.02389803505045141,321,614,16,96,25315,221,0.3272542372881356,0.9059322033898305
525648.408448,19939.625538578257,0.963925347090509,0.012176617859039526,0.02389803505045141,321,614,16,96,25315,221,0.3272542372881356,0.9169491525423727
525648.408448,19939.625538578257,0.963925347090509,0.012176617859039526,0.02389803505045141,321,614,16,96,25315,221,0.3272542372881356,0.9279661016949152
525648.408448,19939.625538578257,0.963925347090509,0.012176617859039526,0.02389803505045141,321,614,16,96,25315,221,0.3272542372881356,0.9389830508474575
525648.408448,19939.625538578257,0.963925347090509,0.012176617859039526,0.02389803505045141,321,614,16,96,25315,221,0.3272542372881356,0.95
481447.8872,18262.949973446626,0.9646081480919505,0.0,0.035391851908049464,0,829,104,102,25327,0,0.33735593220338983,0.34406779661016945
481447.8872,18262.949973446626,0.9646081480919505,0.0,0.035391851908049464,0,829,104,102,25327,0,0.33735593220338983,0.3550847457627119
466740.066016,17705.032471587892,0.9646081480919505,0.0023139367271072,0.03307791518094227,61,807,65,102,25327,22,0.33735593220338983,0.36610169491525424
466740.066016,17705.032471587892,0.9646081480919505,0.0023139367271072,0.03307791518094227,61,807,65,102,25327,22,0.33735593220338983,0.3771186440677966
466740.066016,17705.032471587892,0.9646081480919505,0.0023139367271072,0.03307791518094227,61,807,65,102,25327,22,0.33735593220338983,0.38813559322033897
466740.066016,17705.032471587892,0.9646081480919505,0.0023139367271072,0.03307791518094227,61,807,65,102,25327,22,0.33735593220338983,0.39915254237288134
466740.066016,17705.032471587892,0.9646081480919505,0.0023139367271072,0.03307791518094227,61,807,65,102,25327,22,0.33735593220338983,0.4101694915254237
466740.066016,17705.032471587892,0.9646081480919505,0.0023139367271072,0.03307791518094227,61,807,65,102,25327,22,0.33735593220338983,0.42118644067796607
466740.066016,17705.032471587892,0.9646081480919505,0.0023139367271072,0.03307791518094227,61,807,65,102,25327,22,0.33735593220338983,0.43220338983050843
466740.066016,17705.032471587892,0.9646081480919505,0.0023139367271072,0.03307791518094227,61,807,65,102,25327,22,0.33735593220338983,0.4432203389830508
466740.066016,17705.032471587892,0.9646081480919505,0.0023139367271072,0.03307791518094227,61,807,65,102,25327,22,0.33735593220338983,0.45423728813559316
466740.066016,17705.032471587892,0.9646081480919505,0.0023139367271072,0.03307791518094227,61,807,65,102,25327,22,0.33735593220338983,0.46525423728813553
466740.066016,17705.032471587892,0.9646081480919505,0.0023139367271072,0.03307791518094227,61,807,65,102,25327,22,0.33735593220338983,0.4762711864406779
466740.066016,17705.032471587892,0.9646081480919505,0.0023139367271072,0.03307791518094227,61,807,65,102,25327,22,0.33735593220338983,0.48728813559322026
466740.066016,17705.032471587892,0.9646081480919505,0.0023139367271072,0.03307791518094227,61,807,65,102,25327,22,0.33735593220338983,0.4983050847457626
465957.41151999997,17675.34373416281,0.9646081480919505,0.0024656702829830815,0.032926181625066386,65,805,63,102,25327,24,0.33735593220338983,0.5093220338983051
465957.41151999997,17675.34373416281,0.9646081480919505,0.0024656702829830815,0.032926181625066386,65,805,63,102,25327,24,0.33735593220338983,0.5203389830508474
465957.41151999997,17675.34373416281,0.9646081480919505,0.0024656702829830815,0.032926181625066386,65,805,63,102,25327,24,0.33735593220338983,0.5313559322033898
465957.41151999997,17675.34373416281,0.9646081480919505,0.0024656702829830815,0.032926181625066386,65,805,63,102,25327,24,0.33735593220338983,0.5423728813559321
465957.41151999997,17675.34373416281,0.9646081480919505,0.0024656702829830815,0.032926181625066386,65,805,63,102,25327,24,0.33735593220338983,0.5533898305084746
465957.41151999997,17675.34373416281,0.9646081480919505,0.0024656702829830815,0.032926181625066386,65,805,63,102,25327,24,0.33735593220338983,0.5644067796610168
465957.41151999997,17675.34373416281,0.9646081480919505,0.0024656702829830815,0.032926181625066386,65,805,63,102,25327,24,0.33735593220338983,0.5754237288135593
465957.41151999997,17675.34373416281,0.9646081480919505,0.0024656702829830815,0.032926181625066386,65,805,63,102,25327,24,0.33735593220338983,0.5864406779661016
465957.41151999997,17675.34373416281,0.9646081480919505,0.0024656702829830815,0.032926181625066386,65,805,63,102,25327,24,0.33735593220338983,0.597457627118644
465957.41151999997,17675.34373416281,0.9646081480919505,0.0024656702829830815,0.032926181625066386,65,805,63,102,25327,24,0.33735593220338983,0.6084745762711864
465957.41151999997,17675.34373416281,0.9646081480919505,0.0024656702829830815,0.032926181625066386,65,805,63,102,25327,24,0.33735593220338983,0.6194915254237288
465957.41151999997,17675.34373416281,0.9646081480919505,0.0024656702829830815,0.032926181625066386,65,805,63,102,25327,24,0.33735593220338983,0.6305084745762711
465957.41151999997,17675.34373416281,0.9646081480919505,0.0024656702829830815,0.032926181625066386,65,805,63,102,25327,24,0.33735593220338983,0.6415254237288135
470121.31328,17833.29463925347,0.9646081480919505,0.00311053789545558,0.03228131401259388,82,794,57,102,25327,35,0.33735593220338983,0.6525423728813559
470121.31328,17833.29463925347,0.9646081480919505,0.00311053789545558,0.03228131401259388,82,794,57,102,25327,35,0.33735593220338983,0.6635593220338982
474658.772544,18005.41584644564,0.9646081480919505,0.0036795387299901373,0.03171231317805933,97,784,52,102,25327,45,0.33735593220338983,0.6745762711864406
474658.772544,18005.41584644564,0.9646081480919505,0.0036795387299901373,0.03171231317805933,97,784,52,102,25327,45,0.33735593220338983,0.685593220338983
475602.838656,18041.22747348456,0.9646081480919505,0.0042864729534936655,0.0311053789545558,113,773,47,102,25327,56,0.33735593220338983,0.6966101694915253
475602.838656,18041.22747348456,0.9646081480919505,0.0042864729534936655,0.0311053789545558,113,773,47,102,25327,56,0.33735593220338983,0.7076271186440677
475602.838656,18041.22747348456,0.9646081480919505,0.0042864729534936655,0.0311053789545558,113,773,47,102,25327,56,0.33735593220338983,0.7186440677966102
475602.838656,18041.22747348456,0.9646081480919505,0.0042864729534936655,0.0311053789545558,113,773,47,102,25327,56,0.33735593220338983,0.7296610169491524
475602.838656,18041.22747348456,0.9646081480919505,0.0042864729534936655,0.0311053789545558,113,773,47,102,25327,56,0.33735593220338983,0.7406779661016949
476017.081792,18056.941119490177,0.9646081480919505,0.0044382065093695475,0.030953645398679917,117,770,46,102,25327,59,0.33735593220338983,0.7516949152542372
487853.641664,18505.941949169257,0.9646081480919505,0.005690008345345573,0.029701843562703893,150,745,38,102,25327,84,0.33735593220338983,0.7627118644067796
487853.641664,18505.941949169257,0.9646081480919505,0.005690008345345573,0.029701843562703893,150,745,38,102,25327,84,0.33735593220338983,0.7737288135593219
487853.641664,18505.941949169257,0.9646081480919505,0.005690008345345573,0.029701843562703893,150,745,38,102,25327,84,0.33735593220338983,0.7847457627118644
497562.397152,18874.22794750019,0.9646081480919505,0.00622107579091116,0.029170776117138305,164,734,35,102,25327,95,0.33735593220338983,0.7957627118644066
501780.055968,19034.21803990592,0.9646081480919505,0.00697974357029057,0.028412108337758896,184,718,31,102,25327,111,0.33735593220338983,0.8067796610169491
501780.055968,19034.21803990592,0.9646081480919505,0.00697974357029057,0.028412108337758896,184,718,31,102,25327,111,0.33735593220338983,0.8177966101694913
501780.055968,19034.21803990592,0.9646081480919505,0.00697974357029057,0.028412108337758896,184,718,31,102,25327,111,0.33735593220338983,0.8288135593220338
503901.774752,19114.70202382217,0.9646081480919505,0.007207343904104393,0.028184508003945074,190,713,30,102,25327,116,0.33735593220338983,0.8398305084745761
507011.64416,19232.669909718534,0.9646081480919505,0.007700477960701009,0.027691373947348455,203,702,28,102,25327,127,0.33735593220338983,0.8508474576271186
507011.64416,19232.669909718534,0.9646081480919505,0.007700477960701009,0.027691373947348455,203,702,28,102,25327,127,0.33735593220338983,0.8618644067796608
507011.64416,19232.669909718534,0.9646081480919505,0.007700477960701009,0.027691373947348455,203,702,28,102,25327,127,0.33735593220338983,0.8728813559322033
566636.566912,21494.445296714966,0.9646081480919505,0.011493816857598057,0.02389803505045141,303,614,16,102,25327,215,0.33735593220338983,0.8838983050847455
566636.566912,21494.445296714966,0.9646081480919505,0.011493816857598057,0.02389803505045141,303,614,16,102,25327,215,0.33735593220338983,0.894915254237288
566636.566912,21494.445296714966,0.9646081480919505,0.011493816857598057,0.02389803505045141,303,614,16,102,25327,215,0.33735593220338983,0.9059322033898305
566636.566912,21494.445296714966,0.9646081480919505,0.011493816857598057,0.02389803505045141,303,614,16,102,25327,215,0.33735593220338983,0.9169491525423727
566636.566912,21494.445296714966,0.9646081480919505,0.011493816857598057,0.02389803505045141,303,614,16,102,25327,215,0.33735593220338983,0.9279661016949152
566636.566912,21494.445296714966,0.9646081480919505,0.011493816857598057,0.02389803505045141,303,614,16,102,25327,215,0.33735593220338983,0.9389830508474575
566636.566912,21494.445296714966,0.9646081480919505,0.011493816857598057,0.02389803505045141,303,614,16,102,25327,215,0.33735593220338983,0.95
481447.8872,18262.949973446626,0.9646081480919505,0.0,0.035391851908049464,0,829,104,102,25327,0,0.34745762711864403,0.3550847457627119
466740.066016,17705.032471587892,0.9646081480919505,0.0023139367271072,0.03307791518094227,61,807,65,102,25327,22,0.34745762711864403,0.36610169491525424
466740.066016,17705.032471587892,0.9646081480919505,0.0023139367271072,0.03307791518094227,61,807,65,102,25327,22,0.34745762711864403,0.3771186440677966
466740.066016,17705.032471587892,0.9646081480919505,0.0023139367271072,0.03307791518094227,61,807,65,102,25327,22,0.34745762711864403,0.38813559322033897
466740.066016,17705.032471587892,0.9646081480919505,0.0023139367271072,0.03307791518094227,61,807,65,102,25327,22,0.34745762711864403,0.39915254237288134
466740.066016,17705.032471587892,0.9646081480919505,0.0023139367271072,0.03307791518094227,61,807,65,102,25327,22,0.34745762711864403,0.4101694915254237
466740.066016,17705.032471587892,0.9646081480919505,0.0023139367271072,0.03307791518094227,61,807,65,102,25327,22,0.34745762711864403,0.42118644067796607
466740.066016,17705.032471587892,0.9646081480919505,0.0023139367271072,0.03307791518094227,61,807,65,102,25327,22,0.34745762711864403,0.43220338983050843
466740.066016,17705.032471587892,0.9646081480919505,0.0023139367271072,0.03307791518094227,61,807,65,102,25327,22,0.34745762711864403,0.4432203389830508
466740.066016,17705.032471587892,0.9646081480919505,0.0023139367271072,0.03307791518094227,61,807,65,102,25327,22,0.34745762711864403,0.45423728813559316
466740.066016,17705.032471587892,0.9646081480919505,0.0023139367271072,0.03307791518094227,61,807,65,102,25327,22,0.34745762711864403,0.46525423728813553
466740.066016,17705.032471587892,0.9646081480919505,0.0023139367271072,0.03307791518094227,61,807,65,102,25327,22,0.34745762711864403,0.4762711864406779
466740.066016,17705.032471587892,0.9646081480919505,0.0023139367271072,0.03307791518094227,61,807,65,102,25327,22,0.34745762711864403,0.48728813559322026
466740.066016,17705.032471587892,0.9646081480919505,0.0023139367271072,0.03307791518094227,61,807,65,102,25327,22,0.34745762711864403,0.4983050847457626
465957.41151999997,17675.34373416281,0.9646081480919505,0.0024656702829830815,0.032926181625066386,65,805,63,102,25327,24,0.34745762711864403,0.5093220338983051
465957.41151999997,17675.34373416281,0.9646081480919505,0.0024656702829830815,0.032926181625066386,65,805,63,102,25327,24,0.34745762711864403,0.5203389830508474
465957.41151999997,17675.34373416281,0.9646081480919505,0.0024656702829830815,0.032926181625066386,65,805,63,102,25327,24,0.34745762711864403,0.5313559322033898
465957.41151999997,17675.34373416281,0.9646081480919505,0.0024656702829830815,0.032926181625066386,65,805,63,102,25327,24,0.34745762711864403,0.5423728813559321
465957.41151999997,17675.34373416281,0.9646081480919505,0.0024656702829830815,0.032926181625066386,65,805,63,102,25327,24,0.34745762711864403,0.5533898305084746
465957.41151999997,17675.34373416281,0.9646081480919505,0.0024656702829830815,0.032926181625066386,65,805,63,102,25327,24,0.34745762711864403,0.5644067796610168
465957.41151999997,17675.34373416281,0.9646081480919505,0.0024656702829830815,0.032926181625066386,65,805,63,102,25327,24,0.34745762711864403,0.5754237288135593
465957.41151999997,17675.34373416281,0.9646081480919505,0.0024656702829830815,0.032926181625066386,65,805,63,102,25327,24,0.34745762711864403,0.5864406779661016
465957.41151999997,17675.34373416281,0.9646081480919505,0.0024656702829830815,0.032926181625066386,65,805,63,102,25327,24,0.34745762711864403,0.597457627118644
465957.41151999997,17675.34373416281,0.9646081480919505,0.0024656702829830815,0.032926181625066386,65,805,63,102,25327,24,0.34745762711864403,0.6084745762711864
465957.41151999997,17675.34373416281,0.9646081480919505,0.0024656702829830815,0.032926181625066386,65,805,63,102,25327,24,0.34745762711864403,0.6194915254237288
465957.41151999997,17675.34373416281,0.9646081480919505,0.0024656702829830815,0.032926181625066386,65,805,63,102,25327,24,0.34745762711864403,0.6305084745762711
465957.41151999997,17675.34373416281,0.9646081480919505,0.0024656702829830815,0.032926181625066386,65,805,63,102,25327,24,0.34745762711864403,0.6415254237288135
470121.31328,17833.29463925347,0.9646081480919505,0.00311053789545558,0.03228131401259388,82,794,57,102,25327,35,0.34745762711864403,0.6525423728813559
470121.31328,17833.29463925347,0.9646081480919505,0.00311053789545558,0.03228131401259388,82,794,57,102,25327,35,0.34745762711864403,0.6635593220338982
474658.772544,18005.41584644564,0.9646081480919505,0.0036795387299901373,0.03171231317805933,97,784,52,102,25327,45,0.34745762711864403,0.6745762711864406
474658.772544,18005.41584644564,0.9646081480919505,0.0036795387299901373,0.03171231317805933,97,784,52,102,25327,45,0.34745762711864403,0.685593220338983
475602.838656,18041.22747348456,0.9646081480919505,0.0042864729534936655,0.0311053789545558,113,773,47,102,25327,56,0.34745762711864403,0.6966101694915253
475602.838656,18041.22747348456,0.9646081480919505,0.0042864729534936655,0.0311053789545558,113,773,47,102,25327,56,0.34745762711864403,0.7076271186440677
475602.838656,18041.22747348456,0.9646081480919505,0.0042864729534936655,0.0311053789545558,113,773,47,102,25327,56,0.34745762711864403,0.7186440677966102
475602.838656,18041.22747348456,0.9646081480919505,0.0042864729534936655,0.0311053789545558,113,773,47,102,25327,56,0.34745762711864403,0.7296610169491524
475602.838656,18041.22747348456,0.9646081480919505,0.0042864729534936655,0.0311053789545558,113,773,47,102,25327,56,0.34745762711864403,0.7406779661016949
476017.081792,18056.941119490177,0.9646081480919505,0.0044382065093695475,0.030953645398679917,117,770,46,102,25327,59,0.34745762711864403,0.7516949152542372
487853.641664,18505.941949169257,0.9646081480919505,0.005690008345345573,0.029701843562703893,150,745,38,102,25327,84,0.34745762711864403,0.7627118644067796
487853.641664,18505.941949169257,0.9646081480919505,0.005690008345345573,0.029701843562703893,150,745,38,102,25327,84,0.34745762711864403,0.7737288135593219
487853.641664,18505.941949169257,0.9646081480919505,0.005690008345345573,0.029701843562703893,150,745,38,102,25327,84,0.34745762711864403,0.7847457627118644
497562.397152,18874.22794750019,0.9646081480919505,0.00622107579091116,0.029170776117138305,164,734,35,102,25327,95,0.34745762711864403,0.7957627118644066
501780.055968,19034.21803990592,0.9646081480919505,0.00697974357029057,0.028412108337758896,184,718,31,102,25327,111,0.34745762711864403,0.8067796610169491
501780.055968,19034.21803990592,0.9646081480919505,0.00697974357029057,0.028412108337758896,184,718,31,102,25327,111,0.34745762711864403,0.8177966101694913
501780.055968,19034.21803990592,0.9646081480919505,0.00697974357029057,0.028412108337758896,184,718,31,102,25327,111,0.34745762711864403,0.8288135593220338
503901.774752,19114.70202382217,0.9646081480919505,0.007207343904104393,0.028184508003945074,190,713,30,102,25327,116,0.34745762711864403,0.8398305084745761
507011.64416,19232.669909718534,0.9646081480919505,0.007700477960701009,0.027691373947348455,203,702,28,102,25327,127,0.34745762711864403,0.8508474576271186
507011.64416,19232.669909718534,0.9646081480919505,0.007700477960701009,0.027691373947348455,203,702,28,102,25327,127,0.34745762711864403,0.8618644067796608
507011.64416,19232.669909718534,0.9646081480919505,0.007700477960701009,0.027691373947348455,203,702,28,102,25327,127,0.34745762711864403,0.8728813559322033
566636.566912,21494.445296714966,0.9646081480919505,0.011493816857598057,0.02389803505045141,303,614,16,102,25327,215,0.34745762711864403,0.8838983050847455
566636.566912,21494.445296714966,0.9646081480919505,0.011493816857598057,0.02389803505045141,303,614,16,102,25327,215,0.34745762711864403,0.894915254237288
566636.566912,21494.445296714966,0.9646081480919505,0.011493816857598057,0.02389803505045141,303,614,16,102,25327,215,0.34745762711864403,0.9059322033898305
566636.566912,21494.445296714966,0.9646081480919505,0.011493816857598057,0.02389803505045141,303,614,16,102,25327,215,0.34745762711864403,0.9169491525423727
566636.566912,21494.445296714966,0.9646081480919505,0.011493816857598057,0.02389803505045141,303,614,16,102,25327,215,0.34745762711864403,0.9279661016949152
566636.566912,21494.445296714966,0.9646081480919505,0.011493816857598057,0.02389803505045141,303,614,16,102,25327,215,0.34745762711864403,0.9389830508474575
566636.566912,21494.445296714966,0.9646081480919505,0.011493816857598057,0.02389803505045141,303,614,16,102,25327,215,0.34745762711864403,0.95
466740.066016,17705.032471587892,0.9646081480919505,0.0023139367271072,0.03307791518094227,61,807,65,102,25327,22,0.3575593220338983,0.36610169491525424
466740.066016,17705.032471587892,0.9646081480919505,0.0023139367271072,0.03307791518094227,61,807,65,102,25327,22,0.3575593220338983,0.3771186440677966
466740.066016,17705.032471587892,0.9646081480919505,0.0023139367271072,0.03307791518094227,61,807,65,102,25327,22,0.3575593220338983,0.38813559322033897
466740.066016,17705.032471587892,0.9646081480919505,0.0023139367271072,0.03307791518094227,61,807,65,102,25327,22,0.3575593220338983,0.39915254237288134
466740.066016,17705.032471587892,0.9646081480919505,0.0023139367271072,0.03307791518094227,61,807,65,102,25327,22,0.3575593220338983,0.4101694915254237
466740.066016,17705.032471587892,0.9646081480919505,0.0023139367271072,0.03307791518094227,61,807,65,102,25327,22,0.3575593220338983,0.42118644067796607
466740.066016,17705.032471587892,0.9646081480919505,0.0023139367271072,0.03307791518094227,61,807,65,102,25327,22,0.3575593220338983,0.43220338983050843
466740.066016,17705.032471587892,0.9646081480919505,0.0023139367271072,0.03307791518094227,61,807,65,102,25327,22,0.3575593220338983,0.4432203389830508
466740.066016,17705.032471587892,0.9646081480919505,0.0023139367271072,0.03307791518094227,61,807,65,102,25327,22,0.3575593220338983,0.45423728813559316
466740.066016,17705.032471587892,0.9646081480919505,0.0023139367271072,0.03307791518094227,61,807,65,102,25327,22,0.3575593220338983,0.46525423728813553
466740.066016,17705.032471587892,0.9646081480919505,0.0023139367271072,0.03307791518094227,61,807,65,102,25327,22,0.3575593220338983,0.4762711864406779
466740.066016,17705.032471587892,0.9646081480919505,0.0023139367271072,0.03307791518094227,61,807,65,102,25327,22,0.3575593220338983,0.48728813559322026
466740.066016,17705.032471587892,0.9646081480919505,0.0023139367271072,0.03307791518094227,61,807,65,102,25327,22,0.3575593220338983,0.4983050847457626
465957.41151999997,17675.34373416281,0.9646081480919505,0.0024656702829830815,0.032926181625066386,65,805,63,102,25327,24,0.3575593220338983,0.5093220338983051
465957.41151999997,17675.34373416281,0.9646081480919505,0.0024656702829830815,0.032926181625066386,65,805,63,102,25327,24,0.3575593220338983,0.5203389830508474
465957.41151999997,17675.34373416281,0.9646081480919505,0.0024656702829830815,0.032926181625066386,65,805,63,102,25327,24,0.3575593220338983,0.5313559322033898
465957.41151999997,17675.34373416281,0.9646081480919505,0.0024656702829830815,0.032926181625066386,65,805,63,102,25327,24,0.3575593220338983,0.5423728813559321
465957.41151999997,17675.34373416281,0.9646081480919505,0.0024656702829830815,0.032926181625066386,65,805,63,102,25327,24,0.3575593220338983,0.5533898305084746
465957.41151999997,17675.34373416281,0.9646081480919505,0.0024656702829830815,0.032926181625066386,65,805,63,102,25327,24,0.3575593220338983,0.5644067796610168
465957.41151999997,17675.34373416281,0.9646081480919505,0.0024656702829830815,0.032926181625066386,65,805,63,102,25327,24,0.3575593220338983,0.5754237288135593
465957.41151999997,17675.34373416281,0.9646081480919505,0.0024656702829830815,0.032926181625066386,65,805,63,102,25327,24,0.3575593220338983,0.5864406779661016
465957.41151999997,17675.34373416281,0.9646081480919505,0.0024656702829830815,0.032926181625066386,65,805,63,102,25327,24,0.3575593220338983,0.597457627118644
465957.41151999997,17675.34373416281,0.9646081480919505,0.0024656702829830815,0.032926181625066386,65,805,63,102,25327,24,0.3575593220338983,0.6084745762711864
465957.41151999997,17675.34373416281,0.9646081480919505,0.0024656702829830815,0.032926181625066386,65,805,63,102,25327,24,0.3575593220338983,0.6194915254237288
465957.41151999997,17675.34373416281,0.9646081480919505,0.0024656702829830815,0.032926181625066386,65,805,63,102,25327,24,0.3575593220338983,0.6305084745762711
465957.41151999997,17675.34373416281,0.9646081480919505,0.0024656702829830815,0.032926181625066386,65,805,63,102,25327,24,0.3575593220338983,0.6415254237288135
470121.31328,17833.29463925347,0.9646081480919505,0.00311053789545558,0.03228131401259388,82,794,57,102,25327,35,0.3575593220338983,0.6525423728813559
470121.31328,17833.29463925347,0.9646081480919505,0.00311053789545558,0.03228131401259388,82,794,57,102,25327,35,0.3575593220338983,0.6635593220338982
474658.772544,18005.41584644564,0.9646081480919505,0.0036795387299901373,0.03171231317805933,97,784,52,102,25327,45,0.3575593220338983,0.6745762711864406
474658.772544,18005.41584644564,0.9646081480919505,0.0036795387299901373,0.03171231317805933,97,784,52,102,25327,45,0.3575593220338983,0.685593220338983
475602.838656,18041.22747348456,0.9646081480919505,0.0042864729534936655,0.0311053789545558,113,773,47,102,25327,56,0.3575593220338983,0.6966101694915253
475602.838656,18041.22747348456,0.9646081480919505,0.0042864729534936655,0.0311053789545558,113,773,47,102,25327,56,0.3575593220338983,0.7076271186440677
475602.838656,18041.22747348456,0.9646081480919505,0.0042864729534936655,0.0311053789545558,113,773,47,102,25327,56,0.3575593220338983,0.7186440677966102
475602.838656,18041.22747348456,0.9646081480919505,0.0042864729534936655,0.0311053789545558,113,773,47,102,25327,56,0.3575593220338983,0.7296610169491524
475602.838656,18041.22747348456,0.9646081480919505,0.0042864729534936655,0.0311053789545558,113,773,47,102,25327,56,0.3575593220338983,0.7406779661016949
476017.081792,18056.941119490177,0.9646081480919505,0.0044382065093695475,0.030953645398679917,117,770,46,102,25327,59,0.3575593220338983,0.7516949152542372
487853.641664,18505.941949169257,0.9646081480919505,0.005690008345345573,0.029701843562703893,150,745,38,102,25327,84,0.3575593220338983,0.7627118644067796
487853.641664,18505.941949169257,0.9646081480919505,0.005690008345345573,0.029701843562703893,150,745,38,102,25327,84,0.3575593220338983,0.7737288135593219
487853.641664,18505.941949169257,0.9646081480919505,0.005690008345345573,0.029701843562703893,150,745,38,102,25327,84,0.3575593220338983,0.7847457627118644
497562.397152,18874.22794750019,0.9646081480919505,0.00622107579091116,0.029170776117138305,164,734,35,102,25327,95,0.3575593220338983,0.7957627118644066
501780.055968,19034.21803990592,0.9646081480919505,0.00697974357029057,0.028412108337758896,184,718,31,102,25327,111,0.3575593220338983,0.8067796610169491
501780.055968,19034.21803990592,0.9646081480919505,0.00697974357029057,0.028412108337758896,184,718,31,102,25327,111,0.3575593220338983,0.8177966101694913
501780.055968,19034.21803990592,0.9646081480919505,0.00697974357029057,0.028412108337758896,184,718,31,102,25327,111,0.3575593220338983,0.8288135593220338
503901.774752,19114.70202382217,0.9646081480919505,0.007207343904104393,0.028184508003945074,190,713,30,102,25327,116,0.3575593220338983,0.8398305084745761
507011.64416,19232.669909718534,0.9646081480919505,0.007700477960701009,0.027691373947348455,203,702,28,102,25327,127,0.3575593220338983,0.8508474576271186
507011.64416,19232.669909718534,0.9646081480919505,0.007700477960701009,0.027691373947348455,203,702,28,102,25327,127,0.3575593220338983,0.8618644067796608
507011.64416,19232.669909718534,0.9646081480919505,0.007700477960701009,0.027691373947348455,203,702,28,102,25327,127,0.3575593220338983,0.8728813559322033
566636.566912,21494.445296714966,0.9646081480919505,0.011493816857598057,0.02389803505045141,303,614,16,102,25327,215,0.3575593220338983,0.8838983050847455
566636.566912,21494.445296714966,0.9646081480919505,0.011493816857598057,0.02389803505045141,303,614,16,102,25327,215,0.3575593220338983,0.894915254237288
566636.566912,21494.445296714966,0.9646081480919505,0.011493816857598057,0.02389803505045141,303,614,16,102,25327,215,0.3575593220338983,0.9059322033898305
566636.566912,21494.445296714966,0.9646081480919505,0.011493816857598057,0.02389803505045141,303,614,16,102,25327,215,0.3575593220338983,0.9169491525423727
566636.566912,21494.445296714966,0.9646081480919505,0.011493816857598057,0.02389803505045141,303,614,16,102,25327,215,0.3575593220338983,0.9279661016949152
566636.566912,21494.445296714966,0.9646081480919505,0.011493816857598057,0.02389803505045141,303,614,16,102,25327,215,0.3575593220338983,0.9389830508474575
566636.566912,21494.445296714966,0.9646081480919505,0.011493816857598057,0.02389803505045141,303,614,16,102,25327,215,0.3575593220338983,0.95
559264.4103999999,21214.794416205143,0.9669220848190577,0.0,0.03307791518094227,0,807,65,124,25366,0,0.36766101694915254,0.3771186440677966
559264.4103999999,21214.794416205143,0.9669220848190577,0.0,0.03307791518094227,0,807,65,124,25366,0,0.36766101694915254,0.38813559322033897
559264.4103999999,21214.794416205143,0.9669220848190577,0.0,0.03307791518094227,0,807,65,124,25366,0,0.36766101694915254,0.39915254237288134
559264.4103999999,21214.794416205143,0.9669220848190577,0.0,0.03307791518094227,0,807,65,124,25366,0,0.36766101694915254,0.4101694915254237
559264.4103999999,21214.794416205143,0.9669220848190577,0.0,0.03307791518094227,0,807,65,124,25366,0,0.36766101694915254,0.42118644067796607
559264.4103999999,21214.794416205143,0.9669220848190577,0.0,0.03307791518094227,0,807,65,124,25366,0,0.36766101694915254,0.43220338983050843
559264.4103999999,21214.794416205143,0.9669220848190577,0.0,0.03307791518094227,0,807,65,124,25366,0,0.36766101694915254,0.4432203389830508
559264.4103999999,21214.794416205143,0.9669220848190577,0.0,0.03307791518094227,0,807,65,124,25366,0,0.36766101694915254,0.45423728813559316
559264.4103999999,21214.794416205143,0.9669220848190577,0.0,0.03307791518094227,0,807,65,124,25366,0,0.36766101694915254,0.46525423728813553
559264.4103999999,21214.794416205143,0.9669220848190577,0.0,0.03307791518094227,0,807,65,124,25366,0,0.36766101694915254,0.4762711864406779
559264.4103999999,21214.794416205143,0.9669220848190577,0.0,0.03307791518094227,0,807,65,124,25366,0,0.36766101694915254,0.48728813559322026
559264.4103999999,21214.794416205143,0.9669220848190577,0.0,0.03307791518094227,0,807,65,124,25366,0,0.36766101694915254,0.4983050847457626
558481.755904,21185.105678780063,0.9669220848190577,0.00015173355587588195,0.032926181625066386,4,805,63,124,25366,2,0.36766101694915254,0.5093220338983051
558481.755904,21185.105678780063,0.9669220848190577,0.00015173355587588195,0.032926181625066386,4,805,63,124,25366,2,0.36766101694915254,0.5203389830508474
558481.755904,21185.105678780063,0.9669220848190577,0.00015173355587588195,0.032926181625066386,4,805,63,124,25366,2,0.36766101694915254,0.5313559322033898
558481.755904,21185.105678780063,0.9669220848190577,0.00015173355587588195,0.032926181625066386,4,805,63,124,25366,2,0.36766101694915254,0.5423728813559321
558481.755904,21185.105678780063,0.9669220848190577,0.00015173355587588195,0.032926181625066386,4,805,63,124,25366,2,0.36766101694915254,0.5533898305084746
558481.755904,21185.105678780063,0.9669220848190577,0.00015173355587588195,0.032926181625066386,4,805,63,124,25366,2,0.36766101694915254,0.5644067796610168
558481.755904,21185.105678780063,0.9669220848190577,0.00015173355587588195,0.032926181625066386,4,805,63,124,25366,2,0.36766101694915254,0.5754237288135593
558481.755904,21185.105678780063,0.9669220848190577,0.00015173355587588195,0.032926181625066386,4,805,63,124,25366,2,0.36766101694915254,0.5864406779661016
558481.755904,21185.105678780063,0.9669220848190577,0.00015173355587588195,0.032926181625066386,4,805,63,124,25366,2,0.36766101694915254,0.597457627118644
558481.755904,21185.105678780063,0.9669220848190577,0.00015173355587588195,0.032926181625066386,4,805,63,124,25366,2,0.36766101694915254,0.6084745762711864
558481.755904,21185.105678780063,0.9669220848190577,0.00015173355587588195,0.032926181625066386,4,805,63,124,25366,2,0.36766101694915254,0.6194915254237288
558481.755904,21185.105678780063,0.9669220848190577,0.00015173355587588195,0.032926181625066386,4,805,63,124,25366,2,0.36766101694915254,0.6305084745762711
558481.755904,21185.105678780063,0.9669220848190577,0.00015173355587588195,0.032926181625066386,4,805,63,124,25366,2,0.36766101694915254,0.6415254237288135
562645.657664,21343.056583870726,0.9669220848190577,0.0007966011683483802,0.03228131401259388,21,794,57,124,25366,13,0.36766101694915254,0.6525423728813559
562645.657664,21343.056583870726,0.9669220848190577,0.0007966011683483802,0.03228131401259388,21,794,57,124,25366,13,0.36766101694915254,0.6635593220338982
567183.116928,21515.17779106289,0.9669220848190577,0.0013656020028829376,0.03171231317805933,36,784,52,124,25366,23,0.36766101694915254,0.6745762711864406
567183.116928,21515.17779106289,0.9669220848190577,0.0013656020028829376,0.03171231317805933,36,784,52,124,25366,23,0.36766101694915254,0.685593220338983
568127.18304,21550.989418101813,0.9669220848190577,0.0019725362263864656,0.0311053789545558,52,773,47,124,25366,34,0.36766101694915254,0.6966101694915253
568127.18304,21550.989418101813,0.9669220848190577,0.0019725362263864656,0.0311053789545558,52,773,47,124,25366,34,0.36766101694915254,0.7076271186440677
568127.18304,21550.989418101813,0.9669220848190577,0.0019725362263864656,0.0311053789545558,52,773,47,124,25366,34,0.36766101694915254,0.7186440677966102
568127.18304,21550.989418101813,0.9669220848190577,0.0019725362263864656,0.0311053789545558,52,773,47,124,25366,34,0.36766101694915254,0.7296610169491524
568127.18304,21550.989418101813,0.9669220848190577,0.0019725362263864656,0.0311053789545558,52,773,47,124,25366,34,0.36766101694915254,0.7406779661016949
568541.426176,21566.70306410743,0.9669220848190577,0.002124269782262347,0.030953645398679917,56,770,46,124,25366,37,0.36766101694915254,0.7516949152542372
580377.9860479999,22015.703893786507,0.9669220848190577,0.0033760716182383733,0.029701843562703893,89,745,38,124,25366,62,0.36766101694915254,0.7627118644067796
580377.9860479999,22015.703893786507,0.9669220848190577,0.0033760716182383733,0.029701843562703893,89,745,38,124,25366,62,0.36766101694915254,0.7737288135593219
580377.9860479999,22015.703893786507,0.9669220848190577,0.0033760716182383733,0.029701843562703893,89,745,38,124,25366,62,0.36766101694915254,0.7847457627118644
590086.741536,22383.989892117446,0.9669220848190577,0.00390713906380396,0.029170776117138305,103,734,35,124,25366,73,0.36766101694915254,0.7957627118644066
594304.400352,22543.97998452318,0.9669220848190577,0.00466580684318337,0.028412108337758896,123,718,31,124,25366,89,0.36766101694915254,0.8067796610169491
594304.400352,22543.97998452318,0.9669220848190577,0.00466580684318337,0.028412108337758896,123,718,31,124,25366,89,0.36766101694915254,0.8177966101694913
594304.400352,22543.97998452318,0.9669220848190577,0.00466580684318337,0.028412108337758896,123,718,31,124,25366,89,0.36766101694915254,0.8288135593220338
596426.119136,22624.46396843942,0.9669220848190577,0.004893407176997193,0.028184508003945074,129,713,30,124,25366,94,0.36766101694915254,0.8398305084745761
599535.9885440001,22742.431854335788,0.9669220848190577,0.005386541233593809,0.027691373947348455,142,702,28,124,25366,105,0.36766101694915254,0.8508474576271186
599535.9885440001,22742.431854335788,0.9669220848190577,0.005386541233593809,0.027691373947348455,142,702,28,124,25366,105,0.36766101694915254,0.8618644067796608
599535.9885440001,22742.431854335788,0.9669220848190577,0.005386541233593809,0.027691373947348455,142,702,28,124,25366,105,0.36766101694915254,0.8728813559322033
659160.911296,25004.20724133222,0.9669220848190577,0.009179880130490857,0.02389803505045141,242,614,16,124,25366,193,0.36766101694915254,0.8838983050847455
659160.911296,25004.20724133222,0.9669220848190577,0.009179880130490857,0.02389803505045141,242,614,16,124,25366,193,0.36766101694915254,0.894915254237288
659160.911296,25004.20724133222,0.9669220848190577,0.009179880130490857,0.02389803505045141,242,614,16,124,25366,193,0.36766101694915254,0.9059322033898305
659160.911296,25004.20724133222,0.9669220848190577,0.009179880130490857,0.02389803505045141,242,614,16,124,25366,193,0.36766101694915254,0.9169491525423727
659160.911296,25004.20724133222,0.9669220848190577,0.009179880130490857,0.02389803505045141,242,614,16,124,25366,193,0.36766101694915254,0.9279661016949152
659160.911296,25004.20724133222,0.9669220848190577,0.009179880130490857,0.02389803505045141,242,614,16,124,25366,193,0.36766101694915254,0.9389830508474575
659160.911296,25004.20724133222,0.9669220848190577,0.009179880130490857,0.02389803505045141,242,614,16,124,25366,193,0.36766101694915254,0.95
559264.4103999999,21214.794416205143,0.9669220848190577,0.0,0.03307791518094227,0,807,65,124,25366,0,0.37776271186440674,0.38813559322033897
559264.4103999999,21214.794416205143,0.9669220848190577,0.0,0.03307791518094227,0,807,65,124,25366,0,0.37776271186440674,0.39915254237288134
559264.4103999999,21214.794416205143,0.9669220848190577,0.0,0.03307791518094227,0,807,65,124,25366,0,0.37776271186440674,0.4101694915254237
559264.4103999999,21214.794416205143,0.9669220848190577,0.0,0.03307791518094227,0,807,65,124,25366,0,0.37776271186440674,0.42118644067796607
559264.4103999999,21214.794416205143,0.9669220848190577,0.0,0.03307791518094227,0,807,65,124,25366,0,0.37776271186440674,0.43220338983050843
559264.4103999999,21214.794416205143,0.9669220848190577,0.0,0.03307791518094227,0,807,65,124,25366,0,0.37776271186440674,0.4432203389830508
559264.4103999999,21214.794416205143,0.9669220848190577,0.0,0.03307791518094227,0,807,65,124,25366,0,0.37776271186440674,0.45423728813559316
559264.4103999999,21214.794416205143,0.9669220848190577,0.0,0.03307791518094227,0,807,65,124,25366,0,0.37776271186440674,0.46525423728813553
559264.4103999999,21214.794416205143,0.9669220848190577,0.0,0.03307791518094227,0,807,65,124,25366,0,0.37776271186440674,0.4762711864406779
559264.4103999999,21214.794416205143,0.9669220848190577,0.0,0.03307791518094227,0,807,65,124,25366,0,0.37776271186440674,0.48728813559322026
559264.4103999999,21214.794416205143,0.9669220848190577,0.0,0.03307791518094227,0,807,65,124,25366,0,0.37776271186440674,0.4983050847457626
558481.755904,21185.105678780063,0.9669220848190577,0.00015173355587588195,0.032926181625066386,4,805,63,124,25366,2,0.37776271186440674,0.5093220338983051
558481.755904,21185.105678780063,0.9669220848190577,0.00015173355587588195,0.032926181625066386,4,805,63,124,25366,2,0.37776271186440674,0.5203389830508474
558481.755904,21185.105678780063,0.9669220848190577,0.00015173355587588195,0.032926181625066386,4,805,63,124,25366,2,0.37776271186440674,0.5313559322033898
558481.755904,21185.105678780063,0.9669220848190577,0.00015173355587588195,0.032926181625066386,4,805,63,124,25366,2,0.37776271186440674,0.5423728813559321
558481.755904,21185.105678780063,0.9669220848190577,0.00015173355587588195,0.032926181625066386,4,805,63,124,25366,2,0.37776271186440674,0.5533898305084746
558481.755904,21185.105678780063,0.9669220848190577,0.00015173355587588195,0.032926181625066386,4,805,63,124,25366,2,0.37776271186440674,0.5644067796610168
558481.755904,21185.105678780063,0.9669220848190577,0.00015173355587588195,0.032926181625066386,4,805,63,124,25366,2,0.37776271186440674,0.5754237288135593
558481.755904,21185.105678780063,0.9669220848190577,0.00015173355587588195,0.032926181625066386,4,805,63,124,25366,2,0.37776271186440674,0.5864406779661016
558481.755904,21185.105678780063,0.9669220848190577,0.00015173355587588195,0.032926181625066386,4,805,63,124,25366,2,0.37776271186440674,0.597457627118644
558481.755904,21185.105678780063,0.9669220848190577,0.00015173355587588195,0.032926181625066386,4,805,63,124,25366,2,0.37776271186440674,0.6084745762711864
558481.755904,21185.105678780063,0.9669220848190577,0.00015173355587588195,0.032926181625066386,4,805,63,124,25366,2,0.37776271186440674,0.6194915254237288
558481.755904,21185.105678780063,0.9669220848190577,0.00015173355587588195,0.032926181625066386,4,805,63,124,25366,2,0.37776271186440674,0.6305084745762711
558481.755904,21185.105678780063,0.9669220848190577,0.00015173355587588195,0.032926181625066386,4,805,63,124,25366,2,0.37776271186440674,0.6415254237288135
562645.657664,21343.056583870726,0.9669220848190577,0.0007966011683483802,0.03228131401259388,21,794,57,124,25366,13,0.37776271186440674,0.6525423728813559
562645.657664,21343.056583870726,0.9669220848190577,0.0007966011683483802,0.03228131401259388,21,794,57,124,25366,13,0.37776271186440674,0.6635593220338982
567183.116928,21515.17779106289,0.9669220848190577,0.0013656020028829376,0.03171231317805933,36,784,52,124,25366,23,0.37776271186440674,0.6745762711864406
567183.116928,21515.17779106289,0.9669220848190577,0.0013656020028829376,0.03171231317805933,36,784,52,124,25366,23,0.37776271186440674,0.685593220338983
568127.18304,21550.989418101813,0.9669220848190577,0.0019725362263864656,0.0311053789545558,52,773,47,124,25366,34,0.37776271186440674,0.6966101694915253
568127.18304,21550.989418101813,0.9669220848190577,0.0019725362263864656,0.0311053789545558,52,773,47,124,25366,34,0.37776271186440674,0.7076271186440677
568127.18304,21550.989418101813,0.9669220848190577,0.0019725362263864656,0.0311053789545558,52,773,47,124,25366,34,0.37776271186440674,0.7186440677966102
568127.18304,21550.989418101813,0.9669220848190577,0.0019725362263864656,0.0311053789545558,52,773,47,124,25366,34,0.37776271186440674,0.7296610169491524
568127.18304,21550.989418101813,0.9669220848190577,0.0019725362263864656,0.0311053789545558,52,773,47,124,25366,34,0.37776271186440674,0.7406779661016949
568541.426176,21566.70306410743,0.9669220848190577,0.002124269782262347,0.030953645398679917,56,770,46,124,25366,37,0.37776271186440674,0.7516949152542372
580377.9860479999,22015.703893786507,0.9669220848190577,0.0033760716182383733,0.029701843562703893,89,745,38,124,25366,62,0.37776271186440674,0.7627118644067796
580377.9860479999,22015.703893786507,0.9669220848190577,0.0033760716182383733,0.029701843562703893,89,745,38,124,25366,62,0.37776271186440674,0.7737288135593219
580377.9860479999,22015.703893786507,0.9669220848190577,0.0033760716182383733,0.029701843562703893,89,745,38,124,25366,62,0.37776271186440674,0.7847457627118644
590086.741536,22383.989892117446,0.9669220848190577,0.00390713906380396,0.029170776117138305,103,734,35,124,25366,73,0.37776271186440674,0.7957627118644066
594304.400352,22543.97998452318,0.9669220848190577,0.00466580684318337,0.028412108337758896,123,718,31,124,25366,89,0.37776271186440674,0.8067796610169491
594304.400352,22543.97998452318,0.9669220848190577,0.00466580684318337,0.028412108337758896,123,718,31,124,25366,89,0.37776271186440674,0.8177966101694913
594304.400352,22543.97998452318,0.9669220848190577,0.00466580684318337,0.028412108337758896,123,718,31,124,25366,89,0.37776271186440674,0.8288135593220338
596426.119136,22624.46396843942,0.9669220848190577,0.004893407176997193,0.028184508003945074,129,713,30,124,25366,94,0.37776271186440674,0.8398305084745761
599535.9885440001,22742.431854335788,0.9669220848190577,0.005386541233593809,0.027691373947348455,142,702,28,124,25366,105,0.37776271186440674,0.8508474576271186
599535.9885440001,22742.431854335788,0.9669220848190577,0.005386541233593809,0.027691373947348455,142,702,28,124,25366,105,0.37776271186440674,0.8618644067796608
599535.9885440001,22742.431854335788,0.9669220848190577,0.005386541233593809,0.027691373947348455,142,702,28,124,25366,105,0.37776271186440674,0.8728813559322033
659160.911296,25004.20724133222,0.9669220848190577,0.009179880130490857,0.02389803505045141,242,614,16,124,25366,193,0.37776271186440674,0.8838983050847455
659160.911296,25004.20724133222,0.9669220848190577,0.009179880130490857,0.02389803505045141,242,614,16,124,25366,193,0.37776271186440674,0.894915254237288
659160.911296,25004.20724133222,0.9669220848190577,0.009179880130490857,0.02389803505045141,242,614,16,124,25366,193,0.37776271186440674,0.9059322033898305
659160.911296,25004.20724133222,0.9669220848190577,0.009179880130490857,0.02389803505045141,242,614,16,124,25366,193,0.37776271186440674,0.9169491525423727
659160.911296,25004.20724133222,0.9669220848190577,0.009179880130490857,0.02389803505045141,242,614,16,124,25366,193,0.37776271186440674,0.9279661016949152
659160.911296,25004.20724133222,0.9669220848190577,0.009179880130490857,0.02389803505045141,242,614,16,124,25366,193,0.37776271186440674,0.9389830508474575
659160.911296,25004.20724133222,0.9669220848190577,0.009179880130490857,0.02389803505045141,242,614,16,124,25366,193,0.37776271186440674,0.95
559264.4103999999,21214.794416205143,0.9669220848190577,0.0,0.03307791518094227,0,807,65,124,25366,0,0.387864406779661,0.38813559322033897
559264.4103999999,21214.794416205143,0.9669220848190577,0.0,0.03307791518094227,0,807,65,124,25366,0,0.387864406779661,0.39915254237288134
559264.4103999999,21214.794416205143,0.9669220848190577,0.0,0.03307791518094227,0,807,65,124,25366,0,0.387864406779661,0.4101694915254237
559264.4103999999,21214.794416205143,0.9669220848190577,0.0,0.03307791518094227,0,807,65,124,25366,0,0.387864406779661,0.42118644067796607
559264.4103999999,21214.794416205143,0.9669220848190577,0.0,0.03307791518094227,0,807,65,124,25366,0,0.387864406779661,0.43220338983050843
559264.4103999999,21214.794416205143,0.9669220848190577,0.0,0.03307791518094227,0,807,65,124,25366,0,0.387864406779661,0.4432203389830508
559264.4103999999,21214.794416205143,0.9669220848190577,0.0,0.03307791518094227,0,807,65,124,25366,0,0.387864406779661,0.45423728813559316
559264.4103999999,21214.794416205143,0.9669220848190577,0.0,0.03307791518094227,0,807,65,124,25366,0,0.387864406779661,0.46525423728813553
559264.4103999999,21214.794416205143,0.9669220848190577,0.0,0.03307791518094227,0,807,65,124,25366,0,0.387864406779661,0.4762711864406779
559264.4103999999,21214.794416205143,0.9669220848190577,0.0,0.03307791518094227,0,807,65,124,25366,0,0.387864406779661,0.48728813559322026
559264.4103999999,21214.794416205143,0.9669220848190577,0.0,0.03307791518094227,0,807,65,124,25366,0,0.387864406779661,0.4983050847457626
558481.755904,21185.105678780063,0.9669220848190577,0.00015173355587588195,0.032926181625066386,4,805,63,124,25366,2,0.387864406779661,0.5093220338983051
558481.755904,21185.105678780063,0.9669220848190577,0.00015173355587588195,0.032926181625066386,4,805,63,124,25366,2,0.387864406779661,0.5203389830508474
558481.755904,21185.105678780063,0.9669220848190577,0.00015173355587588195,0.032926181625066386,4,805,63,124,25366,2,0.387864406779661,0.5313559322033898
558481.755904,21185.105678780063,0.9669220848190577,0.00015173355587588195,0.032926181625066386,4,805,63,124,25366,2,0.387864406779661,0.5423728813559321
558481.755904,21185.105678780063,0.9669220848190577,0.00015173355587588195,0.032926181625066386,4,805,63,124,25366,2,0.387864406779661,0.5533898305084746
558481.755904,21185.105678780063,0.9669220848190577,0.00015173355587588195,0.032926181625066386,4,805,63,124,25366,2,0.387864406779661,0.5644067796610168
558481.755904,21185.105678780063,0.9669220848190577,0.00015173355587588195,0.032926181625066386,4,805,63,124,25366,2,0.387864406779661,0.5754237288135593
558481.755904,21185.105678780063,0.9669220848190577,0.00015173355587588195,0.032926181625066386,4,805,63,124,25366,2,0.387864406779661,0.5864406779661016
558481.755904,21185.105678780063,0.9669220848190577,0.00015173355587588195,0.032926181625066386,4,805,63,124,25366,2,0.387864406779661,0.597457627118644
558481.755904,21185.105678780063,0.9669220848190577,0.00015173355587588195,0.032926181625066386,4,805,63,124,25366,2,0.387864406779661,0.6084745762711864
558481.755904,21185.105678780063,0.9669220848190577,0.00015173355587588195,0.032926181625066386,4,805,63,124,25366,2,0.387864406779661,0.6194915254237288
558481.755904,21185.105678780063,0.9669220848190577,0.00015173355587588195,0.032926181625066386,4,805,63,124,25366,2,0.387864406779661,0.6305084745762711
558481.755904,21185.105678780063,0.9669220848190577,0.00015173355587588195,0.032926181625066386,4,805,63,124,25366,2,0.387864406779661,0.6415254237288135
562645.657664,21343.056583870726,0.9669220848190577,0.0007966011683483802,0.03228131401259388,21,794,57,124,25366,13,0.387864406779661,0.6525423728813559
562645.657664,21343.056583870726,0.9669220848190577,0.0007966011683483802,0.03228131401259388,21,794,57,124,25366,13,0.387864406779661,0.6635593220338982
567183.116928,21515.17779106289,0.9669220848190577,0.0013656020028829376,0.03171231317805933,36,784,52,124,25366,23,0.387864406779661,0.6745762711864406
567183.116928,21515.17779106289,0.9669220848190577,0.0013656020028829376,0.03171231317805933,36,784,52,124,25366,23,0.387864406779661,0.685593220338983
568127.18304,21550.989418101813,0.9669220848190577,0.0019725362263864656,0.0311053789545558,52,773,47,124,25366,34,0.387864406779661,0.6966101694915253
568127.18304,21550.989418101813,0.9669220848190577,0.0019725362263864656,0.0311053789545558,52,773,47,124,25366,34,0.387864406779661,0.7076271186440677
568127.18304,21550.989418101813,0.9669220848190577,0.0019725362263864656,0.0311053789545558,52,773,47,124,25366,34,0.387864406779661,0.7186440677966102
568127.18304,21550.989418101813,0.9669220848190577,0.0019725362263864656,0.0311053789545558,52,773,47,124,25366,34,0.387864406779661,0.7296610169491524
568127.18304,21550.989418101813,0.9669220848190577,0.0019725362263864656,0.0311053789545558,52,773,47,124,25366,34,0.387864406779661,0.7406779661016949
568541.426176,21566.70306410743,0.9669220848190577,0.002124269782262347,0.030953645398679917,56,770,46,124,25366,37,0.387864406779661,0.7516949152542372
580377.9860479999,22015.703893786507,0.9669220848190577,0.0033760716182383733,0.029701843562703893,89,745,38,124,25366,62,0.387864406779661,0.7627118644067796
580377.9860479999,22015.703893786507,0.9669220848190577,0.0033760716182383733,0.029701843562703893,89,745,38,124,25366,62,0.387864406779661,0.7737288135593219
580377.9860479999,22015.703893786507,0.9669220848190577,0.0033760716182383733,0.029701843562703893,89,745,38,124,25366,62,0.387864406779661,0.7847457627118644
590086.741536,22383.989892117446,0.9669220848190577,0.00390713906380396,0.029170776117138305,103,734,35,124,25366,73,0.387864406779661,0.7957627118644066
594304.400352,22543.97998452318,0.9669220848190577,0.00466580684318337,0.028412108337758896,123,718,31,124,25366,89,0.387864406779661,0.8067796610169491
594304.400352,22543.97998452318,0.9669220848190577,0.00466580684318337,0.028412108337758896,123,718,31,124,25366,89,0.387864406779661,0.8177966101694913
594304.400352,22543.97998452318,0.9669220848190577,0.00466580684318337,0.028412108337758896,123,718,31,124,25366,89,0.387864406779661,0.8288135593220338
596426.119136,22624.46396843942,0.9669220848190577,0.004893407176997193,0.028184508003945074,129,713,30,124,25366,94,0.387864406779661,0.8398305084745761
599535.9885440001,22742.431854335788,0.9669220848190577,0.005386541233593809,0.027691373947348455,142,702,28,124,25366,105,0.387864406779661,0.8508474576271186
599535.9885440001,22742.431854335788,0.9669220848190577,0.005386541233593809,0.027691373947348455,142,702,28,124,25366,105,0.387864406779661,0.8618644067796608
599535.9885440001,22742.431854335788,0.9669220848190577,0.005386541233593809,0.027691373947348455,142,702,28,124,25366,105,0.387864406779661,0.8728813559322033
659160.911296,25004.20724133222,0.9669220848190577,0.009179880130490857,0.02389803505045141,242,614,16,124,25366,193,0.387864406779661,0.8838983050847455
659160.911296,25004.20724133222,0.9669220848190577,0.009179880130490857,0.02389803505045141,242,614,16,124,25366,193,0.387864406779661,0.894915254237288
659160.911296,25004.20724133222,0.9669220848190577,0.009179880130490857,0.02389803505045141,242,614,16,124,25366,193,0.387864406779661,0.9059322033898305
659160.911296,25004.20724133222,0.9669220848190577,0.009179880130490857,0.02389803505045141,242,614,16,124,25366,193,0.387864406779661,0.9169491525423727
659160.911296,25004.20724133222,0.9669220848190577,0.009179880130490857,0.02389803505045141,242,614,16,124,25366,193,0.387864406779661,0.9279661016949152
659160.911296,25004.20724133222,0.9669220848190577,0.009179880130490857,0.02389803505045141,242,614,16,124,25366,193,0.387864406779661,0.9389830508474575
659160.911296,25004.20724133222,0.9669220848190577,0.009179880130490857,0.02389803505045141,242,614,16,124,25366,193,0.387864406779661,0.95
559264.4103999999,21214.794416205143,0.9669220848190577,0.0,0.03307791518094227,0,807,65,124,25366,0,0.39796610169491525,0.39915254237288134
559264.4103999999,21214.794416205143,0.9669220848190577,0.0,0.03307791518094227,0,807,65,124,25366,0,0.39796610169491525,0.4101694915254237
559264.4103999999,21214.794416205143,0.9669220848190577,0.0,0.03307791518094227,0,807,65,124,25366,0,0.39796610169491525,0.42118644067796607
559264.4103999999,21214.794416205143,0.9669220848190577,0.0,0.03307791518094227,0,807,65,124,25366,0,0.39796610169491525,0.43220338983050843
559264.4103999999,21214.794416205143,0.9669220848190577,0.0,0.03307791518094227,0,807,65,124,25366,0,0.39796610169491525,0.4432203389830508
559264.4103999999,21214.794416205143,0.9669220848190577,0.0,0.03307791518094227,0,807,65,124,25366,0,0.39796610169491525,0.45423728813559316
559264.4103999999,21214.794416205143,0.9669220848190577,0.0,0.03307791518094227,0,807,65,124,25366,0,0.39796610169491525,0.46525423728813553
559264.4103999999,21214.794416205143,0.9669220848190577,0.0,0.03307791518094227,0,807,65,124,25366,0,0.39796610169491525,0.4762711864406779
559264.4103999999,21214.794416205143,0.9669220848190577,0.0,0.03307791518094227,0,807,65,124,25366,0,0.39796610169491525,0.48728813559322026
559264.4103999999,21214.794416205143,0.9669220848190577,0.0,0.03307791518094227,0,807,65,124,25366,0,0.39796610169491525,0.4983050847457626
558481.755904,21185.105678780063,0.9669220848190577,0.00015173355587588195,0.032926181625066386,4,805,63,124,25366,2,0.39796610169491525,0.5093220338983051
558481.755904,21185.105678780063,0.9669220848190577,0.00015173355587588195,0.032926181625066386,4,805,63,124,25366,2,0.39796610169491525,0.5203389830508474
558481.755904,21185.105678780063,0.9669220848190577,0.00015173355587588195,0.032926181625066386,4,805,63,124,25366,2,0.39796610169491525,0.5313559322033898
558481.755904,21185.105678780063,0.9669220848190577,0.00015173355587588195,0.032926181625066386,4,805,63,124,25366,2,0.39796610169491525,0.5423728813559321
558481.755904,21185.105678780063,0.9669220848190577,0.00015173355587588195,0.032926181625066386,4,805,63,124,25366,2,0.39796610169491525,0.5533898305084746
558481.755904,21185.105678780063,0.9669220848190577,0.00015173355587588195,0.032926181625066386,4,805,63,124,25366,2,0.39796610169491525,0.5644067796610168
558481.755904,21185.105678780063,0.9669220848190577,0.00015173355587588195,0.032926181625066386,4,805,63,124,25366,2,0.39796610169491525,0.5754237288135593
558481.755904,21185.105678780063,0.9669220848190577,0.00015173355587588195,0.032926181625066386,4,805,63,124,25366,2,0.39796610169491525,0.5864406779661016
558481.755904,21185.105678780063,0.9669220848190577,0.00015173355587588195,0.032926181625066386,4,805,63,124,25366,2,0.39796610169491525,0.597457627118644
558481.755904,21185.105678780063,0.9669220848190577,0.00015173355587588195,0.032926181625066386,4,805,63,124,25366,2,0.39796610169491525,0.6084745762711864
558481.755904,21185.105678780063,0.9669220848190577,0.00015173355587588195,0.032926181625066386,4,805,63,124,25366,2,0.39796610169491525,0.6194915254237288
558481.755904,21185.105678780063,0.9669220848190577,0.00015173355587588195,0.032926181625066386,4,805,63,124,25366,2,0.39796610169491525,0.6305084745762711
558481.755904,21185.105678780063,0.9669220848190577,0.00015173355587588195,0.032926181625066386,4,805,63,124,25366,2,0.39796610169491525,0.6415254237288135
562645.657664,21343.056583870726,0.9669220848190577,0.0007966011683483802,0.03228131401259388,21,794,57,124,25366,13,0.39796610169491525,0.6525423728813559
562645.657664,21343.056583870726,0.9669220848190577,0.0007966011683483802,0.03228131401259388,21,794,57,124,25366,13,0.39796610169491525,0.6635593220338982
567183.116928,21515.17779106289,0.9669220848190577,0.0013656020028829376,0.03171231317805933,36,784,52,124,25366,23,0.39796610169491525,0.6745762711864406
567183.116928,21515.17779106289,0.9669220848190577,0.0013656020028829376,0.03171231317805933,36,784,52,124,25366,23,0.39796610169491525,0.685593220338983
568127.18304,21550.989418101813,0.9669220848190577,0.0019725362263864656,0.0311053789545558,52,773,47,124,25366,34,0.39796610169491525,0.6966101694915253
568127.18304,21550.989418101813,0.9669220848190577,0.0019725362263864656,0.0311053789545558,52,773,47,124,25366,34,0.39796610169491525,0.7076271186440677
568127.18304,21550.989418101813,0.9669220848190577,0.0019725362263864656,0.0311053789545558,52,773,47,124,25366,34,0.39796610169491525,0.7186440677966102
568127.18304,21550.989418101813,0.9669220848190577,0.0019725362263864656,0.0311053789545558,52,773,47,124,25366,34,0.39796610169491525,0.7296610169491524
568127.18304,21550.989418101813,0.9669220848190577,0.0019725362263864656,0.0311053789545558,52,773,47,124,25366,34,0.39796610169491525,0.7406779661016949
568541.426176,21566.70306410743,0.9669220848190577,0.002124269782262347,0.030953645398679917,56,770,46,124,25366,37,0.39796610169491525,0.7516949152542372
580377.9860479999,22015.703893786507,0.9669220848190577,0.0033760716182383733,0.029701843562703893,89,745,38,124,25366,62,0.39796610169491525,0.7627118644067796
580377.9860479999,22015.703893786507,0.9669220848190577,0.0033760716182383733,0.029701843562703893,89,745,38,124,25366,62,0.39796610169491525,0.7737288135593219
580377.9860479999,22015.703893786507,0.9669220848190577,0.0033760716182383733,0.029701843562703893,89,745,38,124,25366,62,0.39796610169491525,0.7847457627118644
590086.741536,22383.989892117446,0.9669220848190577,0.00390713906380396,0.029170776117138305,103,734,35,124,25366,73,0.39796610169491525,0.7957627118644066
594304.400352,22543.97998452318,0.9669220848190577,0.00466580684318337,0.028412108337758896,123,718,31,124,25366,89,0.39796610169491525,0.8067796610169491
594304.400352,22543.97998452318,0.9669220848190577,0.00466580684318337,0.028412108337758896,123,718,31,124,25366,89,0.39796610169491525,0.8177966101694913
594304.400352,22543.97998452318,0.9669220848190577,0.00466580684318337,0.028412108337758896,123,718,31,124,25366,89,0.39796610169491525,0.8288135593220338
596426.119136,22624.46396843942,0.9669220848190577,0.004893407176997193,0.028184508003945074,129,713,30,124,25366,94,0.39796610169491525,0.8398305084745761
599535.9885440001,22742.431854335788,0.9669220848190577,0.005386541233593809,0.027691373947348455,142,702,28,124,25366,105,0.39796610169491525,0.8508474576271186
599535.9885440001,22742.431854335788,0.9669220848190577,0.005386541233593809,0.027691373947348455,142,702,28,124,25366,105,0.39796610169491525,0.8618644067796608
599535.9885440001,22742.431854335788,0.9669220848190577,0.005386541233593809,0.027691373947348455,142,702,28,124,25366,105,0.39796610169491525,0.8728813559322033
659160.911296,25004.20724133222,0.9669220848190577,0.009179880130490857,0.02389803505045141,242,614,16,124,25366,193,0.39796610169491525,0.8838983050847455
659160.911296,25004.20724133222,0.9669220848190577,0.009179880130490857,0.02389803505045141,242,614,16,124,25366,193,0.39796610169491525,0.894915254237288
659160.911296,25004.20724133222,0.9669220848190577,0.009179880130490857,0.02389803505045141,242,614,16,124,25366,193,0.39796610169491525,0.9059322033898305
659160.911296,25004.20724133222,0.9669220848190577,0.009179880130490857,0.02389803505045141,242,614,16,124,25366,193,0.39796610169491525,0.9169491525423727
659160.911296,25004.20724133222,0.9669220848190577,0.009179880130490857,0.02389803505045141,242,614,16,124,25366,193,0.39796610169491525,0.9279661016949152
659160.911296,25004.20724133222,0.9669220848190577,0.009179880130490857,0.02389803505045141,242,614,16,124,25366,193,0.39796610169491525,0.9389830508474575
659160.911296,25004.20724133222,0.9669220848190577,0.009179880130490857,0.02389803505045141,242,614,16,124,25366,193,0.39796610169491525,0.95
559264.4103999999,21214.794416205143,0.9669220848190577,0.0,0.03307791518094227,0,807,65,124,25366,0,0.40806779661016945,0.4101694915254237
559264.4103999999,21214.794416205143,0.9669220848190577,0.0,0.03307791518094227,0,807,65,124,25366,0,0.40806779661016945,0.42118644067796607
559264.4103999999,21214.794416205143,0.9669220848190577,0.0,0.03307791518094227,0,807,65,124,25366,0,0.40806779661016945,0.43220338983050843
559264.4103999999,21214.794416205143,0.9669220848190577,0.0,0.03307791518094227,0,807,65,124,25366,0,0.40806779661016945,0.4432203389830508
559264.4103999999,21214.794416205143,0.9669220848190577,0.0,0.03307791518094227,0,807,65,124,25366,0,0.40806779661016945,0.45423728813559316
559264.4103999999,21214.794416205143,0.9669220848190577,0.0,0.03307791518094227,0,807,65,124,25366,0,0.40806779661016945,0.46525423728813553
559264.4103999999,21214.794416205143,0.9669220848190577,0.0,0.03307791518094227,0,807,65,124,25366,0,0.40806779661016945,0.4762711864406779
559264.4103999999,21214.794416205143,0.9669220848190577,0.0,0.03307791518094227,0,807,65,124,25366,0,0.40806779661016945,0.48728813559322026
559264.4103999999,21214.794416205143,0.9669220848190577,0.0,0.03307791518094227,0,807,65,124,25366,0,0.40806779661016945,0.4983050847457626
558481.755904,21185.105678780063,0.9669220848190577,0.00015173355587588195,0.032926181625066386,4,805,63,124,25366,2,0.40806779661016945,0.5093220338983051
558481.755904,21185.105678780063,0.9669220848190577,0.00015173355587588195,0.032926181625066386,4,805,63,124,25366,2,0.40806779661016945,0.5203389830508474
558481.755904,21185.105678780063,0.9669220848190577,0.00015173355587588195,0.032926181625066386,4,805,63,124,25366,2,0.40806779661016945,0.5313559322033898
558481.755904,21185.105678780063,0.9669220848190577,0.00015173355587588195,0.032926181625066386,4,805,63,124,25366,2,0.40806779661016945,0.5423728813559321
558481.755904,21185.105678780063,0.9669220848190577,0.00015173355587588195,0.032926181625066386,4,805,63,124,25366,2,0.40806779661016945,0.5533898305084746
558481.755904,21185.105678780063,0.9669220848190577,0.00015173355587588195,0.032926181625066386,4,805,63,124,25366,2,0.40806779661016945,0.5644067796610168
558481.755904,21185.105678780063,0.9669220848190577,0.00015173355587588195,0.032926181625066386,4,805,63,124,25366,2,0.40806779661016945,0.5754237288135593
558481.755904,21185.105678780063,0.9669220848190577,0.00015173355587588195,0.032926181625066386,4,805,63,124,25366,2,0.40806779661016945,0.5864406779661016
558481.755904,21185.105678780063,0.9669220848190577,0.00015173355587588195,0.032926181625066386,4,805,63,124,25366,2,0.40806779661016945,0.597457627118644
558481.755904,21185.105678780063,0.9669220848190577,0.00015173355587588195,0.032926181625066386,4,805,63,124,25366,2,0.40806779661016945,0.6084745762711864
558481.755904,21185.105678780063,0.9669220848190577,0.00015173355587588195,0.032926181625066386,4,805,63,124,25366,2,0.40806779661016945,0.6194915254237288
558481.755904,21185.105678780063,0.9669220848190577,0.00015173355587588195,0.032926181625066386,4,805,63,124,25366,2,0.40806779661016945,0.6305084745762711
558481.755904,21185.105678780063,0.9669220848190577,0.00015173355587588195,0.032926181625066386,4,805,63,124,25366,2,0.40806779661016945,0.6415254237288135
562645.657664,21343.056583870726,0.9669220848190577,0.0007966011683483802,0.03228131401259388,21,794,57,124,25366,13,0.40806779661016945,0.6525423728813559
562645.657664,21343.056583870726,0.9669220848190577,0.0007966011683483802,0.03228131401259388,21,794,57,124,25366,13,0.40806779661016945,0.6635593220338982
567183.116928,21515.17779106289,0.9669220848190577,0.0013656020028829376,0.03171231317805933,36,784,52,124,25366,23,0.40806779661016945,0.6745762711864406
567183.116928,21515.17779106289,0.9669220848190577,0.0013656020028829376,0.03171231317805933,36,784,52,124,25366,23,0.40806779661016945,0.685593220338983
568127.18304,21550.989418101813,0.9669220848190577,0.0019725362263864656,0.0311053789545558,52,773,47,124,25366,34,0.40806779661016945,0.6966101694915253
568127.18304,21550.989418101813,0.9669220848190577,0.0019725362263864656,0.0311053789545558,52,773,47,124,25366,34,0.40806779661016945,0.7076271186440677
568127.18304,21550.989418101813,0.9669220848190577,0.0019725362263864656,0.0311053789545558,52,773,47,124,25366,34,0.40806779661016945,0.7186440677966102
568127.18304,21550.989418101813,0.9669220848190577,0.0019725362263864656,0.0311053789545558,52,773,47,124,25366,34,0.40806779661016945,0.7296610169491524
568127.18304,21550.989418101813,0.9669220848190577,0.0019725362263864656,0.0311053789545558,52,773,47,124,25366,34,0.40806779661016945,0.7406779661016949
568541.426176,21566.70306410743,0.9669220848190577,0.002124269782262347,0.030953645398679917,56,770,46,124,25366,37,0.40806779661016945,0.7516949152542372
580377.9860479999,22015.703893786507,0.9669220848190577,0.0033760716182383733,0.029701843562703893,89,745,38,124,25366,62,0.40806779661016945,0.7627118644067796
580377.9860479999,22015.703893786507,0.9669220848190577,0.0033760716182383733,0.029701843562703893,89,745,38,124,25366,62,0.40806779661016945,0.7737288135593219
580377.9860479999,22015.703893786507,0.9669220848190577,0.0033760716182383733,0.029701843562703893,89,745,38,124,25366,62,0.40806779661016945,0.7847457627118644
590086.741536,22383.989892117446,0.9669220848190577,0.00390713906380396,0.029170776117138305,103,734,35,124,25366,73,0.40806779661016945,0.7957627118644066
594304.400352,22543.97998452318,0.9669220848190577,0.00466580684318337,0.028412108337758896,123,718,31,124,25366,89,0.40806779661016945,0.8067796610169491
594304.400352,22543.97998452318,0.9669220848190577,0.00466580684318337,0.028412108337758896,123,718,31,124,25366,89,0.40806779661016945,0.8177966101694913
594304.400352,22543.97998452318,0.9669220848190577,0.00466580684318337,0.028412108337758896,123,718,31,124,25366,89,0.40806779661016945,0.8288135593220338
596426.119136,22624.46396843942,0.9669220848190577,0.004893407176997193,0.028184508003945074,129,713,30,124,25366,94,0.40806779661016945,0.8398305084745761
599535.9885440001,22742.431854335788,0.9669220848190577,0.005386541233593809,0.027691373947348455,142,702,28,124,25366,105,0.40806779661016945,0.8508474576271186
599535.9885440001,22742.431854335788,0.9669220848190577,0.005386541233593809,0.027691373947348455,142,702,28,124,25366,105,0.40806779661016945,0.8618644067796608
599535.9885440001,22742.431854335788,0.9669220848190577,0.005386541233593809,0.027691373947348455,142,702,28,124,25366,105,0.40806779661016945,0.8728813559322033
659160.911296,25004.20724133222,0.9669220848190577,0.009179880130490857,0.02389803505045141,242,614,16,124,25366,193,0.40806779661016945,0.8838983050847455
659160.911296,25004.20724133222,0.9669220848190577,0.009179880130490857,0.02389803505045141,242,614,16,124,25366,193,0.40806779661016945,0.894915254237288
659160.911296,25004.20724133222,0.9669220848190577,0.009179880130490857,0.02389803505045141,242,614,16,124,25366,193,0.40806779661016945,0.9059322033898305
659160.911296,25004.20724133222,0.9669220848190577,0.009179880130490857,0.02389803505045141,242,614,16,124,25366,193,0.40806779661016945,0.9169491525423727
659160.911296,25004.20724133222,0.9669220848190577,0.009179880130490857,0.02389803505045141,242,614,16,124,25366,193,0.40806779661016945,0.9279661016949152
659160.911296,25004.20724133222,0.9669220848190577,0.009179880130490857,0.02389803505045141,242,614,16,124,25366,193,0.40806779661016945,0.9389830508474575
659160.911296,25004.20724133222,0.9669220848190577,0.009179880130490857,0.02389803505045141,242,614,16,124,25366,193,0.40806779661016945,0.95
559264.4103999999,21214.794416205143,0.9669220848190577,0.0,0.03307791518094227,0,807,65,124,25366,0,0.4181694915254237,0.42118644067796607
559264.4103999999,21214.794416205143,0.9669220848190577,0.0,0.03307791518094227,0,807,65,124,25366,0,0.4181694915254237,0.43220338983050843
559264.4103999999,21214.794416205143,0.9669220848190577,0.0,0.03307791518094227,0,807,65,124,25366,0,0.4181694915254237,0.4432203389830508
559264.4103999999,21214.794416205143,0.9669220848190577,0.0,0.03307791518094227,0,807,65,124,25366,0,0.4181694915254237,0.45423728813559316
559264.4103999999,21214.794416205143,0.9669220848190577,0.0,0.03307791518094227,0,807,65,124,25366,0,0.4181694915254237,0.46525423728813553
559264.4103999999,21214.794416205143,0.9669220848190577,0.0,0.03307791518094227,0,807,65,124,25366,0,0.4181694915254237,0.4762711864406779
559264.4103999999,21214.794416205143,0.9669220848190577,0.0,0.03307791518094227,0,807,65,124,25366,0,0.4181694915254237,0.48728813559322026
559264.4103999999,21214.794416205143,0.9669220848190577,0.0,0.03307791518094227,0,807,65,124,25366,0,0.4181694915254237,0.4983050847457626
558481.755904,21185.105678780063,0.9669220848190577,0.00015173355587588195,0.032926181625066386,4,805,63,124,25366,2,0.4181694915254237,0.5093220338983051
558481.755904,21185.105678780063,0.9669220848190577,0.00015173355587588195,0.032926181625066386,4,805,63,124,25366,2,0.4181694915254237,0.5203389830508474
558481.755904,21185.105678780063,0.9669220848190577,0.00015173355587588195,0.032926181625066386,4,805,63,124,25366,2,0.4181694915254237,0.5313559322033898
558481.755904,21185.105678780063,0.9669220848190577,0.00015173355587588195,0.032926181625066386,4,805,63,124,25366,2,0.4181694915254237,0.5423728813559321
558481.755904,21185.105678780063,0.9669220848190577,0.00015173355587588195,0.032926181625066386,4,805,63,124,25366,2,0.4181694915254237,0.5533898305084746
558481.755904,21185.105678780063,0.9669220848190577,0.00015173355587588195,0.032926181625066386,4,805,63,124,25366,2,0.4181694915254237,0.5644067796610168
558481.755904,21185.105678780063,0.9669220848190577,0.00015173355587588195,0.032926181625066386,4,805,63,124,25366,2,0.4181694915254237,0.5754237288135593
558481.755904,21185.105678780063,0.9669220848190577,0.00015173355587588195,0.032926181625066386,4,805,63,124,25366,2,0.4181694915254237,0.5864406779661016
558481.755904,21185.105678780063,0.9669220848190577,0.00015173355587588195,0.032926181625066386,4,805,63,124,25366,2,0.4181694915254237,0.597457627118644
558481.755904,21185.105678780063,0.9669220848190577,0.00015173355587588195,0.032926181625066386,4,805,63,124,25366,2,0.4181694915254237,0.6084745762711864
558481.755904,21185.105678780063,0.9669220848190577,0.00015173355587588195,0.032926181625066386,4,805,63,124,25366,2,0.4181694915254237,0.6194915254237288
558481.755904,21185.105678780063,0.9669220848190577,0.00015173355587588195,0.032926181625066386,4,805,63,124,25366,2,0.4181694915254237,0.6305084745762711
558481.755904,21185.105678780063,0.9669220848190577,0.00015173355587588195,0.032926181625066386,4,805,63,124,25366,2,0.4181694915254237,0.6415254237288135
562645.657664,21343.056583870726,0.9669220848190577,0.0007966011683483802,0.03228131401259388,21,794,57,124,25366,13,0.4181694915254237,0.6525423728813559
562645.657664,21343.056583870726,0.9669220848190577,0.0007966011683483802,0.03228131401259388,21,794,57,124,25366,13,0.4181694915254237,0.6635593220338982
567183.116928,21515.17779106289,0.9669220848190577,0.0013656020028829376,0.03171231317805933,36,784,52,124,25366,23,0.4181694915254237,0.6745762711864406
567183.116928,21515.17779106289,0.9669220848190577,0.0013656020028829376,0.03171231317805933,36,784,52,124,25366,23,0.4181694915254237,0.685593220338983
568127.18304,21550.989418101813,0.9669220848190577,0.0019725362263864656,0.0311053789545558,52,773,47,124,25366,34,0.4181694915254237,0.6966101694915253
568127.18304,21550.989418101813,0.9669220848190577,0.0019725362263864656,0.0311053789545558,52,773,47,124,25366,34,0.4181694915254237,0.7076271186440677
568127.18304,21550.989418101813,0.9669220848190577,0.0019725362263864656,0.0311053789545558,52,773,47,124,25366,34,0.4181694915254237,0.7186440677966102
568127.18304,21550.989418101813,0.9669220848190577,0.0019725362263864656,0.0311053789545558,52,773,47,124,25366,34,0.4181694915254237,0.7296610169491524
568127.18304,21550.989418101813,0.9669220848190577,0.0019725362263864656,0.0311053789545558,52,773,47,124,25366,34,0.4181694915254237,0.7406779661016949
568541.426176,21566.70306410743,0.9669220848190577,0.002124269782262347,0.030953645398679917,56,770,46,124,25366,37,0.4181694915254237,0.7516949152542372
580377.9860479999,22015.703893786507,0.9669220848190577,0.0033760716182383733,0.029701843562703893,89,745,38,124,25366,62,0.4181694915254237,0.7627118644067796
580377.9860479999,22015.703893786507,0.9669220848190577,0.0033760716182383733,0.029701843562703893,89,745,38,124,25366,62,0.4181694915254237,0.7737288135593219
580377.9860479999,22015.703893786507,0.9669220848190577,0.0033760716182383733,0.029701843562703893,89,745,38,124,25366,62,0.4181694915254237,0.7847457627118644
590086.741536,22383.989892117446,0.9669220848190577,0.00390713906380396,0.029170776117138305,103,734,35,124,25366,73,0.4181694915254237,0.7957627118644066
594304.400352,22543.97998452318,0.9669220848190577,0.00466580684318337,0.028412108337758896,123,718,31,124,25366,89,0.4181694915254237,0.8067796610169491
594304.400352,22543.97998452318,0.9669220848190577,0.00466580684318337,0.028412108337758896,123,718,31,124,25366,89,0.4181694915254237,0.8177966101694913
594304.400352,22543.97998452318,0.9669220848190577,0.00466580684318337,0.028412108337758896,123,718,31,124,25366,89,0.4181694915254237,0.8288135593220338
596426.119136,22624.46396843942,0.9669220848190577,0.004893407176997193,0.028184508003945074,129,713,30,124,25366,94,0.4181694915254237,0.8398305084745761
599535.9885440001,22742.431854335788,0.9669220848190577,0.005386541233593809,0.027691373947348455,142,702,28,124,25366,105,0.4181694915254237,0.8508474576271186
599535.9885440001,22742.431854335788,0.9669220848190577,0.005386541233593809,0.027691373947348455,142,702,28,124,25366,105,0.4181694915254237,0.8618644067796608
599535.9885440001,22742.431854335788,0.9669220848190577,0.005386541233593809,0.027691373947348455,142,702,28,124,25366,105,0.4181694915254237,0.8728813559322033
659160.911296,25004.20724133222,0.9669220848190577,0.009179880130490857,0.02389803505045141,242,614,16,124,25366,193,0.4181694915254237,0.8838983050847455
659160.911296,25004.20724133222,0.9669220848190577,0.009179880130490857,0.02389803505045141,242,614,16,124,25366,193,0.4181694915254237,0.894915254237288
659160.911296,25004.20724133222,0.9669220848190577,0.009179880130490857,0.02389803505045141,242,614,16,124,25366,193,0.4181694915254237,0.9059322033898305
659160.911296,25004.20724133222,0.9669220848190577,0.009179880130490857,0.02389803505045141,242,614,16,124,25366,193,0.4181694915254237,0.9169491525423727
659160.911296,25004.20724133222,0.9669220848190577,0.009179880130490857,0.02389803505045141,242,614,16,124,25366,193,0.4181694915254237,0.9279661016949152
659160.911296,25004.20724133222,0.9669220848190577,0.009179880130490857,0.02389803505045141,242,614,16,124,25366,193,0.4181694915254237,0.9389830508474575
659160.911296,25004.20724133222,0.9669220848190577,0.009179880130490857,0.02389803505045141,242,614,16,124,25366,193,0.4181694915254237,0.95
559264.4103999999,21214.794416205143,0.9669220848190577,0.0,0.03307791518094227,0,807,65,124,25366,0,0.42827118644067796,0.43220338983050843
559264.4103999999,21214.794416205143,0.9669220848190577,0.0,0.03307791518094227,0,807,65,124,25366,0,0.42827118644067796,0.4432203389830508
559264.4103999999,21214.794416205143,0.9669220848190577,0.0,0.03307791518094227,0,807,65,124,25366,0,0.42827118644067796,0.45423728813559316
559264.4103999999,21214.794416205143,0.9669220848190577,0.0,0.03307791518094227,0,807,65,124,25366,0,0.42827118644067796,0.46525423728813553
559264.4103999999,21214.794416205143,0.9669220848190577,0.0,0.03307791518094227,0,807,65,124,25366,0,0.42827118644067796,0.4762711864406779
559264.4103999999,21214.794416205143,0.9669220848190577,0.0,0.03307791518094227,0,807,65,124,25366,0,0.42827118644067796,0.48728813559322026
559264.4103999999,21214.794416205143,0.9669220848190577,0.0,0.03307791518094227,0,807,65,124,25366,0,0.42827118644067796,0.4983050847457626
558481.755904,21185.105678780063,0.9669220848190577,0.00015173355587588195,0.032926181625066386,4,805,63,124,25366,2,0.42827118644067796,0.5093220338983051
558481.755904,21185.105678780063,0.9669220848190577,0.00015173355587588195,0.032926181625066386,4,805,63,124,25366,2,0.42827118644067796,0.5203389830508474
558481.755904,21185.105678780063,0.9669220848190577,0.00015173355587588195,0.032926181625066386,4,805,63,124,25366,2,0.42827118644067796,0.5313559322033898
558481.755904,21185.105678780063,0.9669220848190577,0.00015173355587588195,0.032926181625066386,4,805,63,124,25366,2,0.42827118644067796,0.5423728813559321
558481.755904,21185.105678780063,0.9669220848190577,0.00015173355587588195,0.032926181625066386,4,805,63,124,25366,2,0.42827118644067796,0.5533898305084746
558481.755904,21185.105678780063,0.9669220848190577,0.00015173355587588195,0.032926181625066386,4,805,63,124,25366,2,0.42827118644067796,0.5644067796610168
558481.755904,21185.105678780063,0.9669220848190577,0.00015173355587588195,0.032926181625066386,4,805,63,124,25366,2,0.42827118644067796,0.5754237288135593
558481.755904,21185.105678780063,0.9669220848190577,0.00015173355587588195,0.032926181625066386,4,805,63,124,25366,2,0.42827118644067796,0.5864406779661016
558481.755904,21185.105678780063,0.9669220848190577,0.00015173355587588195,0.032926181625066386,4,805,63,124,25366,2,0.42827118644067796,0.597457627118644
558481.755904,21185.105678780063,0.9669220848190577,0.00015173355587588195,0.032926181625066386,4,805,63,124,25366,2,0.42827118644067796,0.6084745762711864
558481.755904,21185.105678780063,0.9669220848190577,0.00015173355587588195,0.032926181625066386,4,805,63,124,25366,2,0.42827118644067796,0.6194915254237288
558481.755904,21185.105678780063,0.9669220848190577,0.00015173355587588195,0.032926181625066386,4,805,63,124,25366,2,0.42827118644067796,0.6305084745762711
558481.755904,21185.105678780063,0.9669220848190577,0.00015173355587588195,0.032926181625066386,4,805,63,124,25366,2,0.42827118644067796,0.6415254237288135
562645.657664,21343.056583870726,0.9669220848190577,0.0007966011683483802,0.03228131401259388,21,794,57,124,25366,13,0.42827118644067796,0.6525423728813559
562645.657664,21343.056583870726,0.9669220848190577,0.0007966011683483802,0.03228131401259388,21,794,57,124,25366,13,0.42827118644067796,0.6635593220338982
567183.116928,21515.17779106289,0.9669220848190577,0.0013656020028829376,0.03171231317805933,36,784,52,124,25366,23,0.42827118644067796,0.6745762711864406
567183.116928,21515.17779106289,0.9669220848190577,0.0013656020028829376,0.03171231317805933,36,784,52,124,25366,23,0.42827118644067796,0.685593220338983
568127.18304,21550.989418101813,0.9669220848190577,0.0019725362263864656,0.0311053789545558,52,773,47,124,25366,34,0.42827118644067796,0.6966101694915253
568127.18304,21550.989418101813,0.9669220848190577,0.0019725362263864656,0.0311053789545558,52,773,47,124,25366,34,0.42827118644067796,0.7076271186440677
568127.18304,21550.989418101813,0.9669220848190577,0.0019725362263864656,0.0311053789545558,52,773,47,124,25366,34,0.42827118644067796,0.7186440677966102
568127.18304,21550.989418101813,0.9669220848190577,0.0019725362263864656,0.0311053789545558,52,773,47,124,25366,34,0.42827118644067796,0.7296610169491524
568127.18304,21550.989418101813,0.9669220848190577,0.0019725362263864656,0.0311053789545558,52,773,47,124,25366,34,0.42827118644067796,0.7406779661016949
568541.426176,21566.70306410743,0.9669220848190577,0.002124269782262347,0.030953645398679917,56,770,46,124,25366,37,0.42827118644067796,0.7516949152542372
580377.9860479999,22015.703893786507,0.9669220848190577,0.0033760716182383733,0.029701843562703893,89,745,38,124,25366,62,0.42827118644067796,0.7627118644067796
580377.9860479999,22015.703893786507,0.9669220848190577,0.0033760716182383733,0.029701843562703893,89,745,38,124,25366,62,0.42827118644067796,0.7737288135593219
580377.9860479999,22015.703893786507,0.9669220848190577,0.0033760716182383733,0.029701843562703893,89,745,38,124,25366,62,0.42827118644067796,0.7847457627118644
590086.741536,22383.989892117446,0.9669220848190577,0.00390713906380396,0.029170776117138305,103,734,35,124,25366,73,0.42827118644067796,0.7957627118644066
594304.400352,22543.97998452318,0.9669220848190577,0.00466580684318337,0.028412108337758896,123,718,31,124,25366,89,0.42827118644067796,0.8067796610169491
594304.400352,22543.97998452318,0.9669220848190577,0.00466580684318337,0.028412108337758896,123,718,31,124,25366,89,0.42827118644067796,0.8177966101694913
594304.400352,22543.97998452318,0.9669220848190577,0.00466580684318337,0.028412108337758896,123,718,31,124,25366,89,0.42827118644067796,0.8288135593220338
596426.119136,22624.46396843942,0.9669220848190577,0.004893407176997193,0.028184508003945074,129,713,30,124,25366,94,0.42827118644067796,0.8398305084745761
599535.9885440001,22742.431854335788,0.9669220848190577,0.005386541233593809,0.027691373947348455,142,702,28,124,25366,105,0.42827118644067796,0.8508474576271186
599535.9885440001,22742.431854335788,0.9669220848190577,0.005386541233593809,0.027691373947348455,142,702,28,124,25366,105,0.42827118644067796,0.8618644067796608
599535.9885440001,22742.431854335788,0.9669220848190577,0.005386541233593809,0.027691373947348455,142,702,28,124,25366,105,0.42827118644067796,0.8728813559322033
659160.911296,25004.20724133222,0.9669220848190577,0.009179880130490857,0.02389803505045141,242,614,16,124,25366,193,0.42827118644067796,0.8838983050847455
659160.911296,25004.20724133222,0.9669220848190577,0.009179880130490857,0.02389803505045141,242,614,16,124,25366,193,0.42827118644067796,0.894915254237288
659160.911296,25004.20724133222,0.9669220848190577,0.009179880130490857,0.02389803505045141,242,614,16,124,25366,193,0.42827118644067796,0.9059322033898305
659160.911296,25004.20724133222,0.9669220848190577,0.009179880130490857,0.02389803505045141,242,614,16,124,25366,193,0.42827118644067796,0.9169491525423727
659160.911296,25004.20724133222,0.9669220848190577,0.009179880130490857,0.02389803505045141,242,614,16,124,25366,193,0.42827118644067796,0.9279661016949152
659160.911296,25004.20724133222,0.9669220848190577,0.009179880130490857,0.02389803505045141,242,614,16,124,25366,193,0.42827118644067796,0.9389830508474575
659160.911296,25004.20724133222,0.9669220848190577,0.009179880130490857,0.02389803505045141,242,614,16,124,25366,193,0.42827118644067796,0.95
559264.4103999999,21214.794416205143,0.9669220848190577,0.0,0.03307791518094227,0,807,65,124,25366,0,0.43837288135593216,0.4432203389830508
559264.4103999999,21214.794416205143,0.9669220848190577,0.0,0.03307791518094227,0,807,65,124,25366,0,0.43837288135593216,0.45423728813559316
559264.4103999999,21214.794416205143,0.9669220848190577,0.0,0.03307791518094227,0,807,65,124,25366,0,0.43837288135593216,0.46525423728813553
559264.4103999999,21214.794416205143,0.9669220848190577,0.0,0.03307791518094227,0,807,65,124,25366,0,0.43837288135593216,0.4762711864406779
559264.4103999999,21214.794416205143,0.9669220848190577,0.0,0.03307791518094227,0,807,65,124,25366,0,0.43837288135593216,0.48728813559322026
559264.4103999999,21214.794416205143,0.9669220848190577,0.0,0.03307791518094227,0,807,65,124,25366,0,0.43837288135593216,0.4983050847457626
558481.755904,21185.105678780063,0.9669220848190577,0.00015173355587588195,0.032926181625066386,4,805,63,124,25366,2,0.43837288135593216,0.5093220338983051
558481.755904,21185.105678780063,0.9669220848190577,0.00015173355587588195,0.032926181625066386,4,805,63,124,25366,2,0.43837288135593216,0.5203389830508474
558481.755904,21185.105678780063,0.9669220848190577,0.00015173355587588195,0.032926181625066386,4,805,63,124,25366,2,0.43837288135593216,0.5313559322033898
558481.755904,21185.105678780063,0.9669220848190577,0.00015173355587588195,0.032926181625066386,4,805,63,124,25366,2,0.43837288135593216,0.5423728813559321
558481.755904,21185.105678780063,0.9669220848190577,0.00015173355587588195,0.032926181625066386,4,805,63,124,25366,2,0.43837288135593216,0.5533898305084746
558481.755904,21185.105678780063,0.9669220848190577,0.00015173355587588195,0.032926181625066386,4,805,63,124,25366,2,0.43837288135593216,0.5644067796610168
558481.755904,21185.105678780063,0.9669220848190577,0.00015173355587588195,0.032926181625066386,4,805,63,124,25366,2,0.43837288135593216,0.5754237288135593
558481.755904,21185.105678780063,0.9669220848190577,0.00015173355587588195,0.032926181625066386,4,805,63,124,25366,2,0.43837288135593216,0.5864406779661016
558481.755904,21185.105678780063,0.9669220848190577,0.00015173355587588195,0.032926181625066386,4,805,63,124,25366,2,0.43837288135593216,0.597457627118644
558481.755904,21185.105678780063,0.9669220848190577,0.00015173355587588195,0.032926181625066386,4,805,63,124,25366,2,0.43837288135593216,0.6084745762711864
558481.755904,21185.105678780063,0.9669220848190577,0.00015173355587588195,0.032926181625066386,4,805,63,124,25366,2,0.43837288135593216,0.6194915254237288
558481.755904,21185.105678780063,0.9669220848190577,0.00015173355587588195,0.032926181625066386,4,805,63,124,25366,2,0.43837288135593216,0.6305084745762711
558481.755904,21185.105678780063,0.9669220848190577,0.00015173355587588195,0.032926181625066386,4,805,63,124,25366,2,0.43837288135593216,0.6415254237288135
562645.657664,21343.056583870726,0.9669220848190577,0.0007966011683483802,0.03228131401259388,21,794,57,124,25366,13,0.43837288135593216,0.6525423728813559
562645.657664,21343.056583870726,0.9669220848190577,0.0007966011683483802,0.03228131401259388,21,794,57,124,25366,13,0.43837288135593216,0.6635593220338982
567183.116928,21515.17779106289,0.9669220848190577,0.0013656020028829376,0.03171231317805933,36,784,52,124,25366,23,0.43837288135593216,0.6745762711864406
567183.116928,21515.17779106289,0.9669220848190577,0.0013656020028829376,0.03171231317805933,36,784,52,124,25366,23,0.43837288135593216,0.685593220338983
568127.18304,21550.989418101813,0.9669220848190577,0.0019725362263864656,0.0311053789545558,52,773,47,124,25366,34,0.43837288135593216,0.6966101694915253
568127.18304,21550.989418101813,0.9669220848190577,0.0019725362263864656,0.0311053789545558,52,773,47,124,25366,34,0.43837288135593216,0.7076271186440677
568127.18304,21550.989418101813,0.9669220848190577,0.0019725362263864656,0.0311053789545558,52,773,47,124,25366,34,0.43837288135593216,0.7186440677966102
568127.18304,21550.989418101813,0.9669220848190577,0.0019725362263864656,0.0311053789545558,52,773,47,124,25366,34,0.43837288135593216,0.7296610169491524
568127.18304,21550.989418101813,0.9669220848190577,0.0019725362263864656,0.0311053789545558,52,773,47,124,25366,34,0.43837288135593216,0.7406779661016949
568541.426176,21566.70306410743,0.9669220848190577,0.002124269782262347,0.030953645398679917,56,770,46,124,25366,37,0.43837288135593216,0.7516949152542372
580377.9860479999,22015.703893786507,0.9669220848190577,0.0033760716182383733,0.029701843562703893,89,745,38,124,25366,62,0.43837288135593216,0.7627118644067796
580377.9860479999,22015.703893786507,0.9669220848190577,0.0033760716182383733,0.029701843562703893,89,745,38,124,25366,62,0.43837288135593216,0.7737288135593219
580377.9860479999,22015.703893786507,0.9669220848190577,0.0033760716182383733,0.029701843562703893,89,745,38,124,25366,62,0.43837288135593216,0.7847457627118644
590086.741536,22383.989892117446,0.9669220848190577,0.00390713906380396,0.029170776117138305,103,734,35,124,25366,73,0.43837288135593216,0.7957627118644066
594304.400352,22543.97998452318,0.9669220848190577,0.00466580684318337,0.028412108337758896,123,718,31,124,25366,89,0.43837288135593216,0.8067796610169491
594304.400352,22543.97998452318,0.9669220848190577,0.00466580684318337,0.028412108337758896,123,718,31,124,25366,89,0.43837288135593216,0.8177966101694913
594304.400352,22543.97998452318,0.9669220848190577,0.00466580684318337,0.028412108337758896,123,718,31,124,25366,89,0.43837288135593216,0.8288135593220338
596426.119136,22624.46396843942,0.9669220848190577,0.004893407176997193,0.028184508003945074,129,713,30,124,25366,94,0.43837288135593216,0.8398305084745761
599535.9885440001,22742.431854335788,0.9669220848190577,0.005386541233593809,0.027691373947348455,142,702,28,124,25366,105,0.43837288135593216,0.8508474576271186
599535.9885440001,22742.431854335788,0.9669220848190577,0.005386541233593809,0.027691373947348455,142,702,28,124,25366,105,0.43837288135593216,0.8618644067796608
599535.9885440001,22742.431854335788,0.9669220848190577,0.005386541233593809,0.027691373947348455,142,702,28,124,25366,105,0.43837288135593216,0.8728813559322033
659160.911296,25004.20724133222,0.9669220848190577,0.009179880130490857,0.02389803505045141,242,614,16,124,25366,193,0.43837288135593216,0.8838983050847455
659160.911296,25004.20724133222,0.9669220848190577,0.009179880130490857,0.02389803505045141,242,614,16,124,25366,193,0.43837288135593216,0.894915254237288
659160.911296,25004.20724133222,0.9669220848190577,0.009179880130490857,0.02389803505045141,242,614,16,124,25366,193,0.43837288135593216,0.9059322033898305
659160.911296,25004.20724133222,0.9669220848190577,0.009179880130490857,0.02389803505045141,242,614,16,124,25366,193,0.43837288135593216,0.9169491525423727
659160.911296,25004.20724133222,0.9669220848190577,0.009179880130490857,0.02389803505045141,242,614,16,124,25366,193,0.43837288135593216,0.9279661016949152
659160.911296,25004.20724133222,0.9669220848190577,0.009179880130490857,0.02389803505045141,242,614,16,124,25366,193,0.43837288135593216,0.9389830508474575
659160.911296,25004.20724133222,0.9669220848190577,0.009179880130490857,0.02389803505045141,242,614,16,124,25366,193,0.43837288135593216,0.95
559264.4103999999,21214.794416205143,0.9669220848190577,0.0,0.03307791518094227,0,807,65,124,25366,0,0.4484745762711864,0.45423728813559316
559264.4103999999,21214.794416205143,0.9669220848190577,0.0,0.03307791518094227,0,807,65,124,25366,0,0.4484745762711864,0.46525423728813553
559264.4103999999,21214.794416205143,0.9669220848190577,0.0,0.03307791518094227,0,807,65,124,25366,0,0.4484745762711864,0.4762711864406779
559264.4103999999,21214.794416205143,0.9669220848190577,0.0,0.03307791518094227,0,807,65,124,25366,0,0.4484745762711864,0.48728813559322026
559264.4103999999,21214.794416205143,0.9669220848190577,0.0,0.03307791518094227,0,807,65,124,25366,0,0.4484745762711864,0.4983050847457626
558481.755904,21185.105678780063,0.9669220848190577,0.00015173355587588195,0.032926181625066386,4,805,63,124,25366,2,0.4484745762711864,0.5093220338983051
558481.755904,21185.105678780063,0.9669220848190577,0.00015173355587588195,0.032926181625066386,4,805,63,124,25366,2,0.4484745762711864,0.5203389830508474
558481.755904,21185.105678780063,0.9669220848190577,0.00015173355587588195,0.032926181625066386,4,805,63,124,25366,2,0.4484745762711864,0.5313559322033898
558481.755904,21185.105678780063,0.9669220848190577,0.00015173355587588195,0.032926181625066386,4,805,63,124,25366,2,0.4484745762711864,0.5423728813559321
558481.755904,21185.105678780063,0.9669220848190577,0.00015173355587588195,0.032926181625066386,4,805,63,124,25366,2,0.4484745762711864,0.5533898305084746
558481.755904,21185.105678780063,0.9669220848190577,0.00015173355587588195,0.032926181625066386,4,805,63,124,25366,2,0.4484745762711864,0.5644067796610168
558481.755904,21185.105678780063,0.9669220848190577,0.00015173355587588195,0.032926181625066386,4,805,63,124,25366,2,0.4484745762711864,0.5754237288135593
558481.755904,21185.105678780063,0.9669220848190577,0.00015173355587588195,0.032926181625066386,4,805,63,124,25366,2,0.4484745762711864,0.5864406779661016
558481.755904,21185.105678780063,0.9669220848190577,0.00015173355587588195,0.032926181625066386,4,805,63,124,25366,2,0.4484745762711864,0.597457627118644
558481.755904,21185.105678780063,0.9669220848190577,0.00015173355587588195,0.032926181625066386,4,805,63,124,25366,2,0.4484745762711864,0.6084745762711864
558481.755904,21185.105678780063,0.9669220848190577,0.00015173355587588195,0.032926181625066386,4,805,63,124,25366,2,0.4484745762711864,0.6194915254237288
558481.755904,21185.105678780063,0.9669220848190577,0.00015173355587588195,0.032926181625066386,4,805,63,124,25366,2,0.4484745762711864,0.6305084745762711
558481.755904,21185.105678780063,0.9669220848190577,0.00015173355587588195,0.032926181625066386,4,805,63,124,25366,2,0.4484745762711864,0.6415254237288135
562645.657664,21343.056583870726,0.9669220848190577,0.0007966011683483802,0.03228131401259388,21,794,57,124,25366,13,0.4484745762711864,0.6525423728813559
562645.657664,21343.056583870726,0.9669220848190577,0.0007966011683483802,0.03228131401259388,21,794,57,124,25366,13,0.4484745762711864,0.6635593220338982
567183.116928,21515.17779106289,0.9669220848190577,0.0013656020028829376,0.03171231317805933,36,784,52,124,25366,23,0.4484745762711864,0.6745762711864406
567183.116928,21515.17779106289,0.9669220848190577,0.0013656020028829376,0.03171231317805933,36,784,52,124,25366,23,0.4484745762711864,0.685593220338983
568127.18304,21550.989418101813,0.9669220848190577,0.0019725362263864656,0.0311053789545558,52,773,47,124,25366,34,0.4484745762711864,0.6966101694915253
568127.18304,21550.989418101813,0.9669220848190577,0.0019725362263864656,0.0311053789545558,52,773,47,124,25366,34,0.4484745762711864,0.7076271186440677
568127.18304,21550.989418101813,0.9669220848190577,0.0019725362263864656,0.0311053789545558,52,773,47,124,25366,34,0.4484745762711864,0.7186440677966102
568127.18304,21550.989418101813,0.9669220848190577,0.0019725362263864656,0.0311053789545558,52,773,47,124,25366,34,0.4484745762711864,0.7296610169491524
568127.18304,21550.989418101813,0.9669220848190577,0.0019725362263864656,0.0311053789545558,52,773,47,124,25366,34,0.4484745762711864,0.7406779661016949
568541.426176,21566.70306410743,0.9669220848190577,0.002124269782262347,0.030953645398679917,56,770,46,124,25366,37,0.4484745762711864,0.7516949152542372
580377.9860479999,22015.703893786507,0.9669220848190577,0.0033760716182383733,0.029701843562703893,89,745,38,124,25366,62,0.4484745762711864,0.7627118644067796
580377.9860479999,22015.703893786507,0.9669220848190577,0.0033760716182383733,0.029701843562703893,89,745,38,124,25366,62,0.4484745762711864,0.7737288135593219
580377.9860479999,22015.703893786507,0.9669220848190577,0.0033760716182383733,0.029701843562703893,89,745,38,124,25366,62,0.4484745762711864,0.7847457627118644
590086.741536,22383.989892117446,0.9669220848190577,0.00390713906380396,0.029170776117138305,103,734,35,124,25366,73,0.4484745762711864,0.7957627118644066
594304.400352,22543.97998452318,0.9669220848190577,0.00466580684318337,0.028412108337758896,123,718,31,124,25366,89,0.4484745762711864,0.8067796610169491
594304.400352,22543.97998452318,0.9669220848190577,0.00466580684318337,0.028412108337758896,123,718,31,124,25366,89,0.4484745762711864,0.8177966101694913
594304.400352,22543.97998452318,0.9669220848190577,0.00466580684318337,0.028412108337758896,123,718,31,124,25366,89,0.4484745762711864,0.8288135593220338
596426.119136,22624.46396843942,0.9669220848190577,0.004893407176997193,0.028184508003945074,129,713,30,124,25366,94,0.4484745762711864,0.8398305084745761
599535.9885440001,22742.431854335788,0.9669220848190577,0.005386541233593809,0.027691373947348455,142,702,28,124,25366,105,0.4484745762711864,0.8508474576271186
599535.9885440001,22742.431854335788,0.9669220848190577,0.005386541233593809,0.027691373947348455,142,702,28,124,25366,105,0.4484745762711864,0.8618644067796608
599535.9885440001,22742.431854335788,0.9669220848190577,0.005386541233593809,0.027691373947348455,142,702,28,124,25366,105,0.4484745762711864,0.8728813559322033
659160.911296,25004.20724133222,0.9669220848190577,0.009179880130490857,0.02389803505045141,242,614,16,124,25366,193,0.4484745762711864,0.8838983050847455
659160.911296,25004.20724133222,0.9669220848190577,0.009179880130490857,0.02389803505045141,242,614,16,124,25366,193,0.4484745762711864,0.894915254237288
659160.911296,25004.20724133222,0.9669220848190577,0.009179880130490857,0.02389803505045141,242,614,16,124,25366,193,0.4484745762711864,0.9059322033898305
659160.911296,25004.20724133222,0.9669220848190577,0.009179880130490857,0.02389803505045141,242,614,16,124,25366,193,0.4484745762711864,0.9169491525423727
659160.911296,25004.20724133222,0.9669220848190577,0.009179880130490857,0.02389803505045141,242,614,16,124,25366,193,0.4484745762711864,0.9279661016949152
659160.911296,25004.20724133222,0.9669220848190577,0.009179880130490857,0.02389803505045141,242,614,16,124,25366,193,0.4484745762711864,0.9389830508474575
659160.911296,25004.20724133222,0.9669220848190577,0.009179880130490857,0.02389803505045141,242,614,16,124,25366,193,0.4484745762711864,0.95
559264.4103999999,21214.794416205143,0.9669220848190577,0.0,0.03307791518094227,0,807,65,124,25366,0,0.4585762711864407,0.46525423728813553
559264.4103999999,21214.794416205143,0.9669220848190577,0.0,0.03307791518094227,0,807,65,124,25366,0,0.4585762711864407,0.4762711864406779
559264.4103999999,21214.794416205143,0.9669220848190577,0.0,0.03307791518094227,0,807,65,124,25366,0,0.4585762711864407,0.48728813559322026
559264.4103999999,21214.794416205143,0.9669220848190577,0.0,0.03307791518094227,0,807,65,124,25366,0,0.4585762711864407,0.4983050847457626
558481.755904,21185.105678780063,0.9669220848190577,0.00015173355587588195,0.032926181625066386,4,805,63,124,25366,2,0.4585762711864407,0.5093220338983051
558481.755904,21185.105678780063,0.9669220848190577,0.00015173355587588195,0.032926181625066386,4,805,63,124,25366,2,0.4585762711864407,0.5203389830508474
558481.755904,21185.105678780063,0.9669220848190577,0.00015173355587588195,0.032926181625066386,4,805,63,124,25366,2,0.4585762711864407,0.5313559322033898
558481.755904,21185.105678780063,0.9669220848190577,0.00015173355587588195,0.032926181625066386,4,805,63,124,25366,2,0.4585762711864407,0.5423728813559321
558481.755904,21185.105678780063,0.9669220848190577,0.00015173355587588195,0.032926181625066386,4,805,63,124,25366,2,0.4585762711864407,0.5533898305084746
558481.755904,21185.105678780063,0.9669220848190577,0.00015173355587588195,0.032926181625066386,4,805,63,124,25366,2,0.4585762711864407,0.5644067796610168
558481.755904,21185.105678780063,0.9669220848190577,0.00015173355587588195,0.032926181625066386,4,805,63,124,25366,2,0.4585762711864407,0.5754237288135593
558481.755904,21185.105678780063,0.9669220848190577,0.00015173355587588195,0.032926181625066386,4,805,63,124,25366,2,0.4585762711864407,0.5864406779661016
558481.755904,21185.105678780063,0.9669220848190577,0.00015173355587588195,0.032926181625066386,4,805,63,124,25366,2,0.4585762711864407,0.597457627118644
558481.755904,21185.105678780063,0.9669220848190577,0.00015173355587588195,0.032926181625066386,4,805,63,124,25366,2,0.4585762711864407,0.6084745762711864
558481.755904,21185.105678780063,0.9669220848190577,0.00015173355587588195,0.032926181625066386,4,805,63,124,25366,2,0.4585762711864407,0.6194915254237288
558481.755904,21185.105678780063,0.9669220848190577,0.00015173355587588195,0.032926181625066386,4,805,63,124,25366,2,0.4585762711864407,0.6305084745762711
558481.755904,21185.105678780063,0.9669220848190577,0.00015173355587588195,0.032926181625066386,4,805,63,124,25366,2,0.4585762711864407,0.6415254237288135
562645.657664,21343.056583870726,0.9669220848190577,0.0007966011683483802,0.03228131401259388,21,794,57,124,25366,13,0.4585762711864407,0.6525423728813559
562645.657664,21343.056583870726,0.9669220848190577,0.0007966011683483802,0.03228131401259388,21,794,57,124,25366,13,0.4585762711864407,0.6635593220338982
567183.116928,21515.17779106289,0.9669220848190577,0.0013656020028829376,0.03171231317805933,36,784,52,124,25366,23,0.4585762711864407,0.6745762711864406
567183.116928,21515.17779106289,0.9669220848190577,0.0013656020028829376,0.03171231317805933,36,784,52,124,25366,23,0.4585762711864407,0.685593220338983
568127.18304,21550.989418101813,0.9669220848190577,0.0019725362263864656,0.0311053789545558,52,773,47,124,25366,34,0.4585762711864407,0.6966101694915253
568127.18304,21550.989418101813,0.9669220848190577,0.0019725362263864656,0.0311053789545558,52,773,47,124,25366,34,0.4585762711864407,0.7076271186440677
568127.18304,21550.989418101813,0.9669220848190577,0.0019725362263864656,0.0311053789545558,52,773,47,124,25366,34,0.4585762711864407,0.7186440677966102
568127.18304,21550.989418101813,0.9669220848190577,0.0019725362263864656,0.0311053789545558,52,773,47,124,25366,34,0.4585762711864407,0.7296610169491524
568127.18304,21550.989418101813,0.9669220848190577,0.0019725362263864656,0.0311053789545558,52,773,47,124,25366,34,0.4585762711864407,0.7406779661016949
568541.426176,21566.70306410743,0.9669220848190577,0.002124269782262347,0.030953645398679917,56,770,46,124,25366,37,0.4585762711864407,0.7516949152542372
580377.9860479999,22015.703893786507,0.9669220848190577,0.0033760716182383733,0.029701843562703893,89,745,38,124,25366,62,0.4585762711864407,0.7627118644067796
580377.9860479999,22015.703893786507,0.9669220848190577,0.0033760716182383733,0.029701843562703893,89,745,38,124,25366,62,0.4585762711864407,0.7737288135593219
580377.9860479999,22015.703893786507,0.9669220848190577,0.0033760716182383733,0.029701843562703893,89,745,38,124,25366,62,0.4585762711864407,0.7847457627118644
590086.741536,22383.989892117446,0.9669220848190577,0.00390713906380396,0.029170776117138305,103,734,35,124,25366,73,0.4585762711864407,0.7957627118644066
594304.400352,22543.97998452318,0.9669220848190577,0.00466580684318337,0.028412108337758896,123,718,31,124,25366,89,0.4585762711864407,0.8067796610169491
594304.400352,22543.97998452318,0.9669220848190577,0.00466580684318337,0.028412108337758896,123,718,31,124,25366,89,0.4585762711864407,0.8177966101694913
594304.400352,22543.97998452318,0.9669220848190577,0.00466580684318337,0.028412108337758896,123,718,31,124,25366,89,0.4585762711864407,0.8288135593220338
596426.119136,22624.46396843942,0.9669220848190577,0.004893407176997193,0.028184508003945074,129,713,30,124,25366,94,0.4585762711864407,0.8398305084745761
599535.9885440001,22742.431854335788,0.9669220848190577,0.005386541233593809,0.027691373947348455,142,702,28,124,25366,105,0.4585762711864407,0.8508474576271186
599535.9885440001,22742.431854335788,0.9669220848190577,0.005386541233593809,0.027691373947348455,142,702,28,124,25366,105,0.4585762711864407,0.8618644067796608
599535.9885440001,22742.431854335788,0.9669220848190577,0.005386541233593809,0.027691373947348455,142,702,28,124,25366,105,0.4585762711864407,0.8728813559322033
659160.911296,25004.20724133222,0.9669220848190577,0.009179880130490857,0.02389803505045141,242,614,16,124,25366,193,0.4585762711864407,0.8838983050847455
659160.911296,25004.20724133222,0.9669220848190577,0.009179880130490857,0.02389803505045141,242,614,16,124,25366,193,0.4585762711864407,0.894915254237288
659160.911296,25004.20724133222,0.9669220848190577,0.009179880130490857,0.02389803505045141,242,614,16,124,25366,193,0.4585762711864407,0.9059322033898305
659160.911296,25004.20724133222,0.9669220848190577,0.009179880130490857,0.02389803505045141,242,614,16,124,25366,193,0.4585762711864407,0.9169491525423727
659160.911296,25004.20724133222,0.9669220848190577,0.009179880130490857,0.02389803505045141,242,614,16,124,25366,193,0.4585762711864407,0.9279661016949152
659160.911296,25004.20724133222,0.9669220848190577,0.009179880130490857,0.02389803505045141,242,614,16,124,25366,193,0.4585762711864407,0.9389830508474575
659160.911296,25004.20724133222,0.9669220848190577,0.009179880130490857,0.02389803505045141,242,614,16,124,25366,193,0.4585762711864407,0.95
559264.4103999999,21214.794416205143,0.9669220848190577,0.0,0.03307791518094227,0,807,65,124,25366,0,0.4686779661016949,0.4762711864406779
559264.4103999999,21214.794416205143,0.9669220848190577,0.0,0.03307791518094227,0,807,65,124,25366,0,0.4686779661016949,0.48728813559322026
559264.4103999999,21214.794416205143,0.9669220848190577,0.0,0.03307791518094227,0,807,65,124,25366,0,0.4686779661016949,0.4983050847457626
558481.755904,21185.105678780063,0.9669220848190577,0.00015173355587588195,0.032926181625066386,4,805,63,124,25366,2,0.4686779661016949,0.5093220338983051
558481.755904,21185.105678780063,0.9669220848190577,0.00015173355587588195,0.032926181625066386,4,805,63,124,25366,2,0.4686779661016949,0.5203389830508474
558481.755904,21185.105678780063,0.9669220848190577,0.00015173355587588195,0.032926181625066386,4,805,63,124,25366,2,0.4686779661016949,0.5313559322033898
558481.755904,21185.105678780063,0.9669220848190577,0.00015173355587588195,0.032926181625066386,4,805,63,124,25366,2,0.4686779661016949,0.5423728813559321
558481.755904,21185.105678780063,0.9669220848190577,0.00015173355587588195,0.032926181625066386,4,805,63,124,25366,2,0.4686779661016949,0.5533898305084746
558481.755904,21185.105678780063,0.9669220848190577,0.00015173355587588195,0.032926181625066386,4,805,63,124,25366,2,0.4686779661016949,0.5644067796610168
558481.755904,21185.105678780063,0.9669220848190577,0.00015173355587588195,0.032926181625066386,4,805,63,124,25366,2,0.4686779661016949,0.5754237288135593
558481.755904,21185.105678780063,0.9669220848190577,0.00015173355587588195,0.032926181625066386,4,805,63,124,25366,2,0.4686779661016949,0.5864406779661016
558481.755904,21185.105678780063,0.9669220848190577,0.00015173355587588195,0.032926181625066386,4,805,63,124,25366,2,0.4686779661016949,0.597457627118644
558481.755904,21185.105678780063,0.9669220848190577,0.00015173355587588195,0.032926181625066386,4,805,63,124,25366,2,0.4686779661016949,0.6084745762711864
558481.755904,21185.105678780063,0.9669220848190577,0.00015173355587588195,0.032926181625066386,4,805,63,124,25366,2,0.4686779661016949,0.6194915254237288
558481.755904,21185.105678780063,0.9669220848190577,0.00015173355587588195,0.032926181625066386,4,805,63,124,25366,2,0.4686779661016949,0.6305084745762711
558481.755904,21185.105678780063,0.9669220848190577,0.00015173355587588195,0.032926181625066386,4,805,63,124,25366,2,0.4686779661016949,0.6415254237288135
562645.657664,21343.056583870726,0.9669220848190577,0.0007966011683483802,0.03228131401259388,21,794,57,124,25366,13,0.4686779661016949,0.6525423728813559
562645.657664,21343.056583870726,0.9669220848190577,0.0007966011683483802,0.03228131401259388,21,794,57,124,25366,13,0.4686779661016949,0.6635593220338982
567183.116928,21515.17779106289,0.9669220848190577,0.0013656020028829376,0.03171231317805933,36,784,52,124,25366,23,0.4686779661016949,0.6745762711864406
567183.116928,21515.17779106289,0.9669220848190577,0.0013656020028829376,0.03171231317805933,36,784,52,124,25366,23,0.4686779661016949,0.685593220338983
568127.18304,21550.989418101813,0.9669220848190577,0.0019725362263864656,0.0311053789545558,52,773,47,124,25366,34,0.4686779661016949,0.6966101694915253
568127.18304,21550.989418101813,0.9669220848190577,0.0019725362263864656,0.0311053789545558,52,773,47,124,25366,34,0.4686779661016949,0.7076271186440677
568127.18304,21550.989418101813,0.9669220848190577,0.0019725362263864656,0.0311053789545558,52,773,47,124,25366,34,0.4686779661016949,0.7186440677966102
568127.18304,21550.989418101813,0.9669220848190577,0.0019725362263864656,0.0311053789545558,52,773,47,124,25366,34,0.4686779661016949,0.7296610169491524
568127.18304,21550.989418101813,0.9669220848190577,0.0019725362263864656,0.0311053789545558,52,773,47,124,25366,34,0.4686779661016949,0.7406779661016949
568541.426176,21566.70306410743,0.9669220848190577,0.002124269782262347,0.030953645398679917,56,770,46,124,25366,37,0.4686779661016949,0.7516949152542372
580377.9860479999,22015.703893786507,0.9669220848190577,0.0033760716182383733,0.029701843562703893,89,745,38,124,25366,62,0.4686779661016949,0.7627118644067796
580377.9860479999,22015.703893786507,0.9669220848190577,0.0033760716182383733,0.029701843562703893,89,745,38,124,25366,62,0.4686779661016949,0.7737288135593219
580377.9860479999,22015.703893786507,0.9669220848190577,0.0033760716182383733,0.029701843562703893,89,745,38,124,25366,62,0.4686779661016949,0.7847457627118644
590086.741536,22383.989892117446,0.9669220848190577,0.00390713906380396,0.029170776117138305,103,734,35,124,25366,73,0.4686779661016949,0.7957627118644066
594304.400352,22543.97998452318,0.9669220848190577,0.00466580684318337,0.028412108337758896,123,718,31,124,25366,89,0.4686779661016949,0.8067796610169491
594304.400352,22543.97998452318,0.9669220848190577,0.00466580684318337,0.028412108337758896,123,718,31,124,25366,89,0.4686779661016949,0.8177966101694913
594304.400352,22543.97998452318,0.9669220848190577,0.00466580684318337,0.028412108337758896,123,718,31,124,25366,89,0.4686779661016949,0.8288135593220338
596426.119136,22624.46396843942,0.9669220848190577,0.004893407176997193,0.028184508003945074,129,713,30,124,25366,94,0.4686779661016949,0.8398305084745761
599535.9885440001,22742.431854335788,0.9669220848190577,0.005386541233593809,0.027691373947348455,142,702,28,124,25366,105,0.4686779661016949,0.8508474576271186
599535.9885440001,22742.431854335788,0.9669220848190577,0.005386541233593809,0.027691373947348455,142,702,28,124,25366,105,0.4686779661016949,0.8618644067796608
599535.9885440001,22742.431854335788,0.9669220848190577,0.005386541233593809,0.027691373947348455,142,702,28,124,25366,105,0.4686779661016949,0.8728813559322033
659160.911296,25004.20724133222,0.9669220848190577,0.009179880130490857,0.02389803505045141,242,614,16,124,25366,193,0.4686779661016949,0.8838983050847455
659160.911296,25004.20724133222,0.9669220848190577,0.009179880130490857,0.02389803505045141,242,614,16,124,25366,193,0.4686779661016949,0.894915254237288
659160.911296,25004.20724133222,0.9669220848190577,0.009179880130490857,0.02389803505045141,242,614,16,124,25366,193,0.4686779661016949,0.9059322033898305
659160.911296,25004.20724133222,0.9669220848190577,0.009179880130490857,0.02389803505045141,242,614,16,124,25366,193,0.4686779661016949,0.9169491525423727
659160.911296,25004.20724133222,0.9669220848190577,0.009179880130490857,0.02389803505045141,242,614,16,124,25366,193,0.4686779661016949,0.9279661016949152
659160.911296,25004.20724133222,0.9669220848190577,0.009179880130490857,0.02389803505045141,242,614,16,124,25366,193,0.4686779661016949,0.9389830508474575
659160.911296,25004.20724133222,0.9669220848190577,0.009179880130490857,0.02389803505045141,242,614,16,124,25366,193,0.4686779661016949,0.95
559264.4103999999,21214.794416205143,0.9669220848190577,0.0,0.03307791518094227,0,807,65,124,25366,0,0.47877966101694913,0.48728813559322026
559264.4103999999,21214.794416205143,0.9669220848190577,0.0,0.03307791518094227,0,807,65,124,25366,0,0.47877966101694913,0.4983050847457626
558481.755904,21185.105678780063,0.9669220848190577,0.00015173355587588195,0.032926181625066386,4,805,63,124,25366,2,0.47877966101694913,0.5093220338983051
558481.755904,21185.105678780063,0.9669220848190577,0.00015173355587588195,0.032926181625066386,4,805,63,124,25366,2,0.47877966101694913,0.5203389830508474
558481.755904,21185.105678780063,0.9669220848190577,0.00015173355587588195,0.032926181625066386,4,805,63,124,25366,2,0.47877966101694913,0.5313559322033898
558481.755904,21185.105678780063,0.9669220848190577,0.00015173355587588195,0.032926181625066386,4,805,63,124,25366,2,0.47877966101694913,0.5423728813559321
558481.755904,21185.105678780063,0.9669220848190577,0.00015173355587588195,0.032926181625066386,4,805,63,124,25366,2,0.47877966101694913,0.5533898305084746
558481.755904,21185.105678780063,0.9669220848190577,0.00015173355587588195,0.032926181625066386,4,805,63,124,25366,2,0.47877966101694913,0.5644067796610168
558481.755904,21185.105678780063,0.9669220848190577,0.00015173355587588195,0.032926181625066386,4,805,63,124,25366,2,0.47877966101694913,0.5754237288135593
558481.755904,21185.105678780063,0.9669220848190577,0.00015173355587588195,0.032926181625066386,4,805,63,124,25366,2,0.47877966101694913,0.5864406779661016
558481.755904,21185.105678780063,0.9669220848190577,0.00015173355587588195,0.032926181625066386,4,805,63,124,25366,2,0.47877966101694913,0.597457627118644
558481.755904,21185.105678780063,0.9669220848190577,0.00015173355587588195,0.032926181625066386,4,805,63,124,25366,2,0.47877966101694913,0.6084745762711864
558481.755904,21185.105678780063,0.9669220848190577,0.00015173355587588195,0.032926181625066386,4,805,63,124,25366,2,0.47877966101694913,0.6194915254237288
558481.755904,21185.105678780063,0.9669220848190577,0.00015173355587588195,0.032926181625066386,4,805,63,124,25366,2,0.47877966101694913,0.6305084745762711
558481.755904,21185.105678780063,0.9669220848190577,0.00015173355587588195,0.032926181625066386,4,805,63,124,25366,2,0.47877966101694913,0.6415254237288135
562645.657664,21343.056583870726,0.9669220848190577,0.0007966011683483802,0.03228131401259388,21,794,57,124,25366,13,0.47877966101694913,0.6525423728813559
562645.657664,21343.056583870726,0.9669220848190577,0.0007966011683483802,0.03228131401259388,21,794,57,124,25366,13,0.47877966101694913,0.6635593220338982
567183.116928,21515.17779106289,0.9669220848190577,0.0013656020028829376,0.03171231317805933,36,784,52,124,25366,23,0.47877966101694913,0.6745762711864406
567183.116928,21515.17779106289,0.9669220848190577,0.0013656020028829376,0.03171231317805933,36,784,52,124,25366,23,0.47877966101694913,0.685593220338983
568127.18304,21550.989418101813,0.9669220848190577,0.0019725362263864656,0.0311053789545558,52,773,47,124,25366,34,0.47877966101694913,0.6966101694915253
568127.18304,21550.989418101813,0.9669220848190577,0.0019725362263864656,0.0311053789545558,52,773,47,124,25366,34,0.47877966101694913,0.7076271186440677
568127.18304,21550.989418101813,0.9669220848190577,0.0019725362263864656,0.0311053789545558,52,773,47,124,25366,34,0.47877966101694913,0.7186440677966102
568127.18304,21550.989418101813,0.9669220848190577,0.0019725362263864656,0.0311053789545558,52,773,47,124,25366,34,0.47877966101694913,0.7296610169491524
568127.18304,21550.989418101813,0.9669220848190577,0.0019725362263864656,0.0311053789545558,52,773,47,124,25366,34,0.47877966101694913,0.7406779661016949
568541.426176,21566.70306410743,0.9669220848190577,0.002124269782262347,0.030953645398679917,56,770,46,124,25366,37,0.47877966101694913,0.7516949152542372
580377.9860479999,22015.703893786507,0.9669220848190577,0.0033760716182383733,0.029701843562703893,89,745,38,124,25366,62,0.47877966101694913,0.7627118644067796
580377.9860479999,22015.703893786507,0.9669220848190577,0.0033760716182383733,0.029701843562703893,89,745,38,124,25366,62,0.47877966101694913,0.7737288135593219
580377.9860479999,22015.703893786507,0.9669220848190577,0.0033760716182383733,0.029701843562703893,89,745,38,124,25366,62,0.47877966101694913,0.7847457627118644
590086.741536,22383.989892117446,0.9669220848190577,0.00390713906380396,0.029170776117138305,103,734,35,124,25366,73,0.47877966101694913,0.7957627118644066
594304.400352,22543.97998452318,0.9669220848190577,0.00466580684318337,0.028412108337758896,123,718,31,124,25366,89,0.47877966101694913,0.8067796610169491
594304.400352,22543.97998452318,0.9669220848190577,0.00466580684318337,0.028412108337758896,123,718,31,124,25366,89,0.47877966101694913,0.8177966101694913
594304.400352,22543.97998452318,0.9669220848190577,0.00466580684318337,0.028412108337758896,123,718,31,124,25366,89,0.47877966101694913,0.8288135593220338
596426.119136,22624.46396843942,0.9669220848190577,0.004893407176997193,0.028184508003945074,129,713,30,124,25366,94,0.47877966101694913,0.8398305084745761
599535.9885440001,22742.431854335788,0.9669220848190577,0.005386541233593809,0.027691373947348455,142,702,28,124,25366,105,0.47877966101694913,0.8508474576271186
599535.9885440001,22742.431854335788,0.9669220848190577,0.005386541233593809,0.027691373947348455,142,702,28,124,25366,105,0.47877966101694913,0.8618644067796608
599535.9885440001,22742.431854335788,0.9669220848190577,0.005386541233593809,0.027691373947348455,142,702,28,124,25366,105,0.47877966101694913,0.8728813559322033
659160.911296,25004.20724133222,0.9669220848190577,0.009179880130490857,0.02389803505045141,242,614,16,124,25366,193,0.47877966101694913,0.8838983050847455
659160.911296,25004.20724133222,0.9669220848190577,0.009179880130490857,0.02389803505045141,242,614,16,124,25366,193,0.47877966101694913,0.894915254237288
659160.911296,25004.20724133222,0.9669220848190577,0.009179880130490857,0.02389803505045141,242,614,16,124,25366,193,0.47877966101694913,0.9059322033898305
659160.911296,25004.20724133222,0.9669220848190577,0.009179880130490857,0.02389803505045141,242,614,16,124,25366,193,0.47877966101694913,0.9169491525423727
659160.911296,25004.20724133222,0.9669220848190577,0.009179880130490857,0.02389803505045141,242,614,16,124,25366,193,0.47877966101694913,0.9279661016949152
659160.911296,25004.20724133222,0.9669220848190577,0.009179880130490857,0.02389803505045141,242,614,16,124,25366,193,0.47877966101694913,0.9389830508474575
659160.911296,25004.20724133222,0.9669220848190577,0.009179880130490857,0.02389803505045141,242,614,16,124,25366,193,0.47877966101694913,0.95
559264.4103999999,21214.794416205143,0.9669220848190577,0.0,0.03307791518094227,0,807,65,124,25366,0,0.4888813559322034,0.4983050847457626
558481.755904,21185.105678780063,0.9669220848190577,0.00015173355587588195,0.032926181625066386,4,805,63,124,25366,2,0.4888813559322034,0.5093220338983051
558481.755904,21185.105678780063,0.9669220848190577,0.00015173355587588195,0.032926181625066386,4,805,63,124,25366,2,0.4888813559322034,0.5203389830508474
558481.755904,21185.105678780063,0.9669220848190577,0.00015173355587588195,0.032926181625066386,4,805,63,124,25366,2,0.4888813559322034,0.5313559322033898
558481.755904,21185.105678780063,0.9669220848190577,0.00015173355587588195,0.032926181625066386,4,805,63,124,25366,2,0.4888813559322034,0.5423728813559321
558481.755904,21185.105678780063,0.9669220848190577,0.00015173355587588195,0.032926181625066386,4,805,63,124,25366,2,0.4888813559322034,0.5533898305084746
558481.755904,21185.105678780063,0.9669220848190577,0.00015173355587588195,0.032926181625066386,4,805,63,124,25366,2,0.4888813559322034,0.5644067796610168
558481.755904,21185.105678780063,0.9669220848190577,0.00015173355587588195,0.032926181625066386,4,805,63,124,25366,2,0.4888813559322034,0.5754237288135593
558481.755904,21185.105678780063,0.9669220848190577,0.00015173355587588195,0.032926181625066386,4,805,63,124,25366,2,0.4888813559322034,0.5864406779661016
558481.755904,21185.105678780063,0.9669220848190577,0.00015173355587588195,0.032926181625066386,4,805,63,124,25366,2,0.4888813559322034,0.597457627118644
558481.755904,21185.105678780063,0.9669220848190577,0.00015173355587588195,0.032926181625066386,4,805,63,124,25366,2,0.4888813559322034,0.6084745762711864
558481.755904,21185.105678780063,0.9669220848190577,0.00015173355587588195,0.032926181625066386,4,805,63,124,25366,2,0.4888813559322034,0.6194915254237288
558481.755904,21185.105678780063,0.9669220848190577,0.00015173355587588195,0.032926181625066386,4,805,63,124,25366,2,0.4888813559322034,0.6305084745762711
558481.755904,21185.105678780063,0.9669220848190577,0.00015173355587588195,0.032926181625066386,4,805,63,124,25366,2,0.4888813559322034,0.6415254237288135
562645.657664,21343.056583870726,0.9669220848190577,0.0007966011683483802,0.03228131401259388,21,794,57,124,25366,13,0.4888813559322034,0.6525423728813559
562645.657664,21343.056583870726,0.9669220848190577,0.0007966011683483802,0.03228131401259388,21,794,57,124,25366,13,0.4888813559322034,0.6635593220338982
567183.116928,21515.17779106289,0.9669220848190577,0.0013656020028829376,0.03171231317805933,36,784,52,124,25366,23,0.4888813559322034,0.6745762711864406
567183.116928,21515.17779106289,0.9669220848190577,0.0013656020028829376,0.03171231317805933,36,784,52,124,25366,23,0.4888813559322034,0.685593220338983
568127.18304,21550.989418101813,0.9669220848190577,0.0019725362263864656,0.0311053789545558,52,773,47,124,25366,34,0.4888813559322034,0.6966101694915253
568127.18304,21550.989418101813,0.9669220848190577,0.0019725362263864656,0.0311053789545558,52,773,47,124,25366,34,0.4888813559322034,0.7076271186440677
568127.18304,21550.989418101813,0.9669220848190577,0.0019725362263864656,0.0311053789545558,52,773,47,124,25366,34,0.4888813559322034,0.7186440677966102
568127.18304,21550.989418101813,0.9669220848190577,0.0019725362263864656,0.0311053789545558,52,773,47,124,25366,34,0.4888813559322034,0.7296610169491524
568127.18304,21550.989418101813,0.9669220848190577,0.0019725362263864656,0.0311053789545558,52,773,47,124,25366,34,0.4888813559322034,0.7406779661016949
568541.426176,21566.70306410743,0.9669220848190577,0.002124269782262347,0.030953645398679917,56,770,46,124,25366,37,0.4888813559322034,0.7516949152542372
580377.9860479999,22015.703893786507,0.9669220848190577,0.0033760716182383733,0.029701843562703893,89,745,38,124,25366,62,0.4888813559322034,0.7627118644067796
580377.9860479999,22015.703893786507,0.9669220848190577,0.0033760716182383733,0.029701843562703893,89,745,38,124,25366,62,0.4888813559322034,0.7737288135593219
580377.9860479999,22015.703893786507,0.9669220848190577,0.0033760716182383733,0.029701843562703893,89,745,38,124,25366,62,0.4888813559322034,0.7847457627118644
590086.741536,22383.989892117446,0.9669220848190577,0.00390713906380396,0.029170776117138305,103,734,35,124,25366,73,0.4888813559322034,0.7957627118644066
594304.400352,22543.97998452318,0.9669220848190577,0.00466580684318337,0.028412108337758896,123,718,31,124,25366,89,0.4888813559322034,0.8067796610169491
594304.400352,22543.97998452318,0.9669220848190577,0.00466580684318337,0.028412108337758896,123,718,31,124,25366,89,0.4888813559322034,0.8177966101694913
594304.400352,22543.97998452318,0.9669220848190577,0.00466580684318337,0.028412108337758896,123,718,31,124,25366,89,0.4888813559322034,0.8288135593220338
596426.119136,22624.46396843942,0.9669220848190577,0.004893407176997193,0.028184508003945074,129,713,30,124,25366,94,0.4888813559322034,0.8398305084745761
599535.9885440001,22742.431854335788,0.9669220848190577,0.005386541233593809,0.027691373947348455,142,702,28,124,25366,105,0.4888813559322034,0.8508474576271186
599535.9885440001,22742.431854335788,0.9669220848190577,0.005386541233593809,0.027691373947348455,142,702,28,124,25366,105,0.4888813559322034,0.8618644067796608
599535.9885440001,22742.431854335788,0.9669220848190577,0.005386541233593809,0.027691373947348455,142,702,28,124,25366,105,0.4888813559322034,0.8728813559322033
659160.911296,25004.20724133222,0.9669220848190577,0.009179880130490857,0.02389803505045141,242,614,16,124,25366,193,0.4888813559322034,0.8838983050847455
659160.911296,25004.20724133222,0.9669220848190577,0.009179880130490857,0.02389803505045141,242,614,16,124,25366,193,0.4888813559322034,0.894915254237288
659160.911296,25004.20724133222,0.9669220848190577,0.009179880130490857,0.02389803505045141,242,614,16,124,25366,193,0.4888813559322034,0.9059322033898305
659160.911296,25004.20724133222,0.9669220848190577,0.009179880130490857,0.02389803505045141,242,614,16,124,25366,193,0.4888813559322034,0.9169491525423727
659160.911296,25004.20724133222,0.9669220848190577,0.009179880130490857,0.02389803505045141,242,614,16,124,25366,193,0.4888813559322034,0.9279661016949152
659160.911296,25004.20724133222,0.9669220848190577,0.009179880130490857,0.02389803505045141,242,614,16,124,25366,193,0.4888813559322034,0.9389830508474575
659160.911296,25004.20724133222,0.9669220848190577,0.009179880130490857,0.02389803505045141,242,614,16,124,25366,193,0.4888813559322034,0.95
558481.755904,21185.105678780063,0.9669220848190577,0.00015173355587588195,0.032926181625066386,4,805,63,124,25366,2,0.4989830508474576,0.5093220338983051
558481.755904,21185.105678780063,0.9669220848190577,0.00015173355587588195,0.032926181625066386,4,805,63,124,25366,2,0.4989830508474576,0.5203389830508474
558481.755904,21185.105678780063,0.9669220848190577,0.00015173355587588195,0.032926181625066386,4,805,63,124,25366,2,0.4989830508474576,0.5313559322033898
558481.755904,21185.105678780063,0.9669220848190577,0.00015173355587588195,0.032926181625066386,4,805,63,124,25366,2,0.4989830508474576,0.5423728813559321
558481.755904,21185.105678780063,0.9669220848190577,0.00015173355587588195,0.032926181625066386,4,805,63,124,25366,2,0.4989830508474576,0.5533898305084746
558481.755904,21185.105678780063,0.9669220848190577,0.00015173355587588195,0.032926181625066386,4,805,63,124,25366,2,0.4989830508474576,0.5644067796610168
558481.755904,21185.105678780063,0.9669220848190577,0.00015173355587588195,0.032926181625066386,4,805,63,124,25366,2,0.4989830508474576,0.5754237288135593
558481.755904,21185.105678780063,0.9669220848190577,0.00015173355587588195,0.032926181625066386,4,805,63,124,25366,2,0.4989830508474576,0.5864406779661016
558481.755904,21185.105678780063,0.9669220848190577,0.00015173355587588195,0.032926181625066386,4,805,63,124,25366,2,0.4989830508474576,0.597457627118644
558481.755904,21185.105678780063,0.9669220848190577,0.00015173355587588195,0.032926181625066386,4,805,63,124,25366,2,0.4989830508474576,0.6084745762711864
558481.755904,21185.105678780063,0.9669220848190577,0.00015173355587588195,0.032926181625066386,4,805,63,124,25366,2,0.4989830508474576,0.6194915254237288
558481.755904,21185.105678780063,0.9669220848190577,0.00015173355587588195,0.032926181625066386,4,805,63,124,25366,2,0.4989830508474576,0.6305084745762711
558481.755904,21185.105678780063,0.9669220848190577,0.00015173355587588195,0.032926181625066386,4,805,63,124,25366,2,0.4989830508474576,0.6415254237288135
562645.657664,21343.056583870726,0.9669220848190577,0.0007966011683483802,0.03228131401259388,21,794,57,124,25366,13,0.4989830508474576,0.6525423728813559
562645.657664,21343.056583870726,0.9669220848190577,0.0007966011683483802,0.03228131401259388,21,794,57,124,25366,13,0.4989830508474576,0.6635593220338982
567183.116928,21515.17779106289,0.9669220848190577,0.0013656020028829376,0.03171231317805933,36,784,52,124,25366,23,0.4989830508474576,0.6745762711864406
567183.116928,21515.17779106289,0.9669220848190577,0.0013656020028829376,0.03171231317805933,36,784,52,124,25366,23,0.4989830508474576,0.685593220338983
568127.18304,21550.989418101813,0.9669220848190577,0.0019725362263864656,0.0311053789545558,52,773,47,124,25366,34,0.4989830508474576,0.6966101694915253
568127.18304,21550.989418101813,0.9669220848190577,0.0019725362263864656,0.0311053789545558,52,773,47,124,25366,34,0.4989830508474576,0.7076271186440677
568127.18304,21550.989418101813,0.9669220848190577,0.0019725362263864656,0.0311053789545558,52,773,47,124,25366,34,0.4989830508474576,0.7186440677966102
568127.18304,21550.989418101813,0.9669220848190577,0.0019725362263864656,0.0311053789545558,52,773,47,124,25366,34,0.4989830508474576,0.7296610169491524
568127.18304,21550.989418101813,0.9669220848190577,0.0019725362263864656,0.0311053789545558,52,773,47,124,25366,34,0.4989830508474576,0.7406779661016949
568541.426176,21566.70306410743,0.9669220848190577,0.002124269782262347,0.030953645398679917,56,770,46,124,25366,37,0.4989830508474576,0.7516949152542372
580377.9860479999,22015.703893786507,0.9669220848190577,0.0033760716182383733,0.029701843562703893,89,745,38,124,25366,62,0.4989830508474576,0.7627118644067796
580377.9860479999,22015.703893786507,0.9669220848190577,0.0033760716182383733,0.029701843562703893,89,745,38,124,25366,62,0.4989830508474576,0.7737288135593219
580377.9860479999,22015.703893786507,0.9669220848190577,0.0033760716182383733,0.029701843562703893,89,745,38,124,25366,62,0.4989830508474576,0.7847457627118644
590086.741536,22383.989892117446,0.9669220848190577,0.00390713906380396,0.029170776117138305,103,734,35,124,25366,73,0.4989830508474576,0.7957627118644066
594304.400352,22543.97998452318,0.9669220848190577,0.00466580684318337,0.028412108337758896,123,718,31,124,25366,89,0.4989830508474576,0.8067796610169491
594304.400352,22543.97998452318,0.9669220848190577,0.00466580684318337,0.028412108337758896,123,718,31,124,25366,89,0.4989830508474576,0.8177966101694913
594304.400352,22543.97998452318,0.9669220848190577,0.00466580684318337,0.028412108337758896,123,718,31,124,25366,89,0.4989830508474576,0.8288135593220338
596426.119136,22624.46396843942,0.9669220848190577,0.004893407176997193,0.028184508003945074,129,713,30,124,25366,94,0.4989830508474576,0.8398305084745761
599535.9885440001,22742.431854335788,0.9669220848190577,0.005386541233593809,0.027691373947348455,142,702,28,124,25366,105,0.4989830508474576,0.8508474576271186
599535.9885440001,22742.431854335788,0.9669220848190577,0.005386541233593809,0.027691373947348455,142,702,28,124,25366,105,0.4989830508474576,0.8618644067796608
599535.9885440001,22742.431854335788,0.9669220848190577,0.005386541233593809,0.027691373947348455,142,702,28,124,25366,105,0.4989830508474576,0.8728813559322033
659160.911296,25004.20724133222,0.9669220848190577,0.009179880130490857,0.02389803505045141,242,614,16,124,25366,193,0.4989830508474576,0.8838983050847455
659160.911296,25004.20724133222,0.9669220848190577,0.009179880130490857,0.02389803505045141,242,614,16,124,25366,193,0.4989830508474576,0.894915254237288
659160.911296,25004.20724133222,0.9669220848190577,0.009179880130490857,0.02389803505045141,242,614,16,124,25366,193,0.4989830508474576,0.9059322033898305
659160.911296,25004.20724133222,0.9669220848190577,0.009179880130490857,0.02389803505045141,242,614,16,124,25366,193,0.4989830508474576,0.9169491525423727
659160.911296,25004.20724133222,0.9669220848190577,0.009179880130490857,0.02389803505045141,242,614,16,124,25366,193,0.4989830508474576,0.9279661016949152
659160.911296,25004.20724133222,0.9669220848190577,0.009179880130490857,0.02389803505045141,242,614,16,124,25366,193,0.4989830508474576,0.9389830508474575
659160.911296,25004.20724133222,0.9669220848190577,0.009179880130490857,0.02389803505045141,242,614,16,124,25366,193,0.4989830508474576,0.95
562340.7612000001,21331.490827706548,0.9670738183749337,0.0,0.032926181625066386,0,805,63,126,25368,0,0.5090847457627118,0.5093220338983051
562340.7612000001,21331.490827706548,0.9670738183749337,0.0,0.032926181625066386,0,805,63,126,25368,0,0.5090847457627118,0.5203389830508474
562340.7612000001,21331.490827706548,0.9670738183749337,0.0,0.032926181625066386,0,805,63,126,25368,0,0.5090847457627118,0.5313559322033898
562340.7612000001,21331.490827706548,0.9670738183749337,0.0,0.032926181625066386,0,805,63,126,25368,0,0.5090847457627118,0.5423728813559321
562340.7612000001,21331.490827706548,0.9670738183749337,0.0,0.032926181625066386,0,805,63,126,25368,0,0.5090847457627118,0.5533898305084746
562340.7612000001,21331.490827706548,0.9670738183749337,0.0,0.032926181625066386,0,805,63,126,25368,0,0.5090847457627118,0.5644067796610168
562340.7612000001,21331.490827706548,0.9670738183749337,0.0,0.032926181625066386,0,805,63,126,25368,0,0.5090847457627118,0.5754237288135593
562340.7612000001,21331.490827706548,0.9670738183749337,0.0,0.032926181625066386,0,805,63,126,25368,0,0.5090847457627118,0.5864406779661016
562340.7612000001,21331.490827706548,0.9670738183749337,0.0,0.032926181625066386,0,805,63,126,25368,0,0.5090847457627118,0.597457627118644
562340.7612000001,21331.490827706548,0.9670738183749337,0.0,0.032926181625066386,0,805,63,126,25368,0,0.5090847457627118,0.6084745762711864
562340.7612000001,21331.490827706548,0.9670738183749337,0.0,0.032926181625066386,0,805,63,126,25368,0,0.5090847457627118,0.6194915254237288
562340.7612000001,21331.490827706548,0.9670738183749337,0.0,0.032926181625066386,0,805,63,126,25368,0,0.5090847457627118,0.6305084745762711
562340.7612000001,21331.490827706548,0.9670738183749337,0.0,0.032926181625066386,0,805,63,126,25368,0,0.5090847457627118,0.6415254237288135
566504.6629600001,21489.44173279721,0.9670738183749337,0.0006448676124724983,0.03228131401259388,17,794,57,126,25368,11,0.5090847457627118,0.6525423728813559
566504.6629600001,21489.44173279721,0.9670738183749337,0.0006448676124724983,0.03228131401259388,17,794,57,126,25368,11,0.5090847457627118,0.6635593220338982
571042.1222239999,21661.562939989377,0.9670738183749337,0.0012138684470070556,0.03171231317805933,32,784,52,126,25368,21,0.5090847457627118,0.6745762711864406
571042.1222239999,21661.562939989377,0.9670738183749337,0.0012138684470070556,0.03171231317805933,32,784,52,126,25368,21,0.5090847457627118,0.685593220338983
571986.188336,21697.3745670283,0.9670738183749337,0.0018208026705105833,0.0311053789545558,48,773,47,126,25368,32,0.5090847457627118,0.6966101694915253
571986.188336,21697.3745670283,0.9670738183749337,0.0018208026705105833,0.0311053789545558,48,773,47,126,25368,32,0.5090847457627118,0.7076271186440677
571986.188336,21697.3745670283,0.9670738183749337,0.0018208026705105833,0.0311053789545558,48,773,47,126,25368,32,0.5090847457627118,0.7186440677966102
571986.188336,21697.3745670283,0.9670738183749337,0.0018208026705105833,0.0311053789545558,48,773,47,126,25368,32,0.5090847457627118,0.7296610169491524
571986.188336,21697.3745670283,0.9670738183749337,0.0018208026705105833,0.0311053789545558,48,773,47,126,25368,32,0.5090847457627118,0.7406779661016949
572400.431472,21713.08821303391,0.9670738183749337,0.0019725362263864656,0.030953645398679917,52,770,46,126,25368,35,0.5090847457627118,0.7516949152542372
584236.991344,22162.089042712996,0.9670738183749337,0.0032243380623624917,0.029701843562703893,85,745,38,126,25368,60,0.5090847457627118,0.7627118644067796
584236.991344,22162.089042712996,0.9670738183749337,0.0032243380623624917,0.029701843562703893,85,745,38,126,25368,60,0.5090847457627118,0.7737288135593219
584236.991344,22162.089042712996,0.9670738183749337,0.0032243380623624917,0.029701843562703893,85,745,38,126,25368,60,0.5090847457627118,0.7847457627118644
593945.746832,22530.375041043924,0.9670738183749337,0.0037554055079280784,0.029170776117138305,99,734,35,126,25368,71,0.5090847457627118,0.7957627118644066
598163.405648,22690.36513344966,0.9670738183749337,0.004514073287307488,0.028412108337758896,119,718,31,126,25368,87,0.5090847457627118,0.8067796610169491
598163.405648,22690.36513344966,0.9670738183749337,0.004514073287307488,0.028412108337758896,119,718,31,126,25368,87,0.5090847457627118,0.8177966101694913
598163.405648,22690.36513344966,0.9670738183749337,0.004514073287307488,0.028412108337758896,119,718,31,126,25368,87,0.5090847457627118,0.8288135593220338
600285.1244320001,22770.84911736591,0.9670738183749337,0.004741673621121311,0.028184508003945074,125,713,30,126,25368,92,0.5090847457627118,0.8398305084745761
603394.99384,22888.817003262273,0.9670738183749337,0.005234807677717927,0.027691373947348455,138,702,28,126,25368,103,0.5090847457627118,0.8508474576271186
603394.99384,22888.817003262273,0.9670738183749337,0.005234807677717927,0.027691373947348455,138,702,28,126,25368,103,0.5090847457627118,0.8618644067796608
603394.99384,22888.817003262273,0.9670738183749337,0.005234807677717927,0.027691373947348455,138,702,28,126,25368,103,0.5090847457627118,0.8728813559322033
663019.9165919999,25150.592390258706,0.9670738183749337,0.009028146574614976,0.02389803505045141,238,614,16,126,25368,191,0.5090847457627118,0.8838983050847455
663019.9165919999,25150.592390258706,0.9670738183749337,0.009028146574614976,0.02389803505045141,238,614,16,126,25368,191,0.5090847457627118,0.894915254237288
663019.9165919999,25150.592390258706,0.9670738183749337,0.009028146574614976,0.02389803505045141,238,614,16,126,25368,191,0.5090847457627118,0.9059322033898305
663019.9165919999,25150.592390258706,0.9670738183749337,0.009028146574614976,0.02389803505045141,238,614,16,126,25368,191,0.5090847457627118,0.9169491525423727
663019.9165919999,25150.592390258706,0.9670738183749337,0.009028146574614976,0.02389803505045141,238,614,16,126,25368,191,0.5090847457627118,0.9279661016949152
663019.9165919999,25150.592390258706,0.9670738183749337,0.009028146574614976,0.02389803505045141,238,614,16,126,25368,191,0.5090847457627118,0.9389830508474575
663019.9165919999,25150.592390258706,0.9670738183749337,0.009028146574614976,0.02389803505045141,238,614,16,126,25368,191,0.5090847457627118,0.95
562340.7612000001,21331.490827706548,0.9670738183749337,0.0,0.032926181625066386,0,805,63,126,25368,0,0.519186440677966,0.5203389830508474
562340.7612000001,21331.490827706548,0.9670738183749337,0.0,0.032926181625066386,0,805,63,126,25368,0,0.519186440677966,0.5313559322033898
562340.7612000001,21331.490827706548,0.9670738183749337,0.0,0.032926181625066386,0,805,63,126,25368,0,0.519186440677966,0.5423728813559321
562340.7612000001,21331.490827706548,0.9670738183749337,0.0,0.032926181625066386,0,805,63,126,25368,0,0.519186440677966,0.5533898305084746
562340.7612000001,21331.490827706548,0.9670738183749337,0.0,0.032926181625066386,0,805,63,126,25368,0,0.519186440677966,0.5644067796610168
562340.7612000001,21331.490827706548,0.9670738183749337,0.0,0.032926181625066386,0,805,63,126,25368,0,0.519186440677966,0.5754237288135593
562340.7612000001,21331.490827706548,0.9670738183749337,0.0,0.032926181625066386,0,805,63,126,25368,0,0.519186440677966,0.5864406779661016
562340.7612000001,21331.490827706548,0.9670738183749337,0.0,0.032926181625066386,0,805,63,126,25368,0,0.519186440677966,0.597457627118644
562340.7612000001,21331.490827706548,0.9670738183749337,0.0,0.032926181625066386,0,805,63,126,25368,0,0.519186440677966,0.6084745762711864
562340.7612000001,21331.490827706548,0.9670738183749337,0.0,0.032926181625066386,0,805,63,126,25368,0,0.519186440677966,0.6194915254237288
562340.7612000001,21331.490827706548,0.9670738183749337,0.0,0.032926181625066386,0,805,63,126,25368,0,0.519186440677966,0.6305084745762711
562340.7612000001,21331.490827706548,0.9670738183749337,0.0,0.032926181625066386,0,805,63,126,25368,0,0.519186440677966,0.6415254237288135
566504.6629600001,21489.44173279721,0.9670738183749337,0.0006448676124724983,0.03228131401259388,17,794,57,126,25368,11,0.519186440677966,0.6525423728813559
566504.6629600001,21489.44173279721,0.9670738183749337,0.0006448676124724983,0.03228131401259388,17,794,57,126,25368,11,0.519186440677966,0.6635593220338982
571042.1222239999,21661.562939989377,0.9670738183749337,0.0012138684470070556,0.03171231317805933,32,784,52,126,25368,21,0.519186440677966,0.6745762711864406
571042.1222239999,21661.562939989377,0.9670738183749337,0.0012138684470070556,0.03171231317805933,32,784,52,126,25368,21,0.519186440677966,0.685593220338983
571986.188336,21697.3745670283,0.9670738183749337,0.0018208026705105833,0.0311053789545558,48,773,47,126,25368,32,0.519186440677966,0.6966101694915253
571986.188336,21697.3745670283,0.9670738183749337,0.0018208026705105833,0.0311053789545558,48,773,47,126,25368,32,0.519186440677966,0.7076271186440677
571986.188336,21697.3745670283,0.9670738183749337,0.0018208026705105833,0.0311053789545558,48,773,47,126,25368,32,0.519186440677966,0.7186440677966102
571986.188336,21697.3745670283,0.9670738183749337,0.0018208026705105833,0.0311053789545558,48,773,47,126,25368,32,0.519186440677966,0.7296610169491524
571986.188336,21697.3745670283,0.9670738183749337,0.0018208026705105833,0.0311053789545558,48,773,47,126,25368,32,0.519186440677966,0.7406779661016949
572400.431472,21713.08821303391,0.9670738183749337,0.0019725362263864656,0.030953645398679917,52,770,46,126,25368,35,0.519186440677966,0.7516949152542372
584236.991344,22162.089042712996,0.9670738183749337,0.0032243380623624917,0.029701843562703893,85,745,38,126,25368,60,0.519186440677966,0.7627118644067796
584236.991344,22162.089042712996,0.9670738183749337,0.0032243380623624917,0.029701843562703893,85,745,38,126,25368,60,0.519186440677966,0.7737288135593219
584236.991344,22162.089042712996,0.9670738183749337,0.0032243380623624917,0.029701843562703893,85,745,38,126,25368,60,0.519186440677966,0.7847457627118644
593945.746832,22530.375041043924,0.9670738183749337,0.0037554055079280784,0.029170776117138305,99,734,35,126,25368,71,0.519186440677966,0.7957627118644066
598163.405648,22690.36513344966,0.9670738183749337,0.004514073287307488,0.028412108337758896,119,718,31,126,25368,87,0.519186440677966,0.8067796610169491
598163.405648,22690.36513344966,0.9670738183749337,0.004514073287307488,0.028412108337758896,119,718,31,126,25368,87,0.519186440677966,0.8177966101694913
598163.405648,22690.36513344966,0.9670738183749337,0.004514073287307488,0.028412108337758896,119,718,31,126,25368,87,0.519186440677966,0.8288135593220338
600285.1244320001,22770.84911736591,0.9670738183749337,0.004741673621121311,0.028184508003945074,125,713,30,126,25368,92,0.519186440677966,0.8398305084745761
603394.99384,22888.817003262273,0.9670738183749337,0.005234807677717927,0.027691373947348455,138,702,28,126,25368,103,0.519186440677966,0.8508474576271186
603394.99384,22888.817003262273,0.9670738183749337,0.005234807677717927,0.027691373947348455,138,702,28,126,25368,103,0.519186440677966,0.8618644067796608
603394.99384,22888.817003262273,0.9670738183749337,0.005234807677717927,0.027691373947348455,138,702,28,126,25368,103,0.519186440677966,0.8728813559322033
663019.9165919999,25150.592390258706,0.9670738183749337,0.009028146574614976,0.02389803505045141,238,614,16,126,25368,191,0.519186440677966,0.8838983050847455
663019.9165919999,25150.592390258706,0.9670738183749337,0.009028146574614976,0.02389803505045141,238,614,16,126,25368,191,0.519186440677966,0.894915254237288
663019.9165919999,25150.592390258706,0.9670738183749337,0.009028146574614976,0.02389803505045141,238,614,16,126,25368,191,0.519186440677966,0.9059322033898305
663019.9165919999,25150.592390258706,0.9670738183749337,0.009028146574614976,0.02389803505045141,238,614,16,126,25368,191,0.519186440677966,0.9169491525423727
663019.9165919999,25150.592390258706,0.9670738183749337,0.009028146574614976,0.02389803505045141,238,614,16,126,25368,191,0.519186440677966,0.9279661016949152
663019.9165919999,25150.592390258706,0.9670738183749337,0.009028146574614976,0.02389803505045141,238,614,16,126,25368,191,0.519186440677966,0.9389830508474575
663019.9165919999,25150.592390258706,0.9670738183749337,0.009028146574614976,0.02389803505045141,238,614,16,126,25368,191,0.519186440677966,0.95
562340.7612000001,21331.490827706548,0.9670738183749337,0.0,0.032926181625066386,0,805,63,126,25368,0,0.5292881355932203,0.5313559322033898
562340.7612000001,21331.490827706548,0.9670738183749337,0.0,0.032926181625066386,0,805,63,126,25368,0,0.5292881355932203,0.5423728813559321
562340.7612000001,21331.490827706548,0.9670738183749337,0.0,0.032926181625066386,0,805,63,126,25368,0,0.5292881355932203,0.5533898305084746
562340.7612000001,21331.490827706548,0.9670738183749337,0.0,0.032926181625066386,0,805,63,126,25368,0,0.5292881355932203,0.5644067796610168
562340.7612000001,21331.490827706548,0.9670738183749337,0.0,0.032926181625066386,0,805,63,126,25368,0,0.5292881355932203,0.5754237288135593
562340.7612000001,21331.490827706548,0.9670738183749337,0.0,0.032926181625066386,0,805,63,126,25368,0,0.5292881355932203,0.5864406779661016
562340.7612000001,21331.490827706548,0.9670738183749337,0.0,0.032926181625066386,0,805,63,126,25368,0,0.5292881355932203,0.597457627118644
562340.7612000001,21331.490827706548,0.9670738183749337,0.0,0.032926181625066386,0,805,63,126,25368,0,0.5292881355932203,0.6084745762711864
562340.7612000001,21331.490827706548,0.9670738183749337,0.0,0.032926181625066386,0,805,63,126,25368,0,0.5292881355932203,0.6194915254237288
562340.7612000001,21331.490827706548,0.9670738183749337,0.0,0.032926181625066386,0,805,63,126,25368,0,0.5292881355932203,0.6305084745762711
562340.7612000001,21331.490827706548,0.9670738183749337,0.0,0.032926181625066386,0,805,63,126,25368,0,0.5292881355932203,0.6415254237288135
566504.6629600001,21489.44173279721,0.9670738183749337,0.0006448676124724983,0.03228131401259388,17,794,57,126,25368,11,0.5292881355932203,0.6525423728813559
566504.6629600001,21489.44173279721,0.9670738183749337,0.0006448676124724983,0.03228131401259388,17,794,57,126,25368,11,0.5292881355932203,0.6635593220338982
571042.1222239999,21661.562939989377,0.9670738183749337,0.0012138684470070556,0.03171231317805933,32,784,52,126,25368,21,0.5292881355932203,0.6745762711864406
571042.1222239999,21661.562939989377,0.9670738183749337,0.0012138684470070556,0.03171231317805933,32,784,52,126,25368,21,0.5292881355932203,0.685593220338983
571986.188336,21697.3745670283,0.9670738183749337,0.0018208026705105833,0.0311053789545558,48,773,47,126,25368,32,0.5292881355932203,0.6966101694915253
571986.188336,21697.3745670283,0.9670738183749337,0.0018208026705105833,0.0311053789545558,48,773,47,126,25368,32,0.5292881355932203,0.7076271186440677
571986.188336,21697.3745670283,0.9670738183749337,0.0018208026705105833,0.0311053789545558,48,773,47,126,25368,32,0.5292881355932203,0.7186440677966102
571986.188336,21697.3745670283,0.9670738183749337,0.0018208026705105833,0.0311053789545558,48,773,47,126,25368,32,0.5292881355932203,0.7296610169491524
571986.188336,21697.3745670283,0.9670738183749337,0.0018208026705105833,0.0311053789545558,48,773,47,126,25368,32,0.5292881355932203,0.7406779661016949
572400.431472,21713.08821303391,0.9670738183749337,0.0019725362263864656,0.030953645398679917,52,770,46,126,25368,35,0.5292881355932203,0.7516949152542372
584236.991344,22162.089042712996,0.9670738183749337,0.0032243380623624917,0.029701843562703893,85,745,38,126,25368,60,0.5292881355932203,0.7627118644067796
584236.991344,22162.089042712996,0.9670738183749337,0.0032243380623624917,0.029701843562703893,85,745,38,126,25368,60,0.5292881355932203,0.7737288135593219
584236.991344,22162.089042712996,0.9670738183749337,0.0032243380623624917,0.029701843562703893,85,745,38,126,25368,60,0.5292881355932203,0.7847457627118644
593945.746832,22530.375041043924,0.9670738183749337,0.0037554055079280784,0.029170776117138305,99,734,35,126,25368,71,0.5292881355932203,0.7957627118644066
598163.405648,22690.36513344966,0.9670738183749337,0.004514073287307488,0.028412108337758896,119,718,31,126,25368,87,0.5292881355932203,0.8067796610169491
598163.405648,22690.36513344966,0.9670738183749337,0.004514073287307488,0.028412108337758896,119,718,31,126,25368,87,0.5292881355932203,0.8177966101694913
598163.405648,22690.36513344966,0.9670738183749337,0.004514073287307488,0.028412108337758896,119,718,31,126,25368,87,0.5292881355932203,0.8288135593220338
600285.1244320001,22770.84911736591,0.9670738183749337,0.004741673621121311,0.028184508003945074,125,713,30,126,25368,92,0.5292881355932203,0.8398305084745761
603394.99384,22888.817003262273,0.9670738183749337,0.005234807677717927,0.027691373947348455,138,702,28,126,25368,103,0.5292881355932203,0.8508474576271186
603394.99384,22888.817003262273,0.9670738183749337,0.005234807677717927,0.027691373947348455,138,702,28,126,25368,103,0.5292881355932203,0.8618644067796608
603394.99384,22888.817003262273,0.9670738183749337,0.005234807677717927,0.027691373947348455,138,702,28,126,25368,103,0.5292881355932203,0.8728813559322033
663019.9165919999,25150.592390258706,0.9670738183749337,0.009028146574614976,0.02389803505045141,238,614,16,126,25368,191,0.5292881355932203,0.8838983050847455
663019.9165919999,25150.592390258706,0.9670738183749337,0.009028146574614976,0.02389803505045141,238,614,16,126,25368,191,0.5292881355932203,0.894915254237288
663019.9165919999,25150.592390258706,0.9670738183749337,0.009028146574614976,0.02389803505045141,238,614,16,126,25368,191,0.5292881355932203,0.9059322033898305
663019.9165919999,25150.592390258706,0.9670738183749337,0.009028146574614976,0.02389803505045141,238,614,16,126,25368,191,0.5292881355932203,0.9169491525423727
663019.9165919999,25150.592390258706,0.9670738183749337,0.009028146574614976,0.02389803505045141,238,614,16,126,25368,191,0.5292881355932203,0.9279661016949152
663019.9165919999,25150.592390258706,0.9670738183749337,0.009028146574614976,0.02389803505045141,238,614,16,126,25368,191,0.5292881355932203,0.9389830508474575
663019.9165919999,25150.592390258706,0.9670738183749337,0.009028146574614976,0.02389803505045141,238,614,16,126,25368,191,0.5292881355932203,0.95
562340.7612000001,21331.490827706548,0.9670738183749337,0.0,0.032926181625066386,0,805,63,126,25368,0,0.5393898305084746,0.5423728813559321
562340.7612000001,21331.490827706548,0.9670738183749337,0.0,0.032926181625066386,0,805,63,126,25368,0,0.5393898305084746,0.5533898305084746
562340.7612000001,21331.490827706548,0.9670738183749337,0.0,0.032926181625066386,0,805,63,126,25368,0,0.5393898305084746,0.5644067796610168
562340.7612000001,21331.490827706548,0.9670738183749337,0.0,0.032926181625066386,0,805,63,126,25368,0,0.5393898305084746,0.5754237288135593
562340.7612000001,21331.490827706548,0.9670738183749337,0.0,0.032926181625066386,0,805,63,126,25368,0,0.5393898305084746,0.5864406779661016
562340.7612000001,21331.490827706548,0.9670738183749337,0.0,0.032926181625066386,0,805,63,126,25368,0,0.5393898305084746,0.597457627118644
562340.7612000001,21331.490827706548,0.9670738183749337,0.0,0.032926181625066386,0,805,63,126,25368,0,0.5393898305084746,0.6084745762711864
562340.7612000001,21331.490827706548,0.9670738183749337,0.0,0.032926181625066386,0,805,63,126,25368,0,0.5393898305084746,0.6194915254237288
562340.7612000001,21331.490827706548,0.9670738183749337,0.0,0.032926181625066386,0,805,63,126,25368,0,0.5393898305084746,0.6305084745762711
562340.7612000001,21331.490827706548,0.9670738183749337,0.0,0.032926181625066386,0,805,63,126,25368,0,0.5393898305084746,0.6415254237288135
566504.6629600001,21489.44173279721,0.9670738183749337,0.0006448676124724983,0.03228131401259388,17,794,57,126,25368,11,0.5393898305084746,0.6525423728813559
566504.6629600001,21489.44173279721,0.9670738183749337,0.0006448676124724983,0.03228131401259388,17,794,57,126,25368,11,0.5393898305084746,0.6635593220338982
571042.1222239999,21661.562939989377,0.9670738183749337,0.0012138684470070556,0.03171231317805933,32,784,52,126,25368,21,0.5393898305084746,0.6745762711864406
571042.1222239999,21661.562939989377,0.9670738183749337,0.0012138684470070556,0.03171231317805933,32,784,52,126,25368,21,0.5393898305084746,0.685593220338983
571986.188336,21697.3745670283,0.9670738183749337,0.0018208026705105833,0.0311053789545558,48,773,47,126,25368,32,0.5393898305084746,0.6966101694915253
571986.188336,21697.3745670283,0.9670738183749337,0.0018208026705105833,0.0311053789545558,48,773,47,126,25368,32,0.5393898305084746,0.7076271186440677
571986.188336,21697.3745670283,0.9670738183749337,0.0018208026705105833,0.0311053789545558,48,773,47,126,25368,32,0.5393898305084746,0.7186440677966102
571986.188336,21697.3745670283,0.9670738183749337,0.0018208026705105833,0.0311053789545558,48,773,47,126,25368,32,0.5393898305084746,0.7296610169491524
571986.188336,21697.3745670283,0.9670738183749337,0.0018208026705105833,0.0311053789545558,48,773,47,126,25368,32,0.5393898305084746,0.7406779661016949
572400.431472,21713.08821303391,0.9670738183749337,0.0019725362263864656,0.030953645398679917,52,770,46,126,25368,35,0.5393898305084746,0.7516949152542372
584236.991344,22162.089042712996,0.9670738183749337,0.0032243380623624917,0.029701843562703893,85,745,38,126,25368,60,0.5393898305084746,0.7627118644067796
584236.991344,22162.089042712996,0.9670738183749337,0.0032243380623624917,0.029701843562703893,85,745,38,126,25368,60,0.5393898305084746,0.7737288135593219
584236.991344,22162.089042712996,0.9670738183749337,0.0032243380623624917,0.029701843562703893,85,745,38,126,25368,60,0.5393898305084746,0.7847457627118644
593945.746832,22530.375041043924,0.9670738183749337,0.0037554055079280784,0.029170776117138305,99,734,35,126,25368,71,0.5393898305084746,0.7957627118644066
598163.405648,22690.36513344966,0.9670738183749337,0.004514073287307488,0.028412108337758896,119,718,31,126,25368,87,0.5393898305084746,0.8067796610169491
598163.405648,22690.36513344966,0.9670738183749337,0.004514073287307488,0.028412108337758896,119,718,31,126,25368,87,0.5393898305084746,0.8177966101694913
598163.405648,22690.36513344966,0.9670738183749337,0.004514073287307488,0.028412108337758896,119,718,31,126,25368,87,0.5393898305084746,0.8288135593220338
600285.1244320001,22770.84911736591,0.9670738183749337,0.004741673621121311,0.028184508003945074,125,713,30,126,25368,92,0.5393898305084746,0.8398305084745761
603394.99384,22888.817003262273,0.9670738183749337,0.005234807677717927,0.027691373947348455,138,702,28,126,25368,103,0.5393898305084746,0.8508474576271186
603394.99384,22888.817003262273,0.9670738183749337,0.005234807677717927,0.027691373947348455,138,702,28,126,25368,103,0.5393898305084746,0.8618644067796608
603394.99384,22888.817003262273,0.9670738183749337,0.005234807677717927,0.027691373947348455,138,702,28,126,25368,103,0.5393898305084746,0.8728813559322033
663019.9165919999,25150.592390258706,0.9670738183749337,0.009028146574614976,0.02389803505045141,238,614,16,126,25368,191,0.5393898305084746,0.8838983050847455
663019.9165919999,25150.592390258706,0.9670738183749337,0.009028146574614976,0.02389803505045141,238,614,16,126,25368,191,0.5393898305084746,0.894915254237288
663019.9165919999,25150.592390258706,0.9670738183749337,0.009028146574614976,0.02389803505045141,238,614,16,126,25368,191,0.5393898305084746,0.9059322033898305
663019.9165919999,25150.592390258706,0.9670738183749337,0.009028146574614976,0.02389803505045141,238,614,16,126,25368,191,0.5393898305084746,0.9169491525423727
663019.9165919999,25150.592390258706,0.9670738183749337,0.009028146574614976,0.02389803505045141,238,614,16,126,25368,191,0.5393898305084746,0.9279661016949152
663019.9165919999,25150.592390258706,0.9670738183749337,0.009028146574614976,0.02389803505045141,238,614,16,126,25368,191,0.5393898305084746,0.9389830508474575
663019.9165919999,25150.592390258706,0.9670738183749337,0.009028146574614976,0.02389803505045141,238,614,16,126,25368,191,0.5393898305084746,0.95
562340.7612000001,21331.490827706548,0.9670738183749337,0.0,0.032926181625066386,0,805,63,126,25368,0,0.5494915254237288,0.5533898305084746
562340.7612000001,21331.490827706548,0.9670738183749337,0.0,0.032926181625066386,0,805,63,126,25368,0,0.5494915254237288,0.5644067796610168
562340.7612000001,21331.490827706548,0.9670738183749337,0.0,0.032926181625066386,0,805,63,126,25368,0,0.5494915254237288,0.5754237288135593
562340.7612000001,21331.490827706548,0.9670738183749337,0.0,0.032926181625066386,0,805,63,126,25368,0,0.5494915254237288,0.5864406779661016
562340.7612000001,21331.490827706548,0.9670738183749337,0.0,0.032926181625066386,0,805,63,126,25368,0,0.5494915254237288,0.597457627118644
562340.7612000001,21331.490827706548,0.9670738183749337,0.0,0.032926181625066386,0,805,63,126,25368,0,0.5494915254237288,0.6084745762711864
562340.7612000001,21331.490827706548,0.9670738183749337,0.0,0.032926181625066386,0,805,63,126,25368,0,0.5494915254237288,0.6194915254237288
562340.7612000001,21331.490827706548,0.9670738183749337,0.0,0.032926181625066386,0,805,63,126,25368,0,0.5494915254237288,0.6305084745762711
562340.7612000001,21331.490827706548,0.9670738183749337,0.0,0.032926181625066386,0,805,63,126,25368,0,0.5494915254237288,0.6415254237288135
566504.6629600001,21489.44173279721,0.9670738183749337,0.0006448676124724983,0.03228131401259388,17,794,57,126,25368,11,0.5494915254237288,0.6525423728813559
566504.6629600001,21489.44173279721,0.9670738183749337,0.0006448676124724983,0.03228131401259388,17,794,57,126,25368,11,0.5494915254237288,0.6635593220338982
571042.1222239999,21661.562939989377,0.9670738183749337,0.0012138684470070556,0.03171231317805933,32,784,52,126,25368,21,0.5494915254237288,0.6745762711864406
571042.1222239999,21661.562939989377,0.9670738183749337,0.0012138684470070556,0.03171231317805933,32,784,52,126,25368,21,0.5494915254237288,0.685593220338983
571986.188336,21697.3745670283,0.9670738183749337,0.0018208026705105833,0.0311053789545558,48,773,47,126,25368,32,0.5494915254237288,0.6966101694915253
571986.188336,21697.3745670283,0.9670738183749337,0.0018208026705105833,0.0311053789545558,48,773,47,126,25368,32,0.5494915254237288,0.7076271186440677
571986.188336,21697.3745670283,0.9670738183749337,0.0018208026705105833,0.0311053789545558,48,773,47,126,25368,32,0.5494915254237288,0.7186440677966102
571986.188336,21697.3745670283,0.9670738183749337,0.0018208026705105833,0.0311053789545558,48,773,47,126,25368,32,0.5494915254237288,0.7296610169491524
571986.188336,21697.3745670283,0.9670738183749337,0.0018208026705105833,0.0311053789545558,48,773,47,126,25368,32,0.5494915254237288,0.7406779661016949
572400.431472,21713.08821303391,0.9670738183749337,0.0019725362263864656,0.030953645398679917,52,770,46,126,25368,35,0.5494915254237288,0.7516949152542372
584236.991344,22162.089042712996,0.9670738183749337,0.0032243380623624917,0.029701843562703893,85,745,38,126,25368,60,0.5494915254237288,0.7627118644067796
584236.991344,22162.089042712996,0.9670738183749337,0.0032243380623624917,0.029701843562703893,85,745,38,126,25368,60,0.5494915254237288,0.7737288135593219
584236.991344,22162.089042712996,0.9670738183749337,0.0032243380623624917,0.029701843562703893,85,745,38,126,25368,60,0.5494915254237288,0.7847457627118644
593945.746832,22530.375041043924,0.9670738183749337,0.0037554055079280784,0.029170776117138305,99,734,35,126,25368,71,0.5494915254237288,0.7957627118644066
598163.405648,22690.36513344966,0.9670738183749337,0.004514073287307488,0.028412108337758896,119,718,31,126,25368,87,0.5494915254237288,0.8067796610169491
598163.405648,22690.36513344966,0.9670738183749337,0.004514073287307488,0.028412108337758896,119,718,31,126,25368,87,0.5494915254237288,0.8177966101694913
598163.405648,22690.36513344966,0.9670738183749337,0.004514073287307488,0.028412108337758896,119,718,31,126,25368,87,0.5494915254237288,0.8288135593220338
600285.1244320001,22770.84911736591,0.9670738183749337,0.004741673621121311,0.028184508003945074,125,713,30,126,25368,92,0.5494915254237288,0.8398305084745761
603394.99384,22888.817003262273,0.9670738183749337,0.005234807677717927,0.027691373947348455,138,702,28,126,25368,103,0.5494915254237288,0.8508474576271186
603394.99384,22888.817003262273,0.9670738183749337,0.005234807677717927,0.027691373947348455,138,702,28,126,25368,103,0.5494915254237288,0.8618644067796608
603394.99384,22888.817003262273,0.9670738183749337,0.005234807677717927,0.027691373947348455,138,702,28,126,25368,103,0.5494915254237288,0.8728813559322033
663019.9165919999,25150.592390258706,0.9670738183749337,0.009028146574614976,0.02389803505045141,238,614,16,126,25368,191,0.5494915254237288,0.8838983050847455
663019.9165919999,25150.592390258706,0.9670738183749337,0.009028146574614976,0.02389803505045141,238,614,16,126,25368,191,0.5494915254237288,0.894915254237288
663019.9165919999,25150.592390258706,0.9670738183749337,0.009028146574614976,0.02389803505045141,238,614,16,126,25368,191,0.5494915254237288,0.9059322033898305
663019.9165919999,25150.592390258706,0.9670738183749337,0.009028146574614976,0.02389803505045141,238,614,16,126,25368,191,0.5494915254237288,0.9169491525423727
663019.9165919999,25150.592390258706,0.9670738183749337,0.009028146574614976,0.02389803505045141,238,614,16,126,25368,191,0.5494915254237288,0.9279661016949152
663019.9165919999,25150.592390258706,0.9670738183749337,0.009028146574614976,0.02389803505045141,238,614,16,126,25368,191,0.5494915254237288,0.9389830508474575
663019.9165919999,25150.592390258706,0.9670738183749337,0.009028146574614976,0.02389803505045141,238,614,16,126,25368,191,0.5494915254237288,0.95
562340.7612000001,21331.490827706548,0.9670738183749337,0.0,0.032926181625066386,0,805,63,126,25368,0,0.5595932203389831,0.5644067796610168
562340.7612000001,21331.490827706548,0.9670738183749337,0.0,0.032926181625066386,0,805,63,126,25368,0,0.5595932203389831,0.5754237288135593
562340.7612000001,21331.490827706548,0.9670738183749337,0.0,0.032926181625066386,0,805,63,126,25368,0,0.5595932203389831,0.5864406779661016
562340.7612000001,21331.490827706548,0.9670738183749337,0.0,0.032926181625066386,0,805,63,126,25368,0,0.5595932203389831,0.597457627118644
562340.7612000001,21331.490827706548,0.9670738183749337,0.0,0.032926181625066386,0,805,63,126,25368,0,0.5595932203389831,0.6084745762711864
562340.7612000001,21331.490827706548,0.9670738183749337,0.0,0.032926181625066386,0,805,63,126,25368,0,0.5595932203389831,0.6194915254237288
562340.7612000001,21331.490827706548,0.9670738183749337,0.0,0.032926181625066386,0,805,63,126,25368,0,0.5595932203389831,0.6305084745762711
562340.7612000001,21331.490827706548,0.9670738183749337,0.0,0.032926181625066386,0,805,63,126,25368,0,0.5595932203389831,0.6415254237288135
566504.6629600001,21489.44173279721,0.9670738183749337,0.0006448676124724983,0.03228131401259388,17,794,57,126,25368,11,0.5595932203389831,0.6525423728813559
566504.6629600001,21489.44173279721,0.9670738183749337,0.0006448676124724983,0.03228131401259388,17,794,57,126,25368,11,0.5595932203389831,0.6635593220338982
571042.1222239999,21661.562939989377,0.9670738183749337,0.0012138684470070556,0.03171231317805933,32,784,52,126,25368,21,0.5595932203389831,0.6745762711864406
571042.1222239999,21661.562939989377,0.9670738183749337,0.0012138684470070556,0.03171231317805933,32,784,52,126,25368,21,0.5595932203389831,0.685593220338983
571986.188336,21697.3745670283,0.9670738183749337,0.0018208026705105833,0.0311053789545558,48,773,47,126,25368,32,0.5595932203389831,0.6966101694915253
571986.188336,21697.3745670283,0.9670738183749337,0.0018208026705105833,0.0311053789545558,48,773,47,126,25368,32,0.5595932203389831,0.7076271186440677
571986.188336,21697.3745670283,0.9670738183749337,0.0018208026705105833,0.0311053789545558,48,773,47,126,25368,32,0.5595932203389831,0.7186440677966102
571986.188336,21697.3745670283,0.9670738183749337,0.0018208026705105833,0.0311053789545558,48,773,47,126,25368,32,0.5595932203389831,0.7296610169491524
571986.188336,21697.3745670283,0.9670738183749337,0.0018208026705105833,0.0311053789545558,48,773,47,126,25368,32,0.5595932203389831,0.7406779661016949
572400.431472,21713.08821303391,0.9670738183749337,0.0019725362263864656,0.030953645398679917,52,770,46,126,25368,35,0.5595932203389831,0.7516949152542372
584236.991344,22162.089042712996,0.9670738183749337,0.0032243380623624917,0.029701843562703893,85,745,38,126,25368,60,0.5595932203389831,0.7627118644067796
584236.991344,22162.089042712996,0.9670738183749337,0.0032243380623624917,0.029701843562703893,85,745,38,126,25368,60,0.5595932203389831,0.7737288135593219
584236.991344,22162.089042712996,0.9670738183749337,0.0032243380623624917,0.029701843562703893,85,745,38,126,25368,60,0.5595932203389831,0.7847457627118644
593945.746832,22530.375041043924,0.9670738183749337,0.0037554055079280784,0.029170776117138305,99,734,35,126,25368,71,0.5595932203389831,0.7957627118644066
598163.405648,22690.36513344966,0.9670738183749337,0.004514073287307488,0.028412108337758896,119,718,31,126,25368,87,0.5595932203389831,0.8067796610169491
598163.405648,22690.36513344966,0.9670738183749337,0.004514073287307488,0.028412108337758896,119,718,31,126,25368,87,0.5595932203389831,0.8177966101694913
598163.405648,22690.36513344966,0.9670738183749337,0.004514073287307488,0.028412108337758896,119,718,31,126,25368,87,0.5595932203389831,0.8288135593220338
600285.1244320001,22770.84911736591,0.9670738183749337,0.004741673621121311,0.028184508003945074,125,713,30,126,25368,92,0.5595932203389831,0.8398305084745761
603394.99384,22888.817003262273,0.9670738183749337,0.005234807677717927,0.027691373947348455,138,702,28,126,25368,103,0.5595932203389831,0.8508474576271186
603394.99384,22888.817003262273,0.9670738183749337,0.005234807677717927,0.027691373947348455,138,702,28,126,25368,103,0.5595932203389831,0.8618644067796608
603394.99384,22888.817003262273,0.9670738183749337,0.005234807677717927,0.027691373947348455,138,702,28,126,25368,103,0.5595932203389831,0.8728813559322033
663019.9165919999,25150.592390258706,0.9670738183749337,0.009028146574614976,0.02389803505045141,238,614,16,126,25368,191,0.5595932203389831,0.8838983050847455
663019.9165919999,25150.592390258706,0.9670738183749337,0.009028146574614976,0.02389803505045141,238,614,16,126,25368,191,0.5595932203389831,0.894915254237288
663019.9165919999,25150.592390258706,0.9670738183749337,0.009028146574614976,0.02389803505045141,238,614,16,126,25368,191,0.5595932203389831,0.9059322033898305
663019.9165919999,25150.592390258706,0.9670738183749337,0.009028146574614976,0.02389803505045141,238,614,16,126,25368,191,0.5595932203389831,0.9169491525423727
663019.9165919999,25150.592390258706,0.9670738183749337,0.009028146574614976,0.02389803505045141,238,614,16,126,25368,191,0.5595932203389831,0.9279661016949152
663019.9165919999,25150.592390258706,0.9670738183749337,0.009028146574614976,0.02389803505045141,238,614,16,126,25368,191,0.5595932203389831,0.9389830508474575
663019.9165919999,25150.592390258706,0.9670738183749337,0.009028146574614976,0.02389803505045141,238,614,16,126,25368,191,0.5595932203389831,0.95
562340.7612000001,21331.490827706548,0.9670738183749337,0.0,0.032926181625066386,0,805,63,126,25368,0,0.5696949152542372,0.5754237288135593
562340.7612000001,21331.490827706548,0.9670738183749337,0.0,0.032926181625066386,0,805,63,126,25368,0,0.5696949152542372,0.5864406779661016
562340.7612000001,21331.490827706548,0.9670738183749337,0.0,0.032926181625066386,0,805,63,126,25368,0,0.5696949152542372,0.597457627118644
562340.7612000001,21331.490827706548,0.9670738183749337,0.0,0.032926181625066386,0,805,63,126,25368,0,0.5696949152542372,0.6084745762711864
562340.7612000001,21331.490827706548,0.9670738183749337,0.0,0.032926181625066386,0,805,63,126,25368,0,0.5696949152542372,0.6194915254237288
562340.7612000001,21331.490827706548,0.9670738183749337,0.0,0.032926181625066386,0,805,63,126,25368,0,0.5696949152542372,0.6305084745762711
562340.7612000001,21331.490827706548,0.9670738183749337,0.0,0.032926181625066386,0,805,63,126,25368,0,0.5696949152542372,0.6415254237288135
566504.6629600001,21489.44173279721,0.9670738183749337,0.0006448676124724983,0.03228131401259388,17,794,57,126,25368,11,0.5696949152542372,0.6525423728813559
566504.6629600001,21489.44173279721,0.9670738183749337,0.0006448676124724983,0.03228131401259388,17,794,57,126,25368,11,0.5696949152542372,0.6635593220338982
571042.1222239999,21661.562939989377,0.9670738183749337,0.0012138684470070556,0.03171231317805933,32,784,52,126,25368,21,0.5696949152542372,0.6745762711864406
571042.1222239999,21661.562939989377,0.9670738183749337,0.0012138684470070556,0.03171231317805933,32,784,52,126,25368,21,0.5696949152542372,0.685593220338983
571986.188336,21697.3745670283,0.9670738183749337,0.0018208026705105833,0.0311053789545558,48,773,47,126,25368,32,0.5696949152542372,0.6966101694915253
571986.188336,21697.3745670283,0.9670738183749337,0.0018208026705105833,0.0311053789545558,48,773,47,126,25368,32,0.5696949152542372,0.7076271186440677
571986.188336,21697.3745670283,0.9670738183749337,0.0018208026705105833,0.0311053789545558,48,773,47,126,25368,32,0.5696949152542372,0.7186440677966102
571986.188336,21697.3745670283,0.9670738183749337,0.0018208026705105833,0.0311053789545558,48,773,47,126,25368,32,0.5696949152542372,0.7296610169491524
571986.188336,21697.3745670283,0.9670738183749337,0.0018208026705105833,0.0311053789545558,48,773,47,126,25368,32,0.5696949152542372,0.7406779661016949
572400.431472,21713.08821303391,0.9670738183749337,0.0019725362263864656,0.030953645398679917,52,770,46,126,25368,35,0.5696949152542372,0.7516949152542372
584236.991344,22162.089042712996,0.9670738183749337,0.0032243380623624917,0.029701843562703893,85,745,38,126,25368,60,0.5696949152542372,0.7627118644067796
584236.991344,22162.089042712996,0.9670738183749337,0.0032243380623624917,0.029701843562703893,85,745,38,126,25368,60,0.5696949152542372,0.7737288135593219
584236.991344,22162.089042712996,0.9670738183749337,0.0032243380623624917,0.029701843562703893,85,745,38,126,25368,60,0.5696949152542372,0.7847457627118644
593945.746832,22530.375041043924,0.9670738183749337,0.0037554055079280784,0.029170776117138305,99,734,35,126,25368,71,0.5696949152542372,0.7957627118644066
598163.405648,22690.36513344966,0.9670738183749337,0.004514073287307488,0.028412108337758896,119,718,31,126,25368,87,0.5696949152542372,0.8067796610169491
598163.405648,22690.36513344966,0.9670738183749337,0.004514073287307488,0.028412108337758896,119,718,31,126,25368,87,0.5696949152542372,0.8177966101694913
598163.405648,22690.36513344966,0.9670738183749337,0.004514073287307488,0.028412108337758896,119,718,31,126,25368,87,0.5696949152542372,0.8288135593220338
600285.1244320001,22770.84911736591,0.9670738183749337,0.004741673621121311,0.028184508003945074,125,713,30,126,25368,92,0.5696949152542372,0.8398305084745761
603394.99384,22888.817003262273,0.9670738183749337,0.005234807677717927,0.027691373947348455,138,702,28,126,25368,103,0.5696949152542372,0.8508474576271186
603394.99384,22888.817003262273,0.9670738183749337,0.005234807677717927,0.027691373947348455,138,702,28,126,25368,103,0.5696949152542372,0.8618644067796608
603394.99384,22888.817003262273,0.9670738183749337,0.005234807677717927,0.027691373947348455,138,702,28,126,25368,103,0.5696949152542372,0.8728813559322033
663019.9165919999,25150.592390258706,0.9670738183749337,0.009028146574614976,0.02389803505045141,238,614,16,126,25368,191,0.5696949152542372,0.8838983050847455
663019.9165919999,25150.592390258706,0.9670738183749337,0.009028146574614976,0.02389803505045141,238,614,16,126,25368,191,0.5696949152542372,0.894915254237288
663019.9165919999,25150.592390258706,0.9670738183749337,0.009028146574614976,0.02389803505045141,238,614,16,126,25368,191,0.5696949152542372,0.9059322033898305
663019.9165919999,25150.592390258706,0.9670738183749337,0.009028146574614976,0.02389803505045141,238,614,16,126,25368,191,0.5696949152542372,0.9169491525423727
663019.9165919999,25150.592390258706,0.9670738183749337,0.009028146574614976,0.02389803505045141,238,614,16,126,25368,191,0.5696949152542372,0.9279661016949152
663019.9165919999,25150.592390258706,0.9670738183749337,0.009028146574614976,0.02389803505045141,238,614,16,126,25368,191,0.5696949152542372,0.9389830508474575
663019.9165919999,25150.592390258706,0.9670738183749337,0.009028146574614976,0.02389803505045141,238,614,16,126,25368,191,0.5696949152542372,0.95
562340.7612000001,21331.490827706548,0.9670738183749337,0.0,0.032926181625066386,0,805,63,126,25368,0,0.5797966101694915,0.5864406779661016
562340.7612000001,21331.490827706548,0.9670738183749337,0.0,0.032926181625066386,0,805,63,126,25368,0,0.5797966101694915,0.597457627118644
562340.7612000001,21331.490827706548,0.9670738183749337,0.0,0.032926181625066386,0,805,63,126,25368,0,0.5797966101694915,0.6084745762711864
562340.7612000001,21331.490827706548,0.9670738183749337,0.0,0.032926181625066386,0,805,63,126,25368,0,0.5797966101694915,0.6194915254237288
562340.7612000001,21331.490827706548,0.9670738183749337,0.0,0.032926181625066386,0,805,63,126,25368,0,0.5797966101694915,0.6305084745762711
562340.7612000001,21331.490827706548,0.9670738183749337,0.0,0.032926181625066386,0,805,63,126,25368,0,0.5797966101694915,0.6415254237288135
566504.6629600001,21489.44173279721,0.9670738183749337,0.0006448676124724983,0.03228131401259388,17,794,57,126,25368,11,0.5797966101694915,0.6525423728813559
566504.6629600001,21489.44173279721,0.9670738183749337,0.0006448676124724983,0.03228131401259388,17,794,57,126,25368,11,0.5797966101694915,0.6635593220338982
571042.1222239999,21661.562939989377,0.9670738183749337,0.0012138684470070556,0.03171231317805933,32,784,52,126,25368,21,0.5797966101694915,0.6745762711864406
571042.1222239999,21661.562939989377,0.9670738183749337,0.0012138684470070556,0.03171231317805933,32,784,52,126,25368,21,0.5797966101694915,0.685593220338983
571986.188336,21697.3745670283,0.9670738183749337,0.0018208026705105833,0.0311053789545558,48,773,47,126,25368,32,0.5797966101694915,0.6966101694915253
571986.188336,21697.3745670283,0.9670738183749337,0.0018208026705105833,0.0311053789545558,48,773,47,126,25368,32,0.5797966101694915,0.7076271186440677
571986.188336,21697.3745670283,0.9670738183749337,0.0018208026705105833,0.0311053789545558,48,773,47,126,25368,32,0.5797966101694915,0.7186440677966102
571986.188336,21697.3745670283,0.9670738183749337,0.0018208026705105833,0.0311053789545558,48,773,47,126,25368,32,0.5797966101694915,0.7296610169491524
571986.188336,21697.3745670283,0.9670738183749337,0.0018208026705105833,0.0311053789545558,48,773,47,126,25368,32,0.5797966101694915,0.7406779661016949
572400.431472,21713.08821303391,0.9670738183749337,0.0019725362263864656,0.030953645398679917,52,770,46,126,25368,35,0.5797966101694915,0.7516949152542372
584236.991344,22162.089042712996,0.9670738183749337,0.0032243380623624917,0.029701843562703893,85,745,38,126,25368,60,0.5797966101694915,0.7627118644067796
584236.991344,22162.089042712996,0.9670738183749337,0.0032243380623624917,0.029701843562703893,85,745,38,126,25368,60,0.5797966101694915,0.7737288135593219
584236.991344,22162.089042712996,0.9670738183749337,0.0032243380623624917,0.029701843562703893,85,745,38,126,25368,60,0.5797966101694915,0.7847457627118644
593945.746832,22530.375041043924,0.9670738183749337,0.0037554055079280784,0.029170776117138305,99,734,35,126,25368,71,0.5797966101694915,0.7957627118644066
598163.405648,22690.36513344966,0.9670738183749337,0.004514073287307488,0.028412108337758896,119,718,31,126,25368,87,0.5797966101694915,0.8067796610169491
598163.405648,22690.36513344966,0.9670738183749337,0.004514073287307488,0.028412108337758896,119,718,31,126,25368,87,0.5797966101694915,0.8177966101694913
598163.405648,22690.36513344966,0.9670738183749337,0.004514073287307488,0.028412108337758896,119,718,31,126,25368,87,0.5797966101694915,0.8288135593220338
600285.1244320001,22770.84911736591,0.9670738183749337,0.004741673621121311,0.028184508003945074,125,713,30,126,25368,92,0.5797966101694915,0.8398305084745761
603394.99384,22888.817003262273,0.9670738183749337,0.005234807677717927,0.027691373947348455,138,702,28,126,25368,103,0.5797966101694915,0.8508474576271186
603394.99384,22888.817003262273,0.9670738183749337,0.005234807677717927,0.027691373947348455,138,702,28,126,25368,103,0.5797966101694915,0.8618644067796608
603394.99384,22888.817003262273,0.9670738183749337,0.005234807677717927,0.027691373947348455,138,702,28,126,25368,103,0.5797966101694915,0.8728813559322033
663019.9165919999,25150.592390258706,0.9670738183749337,0.009028146574614976,0.02389803505045141,238,614,16,126,25368,191,0.5797966101694915,0.8838983050847455
663019.9165919999,25150.592390258706,0.9670738183749337,0.009028146574614976,0.02389803505045141,238,614,16,126,25368,191,0.5797966101694915,0.894915254237288
663019.9165919999,25150.592390258706,0.9670738183749337,0.009028146574614976,0.02389803505045141,238,614,16,126,25368,191,0.5797966101694915,0.9059322033898305
663019.9165919999,25150.592390258706,0.9670738183749337,0.009028146574614976,0.02389803505045141,238,614,16,126,25368,191,0.5797966101694915,0.9169491525423727
663019.9165919999,25150.592390258706,0.9670738183749337,0.009028146574614976,0.02389803505045141,238,614,16,126,25368,191,0.5797966101694915,0.9279661016949152
663019.9165919999,25150.592390258706,0.9670738183749337,0.009028146574614976,0.02389803505045141,238,614,16,126,25368,191,0.5797966101694915,0.9389830508474575
663019.9165919999,25150.592390258706,0.9670738183749337,0.009028146574614976,0.02389803505045141,238,614,16,126,25368,191,0.5797966101694915,0.95
562340.7612000001,21331.490827706548,0.9670738183749337,0.0,0.032926181625066386,0,805,63,126,25368,0,0.5898983050847457,0.597457627118644
562340.7612000001,21331.490827706548,0.9670738183749337,0.0,0.032926181625066386,0,805,63,126,25368,0,0.5898983050847457,0.6084745762711864
562340.7612000001,21331.490827706548,0.9670738183749337,0.0,0.032926181625066386,0,805,63,126,25368,0,0.5898983050847457,0.6194915254237288
562340.7612000001,21331.490827706548,0.9670738183749337,0.0,0.032926181625066386,0,805,63,126,25368,0,0.5898983050847457,0.6305084745762711
562340.7612000001,21331.490827706548,0.9670738183749337,0.0,0.032926181625066386,0,805,63,126,25368,0,0.5898983050847457,0.6415254237288135
566504.6629600001,21489.44173279721,0.9670738183749337,0.0006448676124724983,0.03228131401259388,17,794,57,126,25368,11,0.5898983050847457,0.6525423728813559
566504.6629600001,21489.44173279721,0.9670738183749337,0.0006448676124724983,0.03228131401259388,17,794,57,126,25368,11,0.5898983050847457,0.6635593220338982
571042.1222239999,21661.562939989377,0.9670738183749337,0.0012138684470070556,0.03171231317805933,32,784,52,126,25368,21,0.5898983050847457,0.6745762711864406
571042.1222239999,21661.562939989377,0.9670738183749337,0.0012138684470070556,0.03171231317805933,32,784,52,126,25368,21,0.5898983050847457,0.685593220338983
571986.188336,21697.3745670283,0.9670738183749337,0.0018208026705105833,0.0311053789545558,48,773,47,126,25368,32,0.5898983050847457,0.6966101694915253
571986.188336,21697.3745670283,0.9670738183749337,0.0018208026705105833,0.0311053789545558,48,773,47,126,25368,32,0.5898983050847457,0.7076271186440677
571986.188336,21697.3745670283,0.9670738183749337,0.0018208026705105833,0.0311053789545558,48,773,47,126,25368,32,0.5898983050847457,0.7186440677966102
571986.188336,21697.3745670283,0.9670738183749337,0.0018208026705105833,0.0311053789545558,48,773,47,126,25368,32,0.5898983050847457,0.7296610169491524
571986.188336,21697.3745670283,0.9670738183749337,0.0018208026705105833,0.0311053789545558,48,773,47,126,25368,32,0.5898983050847457,0.7406779661016949
572400.431472,21713.08821303391,0.9670738183749337,0.0019725362263864656,0.030953645398679917,52,770,46,126,25368,35,0.5898983050847457,0.7516949152542372
584236.991344,22162.089042712996,0.9670738183749337,0.0032243380623624917,0.029701843562703893,85,745,38,126,25368,60,0.5898983050847457,0.7627118644067796
584236.991344,22162.089042712996,0.9670738183749337,0.0032243380623624917,0.029701843562703893,85,745,38,126,25368,60,0.5898983050847457,0.7737288135593219
584236.991344,22162.089042712996,0.9670738183749337,0.0032243380623624917,0.029701843562703893,85,745,38,126,25368,60,0.5898983050847457,0.7847457627118644
593945.746832,22530.375041043924,0.9670738183749337,0.0037554055079280784,0.029170776117138305,99,734,35,126,25368,71,0.5898983050847457,0.7957627118644066
598163.405648,22690.36513344966,0.9670738183749337,0.004514073287307488,0.028412108337758896,119,718,31,126,25368,87,0.5898983050847457,0.8067796610169491
598163.405648,22690.36513344966,0.9670738183749337,0.004514073287307488,0.028412108337758896,119,718,31,126,25368,87,0.5898983050847457,0.8177966101694913
598163.405648,22690.36513344966,0.9670738183749337,0.004514073287307488,0.028412108337758896,119,718,31,126,25368,87,0.5898983050847457,0.8288135593220338
600285.1244320001,22770.84911736591,0.9670738183749337,0.004741673621121311,0.028184508003945074,125,713,30,126,25368,92,0.5898983050847457,0.8398305084745761
603394.99384,22888.817003262273,0.9670738183749337,0.005234807677717927,0.027691373947348455,138,702,28,126,25368,103,0.5898983050847457,0.8508474576271186
603394.99384,22888.817003262273,0.9670738183749337,0.005234807677717927,0.027691373947348455,138,702,28,126,25368,103,0.5898983050847457,0.8618644067796608
603394.99384,22888.817003262273,0.9670738183749337,0.005234807677717927,0.027691373947348455,138,702,28,126,25368,103,0.5898983050847457,0.8728813559322033
663019.9165919999,25150.592390258706,0.9670738183749337,0.009028146574614976,0.02389803505045141,238,614,16,126,25368,191,0.5898983050847457,0.8838983050847455
663019.9165919999,25150.592390258706,0.9670738183749337,0.009028146574614976,0.02389803505045141,238,614,16,126,25368,191,0.5898983050847457,0.894915254237288
663019.9165919999,25150.592390258706,0.9670738183749337,0.009028146574614976,0.02389803505045141,238,614,16,126,25368,191,0.5898983050847457,0.9059322033898305
663019.9165919999,25150.592390258706,0.9670738183749337,0.009028146574614976,0.02389803505045141,238,614,16,126,25368,191,0.5898983050847457,0.9169491525423727
663019.9165919999,25150.592390258706,0.9670738183749337,0.009028146574614976,0.02389803505045141,238,614,16,126,25368,191,0.5898983050847457,0.9279661016949152
663019.9165919999,25150.592390258706,0.9670738183749337,0.009028146574614976,0.02389803505045141,238,614,16,126,25368,191,0.5898983050847457,0.9389830508474575
663019.9165919999,25150.592390258706,0.9670738183749337,0.009028146574614976,0.02389803505045141,238,614,16,126,25368,191,0.5898983050847457,0.95
562340.7612000001,21331.490827706548,0.9670738183749337,0.0,0.032926181625066386,0,805,63,126,25368,0,0.6,0.6084745762711864
562340.7612000001,21331.490827706548,0.9670738183749337,0.0,0.032926181625066386,0,805,63,126,25368,0,0.6,0.6194915254237288
562340.7612000001,21331.490827706548,0.9670738183749337,0.0,0.032926181625066386,0,805,63,126,25368,0,0.6,0.6305084745762711
562340.7612000001,21331.490827706548,0.9670738183749337,0.0,0.032926181625066386,0,805,63,126,25368,0,0.6,0.6415254237288135
566504.6629600001,21489.44173279721,0.9670738183749337,0.0006448676124724983,0.03228131401259388,17,794,57,126,25368,11,0.6,0.6525423728813559
566504.6629600001,21489.44173279721,0.9670738183749337,0.0006448676124724983,0.03228131401259388,17,794,57,126,25368,11,0.6,0.6635593220338982
571042.1222239999,21661.562939989377,0.9670738183749337,0.0012138684470070556,0.03171231317805933,32,784,52,126,25368,21,0.6,0.6745762711864406
571042.1222239999,21661.562939989377,0.9670738183749337,0.0012138684470070556,0.03171231317805933,32,784,52,126,25368,21,0.6,0.685593220338983
571986.188336,21697.3745670283,0.9670738183749337,0.0018208026705105833,0.0311053789545558,48,773,47,126,25368,32,0.6,0.6966101694915253
571986.188336,21697.3745670283,0.9670738183749337,0.0018208026705105833,0.0311053789545558,48,773,47,126,25368,32,0.6,0.7076271186440677
571986.188336,21697.3745670283,0.9670738183749337,0.0018208026705105833,0.0311053789545558,48,773,47,126,25368,32,0.6,0.7186440677966102
571986.188336,21697.3745670283,0.9670738183749337,0.0018208026705105833,0.0311053789545558,48,773,47,126,25368,32,0.6,0.7296610169491524
571986.188336,21697.3745670283,0.9670738183749337,0.0018208026705105833,0.0311053789545558,48,773,47,126,25368,32,0.6,0.7406779661016949
572400.431472,21713.08821303391,0.9670738183749337,0.0019725362263864656,0.030953645398679917,52,770,46,126,25368,35,0.6,0.7516949152542372
584236.991344,22162.089042712996,0.9670738183749337,0.0032243380623624917,0.029701843562703893,85,745,38,126,25368,60,0.6,0.7627118644067796
584236.991344,22162.089042712996,0.9670738183749337,0.0032243380623624917,0.029701843562703893,85,745,38,126,25368,60,0.6,0.7737288135593219
584236.991344,22162.089042712996,0.9670738183749337,0.0032243380623624917,0.029701843562703893,85,745,38,126,25368,60,0.6,0.7847457627118644
593945.746832,22530.375041043924,0.9670738183749337,0.0037554055079280784,0.029170776117138305,99,734,35,126,25368,71,0.6,0.7957627118644066
598163.405648,22690.36513344966,0.9670738183749337,0.004514073287307488,0.028412108337758896,119,718,31,126,25368,87,0.6,0.8067796610169491
598163.405648,22690.36513344966,0.9670738183749337,0.004514073287307488,0.028412108337758896,119,718,31,126,25368,87,0.6,0.8177966101694913
598163.405648,22690.36513344966,0.9670738183749337,0.004514073287307488,0.028412108337758896,119,718,31,126,25368,87,0.6,0.8288135593220338
600285.1244320001,22770.84911736591,0.9670738183749337,0.004741673621121311,0.028184508003945074,125,713,30,126,25368,92,0.6,0.8398305084745761
603394.99384,22888.817003262273,0.9670738183749337,0.005234807677717927,0.027691373947348455,138,702,28,126,25368,103,0.6,0.8508474576271186
603394.99384,22888.817003262273,0.9670738183749337,0.005234807677717927,0.027691373947348455,138,702,28,126,25368,103,0.6,0.8618644067796608
603394.99384,22888.817003262273,0.9670738183749337,0.005234807677717927,0.027691373947348455,138,702,28,126,25368,103,0.6,0.8728813559322033
663019.9165919999,25150.592390258706,0.9670738183749337,0.009028146574614976,0.02389803505045141,238,614,16,126,25368,191,0.6,0.8838983050847455
663019.9165919999,25150.592390258706,0.9670738183749337,0.009028146574614976,0.02389803505045141,238,614,16,126,25368,191,0.6,0.894915254237288
663019.9165919999,25150.592390258706,0.9670738183749337,0.009028146574614976,0.02389803505045141,238,614,16,126,25368,191,0.6,0.9059322033898305
663019.9165919999,25150.592390258706,0.9670738183749337,0.009028146574614976,0.02389803505045141,238,614,16,126,25368,191,0.6,0.9169491525423727
663019.9165919999,25150.592390258706,0.9670738183749337,0.009028146574614976,0.02389803505045141,238,614,16,126,25368,191,0.6,0.9279661016949152
663019.9165919999,25150.592390258706,0.9670738183749337,0.009028146574614976,0.02389803505045141,238,614,16,126,25368,191,0.6,0.9389830508474575
663019.9165919999,25150.592390258706,0.9670738183749337,0.009028146574614976,0.02389803505045141,238,614,16,126,25368,191,0.6,0.95
