total_cost,cost_per_1000,pass_share,review_share,action_share,n_review,tp,fp,fn,tn,caught_in_review,lo,hi
1496499.065872,30041.73657750833,0.6968522905207372,0.2749829365238688,0.028164772955394067,13698,1274,129,35,34678,167,0.004,0.3
1496499.065872,30041.73657750833,0.6968522905207372,0.2749829365238688,0.028164772955394067,13698,1274,129,35,34678,167,0.004,0.31101694915254235
1490648.88184,29924.29601798691,0.6968522905207372,0.27530413136869153,0.027843578110571324,13714,1269,118,35,34678,172,0.004,0.3220338983050847
1490648.88184,29924.29601798691,0.6968522905207372,0.27530413136869153,0.027843578110571324,13714,1269,118,35,34678,172,0.004,0.3330508474576271
1477747.937776,29665.313722567953,0.6968522905207372,0.2762074918697555,0.026940217609507367,13759,1254,88,35,34678,187,0.004,0.34406779661016945
1477747.937776,29665.313722567953,0.6968522905207372,0.2762074918697555,0.026940217609507367,13759,1254,88,35,34678,187,0.004,0.3550847457627119
1477747.937776,29665.313722567953,0.6968522905207372,0.2762074918697555,0.026940217609507367,13759,1254,88,35,34678,187,0.004,0.36610169491525424
1477747.937776,29665.313722567953,0.6968522905207372,0.2762074918697555,0.026940217609507367,13759,1254,88,35,34678,187,0.004,0.3771186440677966
1477747.937776,29665.313722567953,0.6968522905207372,0.2762074918697555,0.026940217609507367,13759,1254,88,35,34678,187,0.004,0.38813559322033897
1477747.937776,29665.313722567953,0.6968522905207372,0.2762074918697555,0.026940217609507367,13759,1254,88,35,34678,187,0.004,0.39915254237288134
1477747.937776,29665.313722567953,0.6968522905207372,0.2762074918697555,0.026940217609507367,13759,1254,88,35,34678,187,0.004,0.4101694915254237
1477747.937776,29665.313722567953,0.6968522905207372,0.2762074918697555,0.026940217609507367,13759,1254,88,35,34678,187,0.004,0.42118644067796607
1481982.754224,29750.326298309712,0.6968522905207372,0.2764885373589754,0.02665917212028747,13773,1248,80,35,34678,193,0.004,0.43220338983050843
1481982.754224,29750.326298309712,0.6968522905207372,0.2764885373589754,0.02665917212028747,13773,1248,80,35,34678,193,0.004,0.4432203389830508
1481982.754224,29750.326298309712,0.6968522905207372,0.2764885373589754,0.02665917212028747,13773,1248,80,35,34678,193,0.004,0.45423728813559316
1481982.754224,29750.326298309712,0.6968522905207372,0.2764885373589754,0.02665917212028747,13773,1248,80,35,34678,193,0.004,0.46525423728813553
1481982.754224,29750.326298309712,0.6968522905207372,0.2764885373589754,0.02665917212028747,13773,1248,80,35,34678,193,0.004,0.4762711864406779
1481982.754224,29750.326298309712,0.6968522905207372,0.2764885373589754,0.02665917212028747,13773,1248,80,35,34678,193,0.004,0.48728813559322026
1481982.754224,29750.326298309712,0.6968522905207372,0.2764885373589754,0.02665917212028747,13773,1248,80,35,34678,193,0.004,0.4983050847457626
1480482.034416,29720.1998316939,0.6968522905207372,0.27664913478138675,0.026498574697876098,13781,1244,76,35,34678,197,0.004,0.5093220338983051
1480482.034416,29720.1998316939,0.6968522905207372,0.27664913478138675,0.026498574697876098,13781,1244,76,35,34678,197,0.004,0.5203389830508474
1480482.034416,29720.1998316939,0.6968522905207372,0.27664913478138675,0.026498574697876098,13781,1244,76,35,34678,197,0.004,0.5313559322033898
1480482.034416,29720.1998316939,0.6968522905207372,0.27664913478138675,0.026498574697876098,13781,1244,76,35,34678,197,0.004,0.5423728813559321
1480482.034416,29720.1998316939,0.6968522905207372,0.27664913478138675,0.026498574697876098,13781,1244,76,35,34678,197,0.004,0.5533898305084746
1480482.034416,29720.1998316939,0.6968522905207372,0.27664913478138675,0.026498574697876098,13781,1244,76,35,34678,197,0.004,0.5644067796610168
1480482.034416,29720.1998316939,0.6968522905207372,0.27664913478138675,0.026498574697876098,13781,1244,76,35,34678,197,0.004,0.5754237288135593
1480482.034416,29720.1998316939,0.6968522905207372,0.27664913478138675,0.026498574697876098,13781,1244,76,35,34678,197,0.004,0.5864406779661016
1480482.034416,29720.1998316939,0.6968522905207372,0.27664913478138675,0.026498574697876098,13781,1244,76,35,34678,197,0.004,0.597457627118644
1484473.7069919999,29800.33137254587,0.6968522905207372,0.276849881559401,0.026297827919861887,13791,1238,72,35,34678,203,0.004,0.6084745762711864
1484473.7069919999,29800.33137254587,0.6968522905207372,0.276849881559401,0.026297827919861887,13791,1238,72,35,34678,203,0.004,0.6194915254237288
1484473.7069919999,29800.33137254587,0.6968522905207372,0.276849881559401,0.026297827919861887,13791,1238,72,35,34678,203,0.004,0.6305084745762711
1484473.7069919999,29800.33137254587,0.6968522905207372,0.276849881559401,0.026297827919861887,13791,1238,72,35,34678,203,0.004,0.6415254237288135
1484473.7069919999,29800.33137254587,0.6968522905207372,0.276849881559401,0.026297827919861887,13791,1238,72,35,34678,203,0.004,0.6525423728813559
1497277.792016,30057.369253944675,0.6968522905207372,0.2773718231822379,0.025775886297024934,13817,1221,63,35,34678,220,0.004,0.6635593220338982
1497277.792016,30057.369253944675,0.6968522905207372,0.2773718231822379,0.025775886297024934,13817,1221,63,35,34678,220,0.004,0.6745762711864406
1497277.792016,30057.369253944675,0.6968522905207372,0.2773718231822379,0.025775886297024934,13817,1221,63,35,34678,220,0.004,0.685593220338983
1497277.792016,30057.369253944675,0.6968522905207372,0.2773718231822379,0.025775886297024934,13817,1221,63,35,34678,220,0.004,0.6966101694915253
1497277.792016,30057.369253944675,0.6968522905207372,0.2773718231822379,0.025775886297024934,13817,1221,63,35,34678,220,0.004,0.7076271186440677
1505813.072272,30228.712255028702,0.6968522905207372,0.277994138194082,0.02515357128518087,13848,1199,54,35,34678,242,0.004,0.7186440677966102
1505813.072272,30228.712255028702,0.6968522905207372,0.277994138194082,0.02515357128518087,13848,1199,54,35,34678,242,0.004,0.7296610169491524
1505813.072272,30228.712255028702,0.6968522905207372,0.277994138194082,0.02515357128518087,13848,1199,54,35,34678,242,0.004,0.7406779661016949
1505813.072272,30228.712255028702,0.6968522905207372,0.277994138194082,0.02515357128518087,13848,1199,54,35,34678,242,0.004,0.7516949152542372
1505813.072272,30228.712255028702,0.6968522905207372,0.277994138194082,0.02515357128518087,13848,1199,54,35,34678,242,0.004,0.7627118644067796
1543197.673072,30979.196070823462,0.6968522905207372,0.2786766772393303,0.02447103223993255,13882,1173,46,35,34678,268,0.004,0.7737288135593219
1543197.673072,30979.196070823462,0.6968522905207372,0.2786766772393303,0.02447103223993255,13882,1173,46,35,34678,268,0.004,0.7847457627118644
1543197.673072,30979.196070823462,0.6968522905207372,0.2786766772393303,0.02447103223993255,13882,1173,46,35,34678,268,0.004,0.7957627118644066
1543197.673072,30979.196070823462,0.6968522905207372,0.2786766772393303,0.02447103223993255,13882,1173,46,35,34678,268,0.004,0.8067796610169491
1543197.673072,30979.196070823462,0.6968522905207372,0.2786766772393303,0.02447103223993255,13882,1173,46,35,34678,268,0.004,0.8177966101694913
1543197.673072,30979.196070823462,0.6968522905207372,0.2786766772393303,0.02447103223993255,13882,1173,46,35,34678,268,0.004,0.8288135593220338
1543197.673072,30979.196070823462,0.6968522905207372,0.2786766772393303,0.02447103223993255,13882,1173,46,35,34678,268,0.004,0.8398305084745761
1543197.673072,30979.196070823462,0.6968522905207372,0.2786766772393303,0.02447103223993255,13882,1173,46,35,34678,268,0.004,0.8508474576271186
1551803.548016,31151.956237523587,0.6968522905207372,0.2792387682177701,0.023908941261492754,13910,1149,42,35,34678,292,0.004,0.8618644067796608
1551803.548016,31151.956237523587,0.6968522905207372,0.2792387682177701,0.023908941261492754,13910,1149,42,35,34678,292,0.004,0.8728813559322033
1551803.548016,31151.956237523587,0.6968522905207372,0.2792387682177701,0.023908941261492754,13910,1149,42,35,34678,292,0.004,0.8838983050847455
1551803.548016,31151.956237523587,0.6968522905207372,0.2792387682177701,0.023908941261492754,13910,1149,42,35,34678,292,0.004,0.894915254237288
1551803.548016,31151.956237523587,0.6968522905207372,0.2792387682177701,0.023908941261492754,13910,1149,42,35,34678,292,0.004,0.9059322033898305
1551803.548016,31151.956237523587,0.6968522905207372,0.2792387682177701,0.023908941261492754,13910,1149,42,35,34678,292,0.004,0.9169491525423727
1551803.548016,31151.956237523587,0.6968522905207372,0.2792387682177701,0.023908941261492754,13910,1149,42,35,34678,292,0.004,0.9279661016949152
1551803.548016,31151.956237523587,0.6968522905207372,0.2792387682177701,0.023908941261492754,13910,1149,42,35,34678,292,0.004,0.9389830508474575
1624446.546288,32610.241022363192,0.6968522905207372,0.28202914843216764,0.021118561047095193,14049,1017,35,35,34678,424,0.004,0.95
517885.930384,10396.393190348095,0.9326293812984302,0.03920584574617578,0.028164772955394067,1953,1274,129,98,46360,104,0.014101694915254237,0.3
517885.930384,10396.393190348095,0.9326293812984302,0.03920584574617578,0.028164772955394067,1953,1274,129,98,46360,104,0.014101694915254237,0.31101694915254235
512035.74635200005,10278.952630826676,0.9326293812984302,0.03952704059099851,0.027843578110571324,1969,1269,118,98,46360,109,0.014101694915254237,0.3220338983050847
512035.74635200005,10278.952630826676,0.9326293812984302,0.03952704059099851,0.027843578110571324,1969,1269,118,98,46360,109,0.014101694915254237,0.3330508474576271
499134.802288,10019.970335407717,0.9326293812984302,0.04043040109206247,0.026940217609507367,2014,1254,88,98,46360,124,0.014101694915254237,0.34406779661016945
499134.802288,10019.970335407717,0.9326293812984302,0.04043040109206247,0.026940217609507367,2014,1254,88,98,46360,124,0.014101694915254237,0.3550847457627119
499134.802288,10019.970335407717,0.9326293812984302,0.04043040109206247,0.026940217609507367,2014,1254,88,98,46360,124,0.014101694915254237,0.36610169491525424
499134.802288,10019.970335407717,0.9326293812984302,0.04043040109206247,0.026940217609507367,2014,1254,88,98,46360,124,0.014101694915254237,0.3771186440677966
499134.802288,10019.970335407717,0.9326293812984302,0.04043040109206247,0.026940217609507367,2014,1254,88,98,46360,124,0.014101694915254237,0.38813559322033897
499134.802288,10019.970335407717,0.9326293812984302,0.04043040109206247,0.026940217609507367,2014,1254,88,98,46360,124,0.014101694915254237,0.39915254237288134
499134.802288,10019.970335407717,0.9326293812984302,0.04043040109206247,0.026940217609507367,2014,1254,88,98,46360,124,0.014101694915254237,0.4101694915254237
499134.802288,10019.970335407717,0.9326293812984302,0.04043040109206247,0.026940217609507367,2014,1254,88,98,46360,124,0.014101694915254237,0.42118644067796607
503369.618736,10104.982911149476,0.9326293812984302,0.04071144658128237,0.02665917212028747,2028,1248,80,98,46360,130,0.014101694915254237,0.43220338983050843
503369.618736,10104.982911149476,0.9326293812984302,0.04071144658128237,0.02665917212028747,2028,1248,80,98,46360,130,0.014101694915254237,0.4432203389830508
503369.618736,10104.982911149476,0.9326293812984302,0.04071144658128237,0.02665917212028747,2028,1248,80,98,46360,130,0.014101694915254237,0.45423728813559316
503369.618736,10104.982911149476,0.9326293812984302,0.04071144658128237,0.02665917212028747,2028,1248,80,98,46360,130,0.014101694915254237,0.46525423728813553
503369.618736,10104.982911149476,0.9326293812984302,0.04071144658128237,0.02665917212028747,2028,1248,80,98,46360,130,0.014101694915254237,0.4762711864406779
503369.618736,10104.982911149476,0.9326293812984302,0.04071144658128237,0.02665917212028747,2028,1248,80,98,46360,130,0.014101694915254237,0.48728813559322026
503369.618736,10104.982911149476,0.9326293812984302,0.04071144658128237,0.02665917212028747,2028,1248,80,98,46360,130,0.014101694915254237,0.4983050847457626
501868.898928,10074.856444533665,0.9326293812984302,0.04087204400369374,0.026498574697876098,2036,1244,76,98,46360,134,0.014101694915254237,0.5093220338983051
501868.898928,10074.856444533665,0.9326293812984302,0.04087204400369374,0.026498574697876098,2036,1244,76,98,46360,134,0.014101694915254237,0.5203389830508474
501868.898928,10074.856444533665,0.9326293812984302,0.04087204400369374,0.026498574697876098,2036,1244,76,98,46360,134,0.014101694915254237,0.5313559322033898
501868.898928,10074.856444533665,0.9326293812984302,0.04087204400369374,0.026498574697876098,2036,1244,76,98,46360,134,0.014101694915254237,0.5423728813559321
501868.898928,10074.856444533665,0.9326293812984302,0.04087204400369374,0.026498574697876098,2036,1244,76,98,46360,134,0.014101694915254237,0.5533898305084746
501868.898928,10074.856444533665,0.9326293812984302,0.04087204400369374,0.026498574697876098,2036,1244,76,98,46360,134,0.014101694915254237,0.5644067796610168
501868.898928,10074.856444533665,0.9326293812984302,0.04087204400369374,0.026498574697876098,2036,1244,76,98,46360,134,0.014101694915254237,0.5754237288135593
501868.898928,10074.856444533665,0.9326293812984302,0.04087204400369374,0.026498574697876098,2036,1244,76,98,46360,134,0.014101694915254237,0.5864406779661016
501868.898928,10074.856444533665,0.9326293812984302,0.04087204400369374,0.026498574697876098,2036,1244,76,98,46360,134,0.014101694915254237,0.597457627118644
505860.571504,10154.987985385635,0.9326293812984302,0.04107279078170795,0.026297827919861887,2046,1238,72,98,46360,140,0.014101694915254237,0.6084745762711864
505860.571504,10154.987985385635,0.9326293812984302,0.04107279078170795,0.026297827919861887,2046,1238,72,98,46360,140,0.014101694915254237,0.6194915254237288
505860.571504,10154.987985385635,0.9326293812984302,0.04107279078170795,0.026297827919861887,2046,1238,72,98,46360,140,0.014101694915254237,0.6305084745762711
505860.571504,10154.987985385635,0.9326293812984302,0.04107279078170795,0.026297827919861887,2046,1238,72,98,46360,140,0.014101694915254237,0.6415254237288135
505860.571504,10154.987985385635,0.9326293812984302,0.04107279078170795,0.026297827919861887,2046,1238,72,98,46360,140,0.014101694915254237,0.6525423728813559
518664.656528,10412.025866784437,0.9326293812984302,0.04159473240454491,0.025775886297024934,2072,1221,63,98,46360,157,0.014101694915254237,0.6635593220338982
518664.656528,10412.025866784437,0.9326293812984302,0.04159473240454491,0.025775886297024934,2072,1221,63,98,46360,157,0.014101694915254237,0.6745762711864406
518664.656528,10412.025866784437,0.9326293812984302,0.04159473240454491,0.025775886297024934,2072,1221,63,98,46360,157,0.014101694915254237,0.685593220338983
518664.656528,10412.025866784437,0.9326293812984302,0.04159473240454491,0.025775886297024934,2072,1221,63,98,46360,157,0.014101694915254237,0.6966101694915253
518664.656528,10412.025866784437,0.9326293812984302,0.04159473240454491,0.025775886297024934,2072,1221,63,98,46360,157,0.014101694915254237,0.7076271186440677
527199.9367839999,10583.368867868468,0.9326293812984302,0.042217047416388966,0.02515357128518087,2103,1199,54,98,46360,179,0.014101694915254237,0.7186440677966102
527199.9367839999,10583.368867868468,0.9326293812984302,0.042217047416388966,0.02515357128518087,2103,1199,54,98,46360,179,0.014101694915254237,0.7296610169491524
527199.9367839999,10583.368867868468,0.9326293812984302,0.042217047416388966,0.02515357128518087,2103,1199,54,98,46360,179,0.014101694915254237,0.7406779661016949
527199.9367839999,10583.368867868468,0.9326293812984302,0.042217047416388966,0.02515357128518087,2103,1199,54,98,46360,179,0.014101694915254237,0.7516949152542372
527199.9367839999,10583.368867868468,0.9326293812984302,0.042217047416388966,0.02515357128518087,2103,1199,54,98,46360,179,0.014101694915254237,0.7627118644067796
564584.5375839999,11333.852683663226,0.9326293812984302,0.04289958646163729,0.02447103223993255,2137,1173,46,98,46360,205,0.014101694915254237,0.7737288135593219
564584.5375839999,11333.852683663226,0.9326293812984302,0.04289958646163729,0.02447103223993255,2137,1173,46,98,46360,205,0.014101694915254237,0.7847457627118644
564584.5375839999,11333.852683663226,0.9326293812984302,0.04289958646163729,0.02447103223993255,2137,1173,46,98,46360,205,0.014101694915254237,0.7957627118644066
564584.5375839999,11333.852683663226,0.9326293812984302,0.04289958646163729,0.02447103223993255,2137,1173,46,98,46360,205,0.014101694915254237,0.8067796610169491
564584.5375839999,11333.852683663226,0.9326293812984302,0.04289958646163729,0.02447103223993255,2137,1173,46,98,46360,205,0.014101694915254237,0.8177966101694913
564584.5375839999,11333.852683663226,0.9326293812984302,0.04289958646163729,0.02447103223993255,2137,1173,46,98,46360,205,0.014101694915254237,0.8288135593220338
564584.5375839999,11333.852683663226,0.9326293812984302,0.04289958646163729,0.02447103223993255,2137,1173,46,98,46360,205,0.014101694915254237,0.8398305084745761
564584.5375839999,11333.852683663226,0.9326293812984302,0.04289958646163729,0.02447103223993255,2137,1173,46,98,46360,205,0.014101694915254237,0.8508474576271186
573190.412528,11506.61285036335,0.9326293812984302,0.04346167744007709,0.023908941261492754,2165,1149,42,98,46360,229,0.014101694915254237,0.8618644067796608
573190.412528,11506.61285036335,0.9326293812984302,0.04346167744007709,0.023908941261492754,2165,1149,42,98,46360,229,0.014101694915254237,0.8728813559322033
573190.412528,11506.61285036335,0.9326293812984302,0.04346167744007709,0.023908941261492754,2165,1149,42,98,46360,229,0.014101694915254237,0.8838983050847455
573190.412528,11506.61285036335,0.9326293812984302,0.04346167744007709,0.023908941261492754,2165,1149,42,98,46360,229,0.014101694915254237,0.894915254237288
573190.412528,11506.61285036335,0.9326293812984302,0.04346167744007709,0.023908941261492754,2165,1149,42,98,46360,229,0.014101694915254237,0.9059322033898305
573190.412528,11506.61285036335,0.9326293812984302,0.04346167744007709,0.023908941261492754,2165,1149,42,98,46360,229,0.014101694915254237,0.9169491525423727
573190.412528,11506.61285036335,0.9326293812984302,0.04346167744007709,0.023908941261492754,2165,1149,42,98,46360,229,0.014101694915254237,0.9279661016949152
573190.412528,11506.61285036335,0.9326293812984302,0.04346167744007709,0.023908941261492754,2165,1149,42,98,46360,229,0.014101694915254237,0.9389830508474575
645833.4108,12964.897635202953,0.9326293812984302,0.04625205765447465,0.021118561047095193,2304,1017,35,98,46360,361,0.014101694915254237,0.95
482212.69297599996,9680.264443248885,0.9487894969285743,0.023045730116031636,0.028164772955394067,1148,1274,129,114,47149,88,0.024203389830508473,0.3
482212.69297599996,9680.264443248885,0.9487894969285743,0.023045730116031636,0.028164772955394067,1148,1274,129,114,47149,88,0.024203389830508473,0.31101694915254235
476362.508944,9562.823883727466,0.9487894969285743,0.02336692496085438,0.027843578110571324,1164,1269,118,114,47149,93,0.024203389830508473,0.3220338983050847
476362.508944,9562.823883727466,0.9487894969285743,0.02336692496085438,0.027843578110571324,1164,1269,118,114,47149,93,0.024203389830508473,0.3330508474576271
463461.56487999996,9303.841588308505,0.9487894969285743,0.024270285461918336,0.026940217609507367,1209,1254,88,114,47149,108,0.024203389830508473,0.34406779661016945
463461.56487999996,9303.841588308505,0.9487894969285743,0.024270285461918336,0.026940217609507367,1209,1254,88,114,47149,108,0.024203389830508473,0.3550847457627119
463461.56487999996,9303.841588308505,0.9487894969285743,0.024270285461918336,0.026940217609507367,1209,1254,88,114,47149,108,0.024203389830508473,0.36610169491525424
463461.56487999996,9303.841588308505,0.9487894969285743,0.024270285461918336,0.026940217609507367,1209,1254,88,114,47149,108,0.024203389830508473,0.3771186440677966
463461.56487999996,9303.841588308505,0.9487894969285743,0.024270285461918336,0.026940217609507367,1209,1254,88,114,47149,108,0.024203389830508473,0.38813559322033897
463461.56487999996,9303.841588308505,0.9487894969285743,0.024270285461918336,0.026940217609507367,1209,1254,88,114,47149,108,0.024203389830508473,0.39915254237288134
463461.56487999996,9303.841588308505,0.9487894969285743,0.024270285461918336,0.026940217609507367,1209,1254,88,114,47149,108,0.024203389830508473,0.4101694915254237
463461.56487999996,9303.841588308505,0.9487894969285743,0.024270285461918336,0.026940217609507367,1209,1254,88,114,47149,108,0.024203389830508473,0.42118644067796607
467696.381328,9388.854164050266,0.9487894969285743,0.024551330951138234,0.02665917212028747,1223,1248,80,114,47149,114,0.024203389830508473,0.43220338983050843
467696.381328,9388.854164050266,0.9487894969285743,0.024551330951138234,0.02665917212028747,1223,1248,80,114,47149,114,0.024203389830508473,0.4432203389830508
467696.381328,9388.854164050266,0.9487894969285743,0.024551330951138234,0.02665917212028747,1223,1248,80,114,47149,114,0.024203389830508473,0.45423728813559316
467696.381328,9388.854164050266,0.9487894969285743,0.024551330951138234,0.02665917212028747,1223,1248,80,114,47149,114,0.024203389830508473,0.46525423728813553
467696.381328,9388.854164050266,0.9487894969285743,0.024551330951138234,0.02665917212028747,1223,1248,80,114,47149,114,0.024203389830508473,0.4762711864406779
467696.381328,9388.854164050266,0.9487894969285743,0.024551330951138234,0.02665917212028747,1223,1248,80,114,47149,114,0.024203389830508473,0.48728813559322026
467696.381328,9388.854164050266,0.9487894969285743,0.024551330951138234,0.02665917212028747,1223,1248,80,114,47149,114,0.024203389830508473,0.4983050847457626
466195.66151999997,9358.727697434455,0.9487894969285743,0.024711928373549606,0.026498574697876098,1231,1244,76,114,47149,118,0.024203389830508473,0.5093220338983051
466195.66151999997,9358.727697434455,0.9487894969285743,0.024711928373549606,0.026498574697876098,1231,1244,76,114,47149,118,0.024203389830508473,0.5203389830508474
466195.66151999997,9358.727697434455,0.9487894969285743,0.024711928373549606,0.026498574697876098,1231,1244,76,114,47149,118,0.024203389830508473,0.5313559322033898
466195.66151999997,9358.727697434455,0.9487894969285743,0.024711928373549606,0.026498574697876098,1231,1244,76,114,47149,118,0.024203389830508473,0.5423728813559321
466195.66151999997,9358.727697434455,0.9487894969285743,0.024711928373549606,0.026498574697876098,1231,1244,76,114,47149,118,0.024203389830508473,0.5533898305084746
466195.66151999997,9358.727697434455,0.9487894969285743,0.024711928373549606,0.026498574697876098,1231,1244,76,114,47149,118,0.024203389830508473,0.5644067796610168
466195.66151999997,9358.727697434455,0.9487894969285743,0.024711928373549606,0.026498574697876098,1231,1244,76,114,47149,118,0.024203389830508473,0.5754237288135593
466195.66151999997,9358.727697434455,0.9487894969285743,0.024711928373549606,0.026498574697876098,1231,1244,76,114,47149,118,0.024203389830508473,0.5864406779661016
466195.66151999997,9358.727697434455,0.9487894969285743,0.024711928373549606,0.026498574697876098,1231,1244,76,114,47149,118,0.024203389830508473,0.597457627118644
470187.33409599995,9438.859238286424,0.9487894969285743,0.024912675151563816,0.026297827919861887,1241,1238,72,114,47149,124,0.024203389830508473,0.6084745762711864
470187.33409599995,9438.859238286424,0.9487894969285743,0.024912675151563816,0.026297827919861887,1241,1238,72,114,47149,124,0.024203389830508473,0.6194915254237288
470187.33409599995,9438.859238286424,0.9487894969285743,0.024912675151563816,0.026297827919861887,1241,1238,72,114,47149,124,0.024203389830508473,0.6305084745762711
470187.33409599995,9438.859238286424,0.9487894969285743,0.024912675151563816,0.026297827919861887,1241,1238,72,114,47149,124,0.024203389830508473,0.6415254237288135
470187.33409599995,9438.859238286424,0.9487894969285743,0.024912675151563816,0.026297827919861887,1241,1238,72,114,47149,124,0.024203389830508473,0.6525423728813559
482991.41912,9695.897119685229,0.9487894969285743,0.02543461677440077,0.025775886297024934,1267,1221,63,114,47149,141,0.024203389830508473,0.6635593220338982
482991.41912,9695.897119685229,0.9487894969285743,0.02543461677440077,0.025775886297024934,1267,1221,63,114,47149,141,0.024203389830508473,0.6745762711864406
482991.41912,9695.897119685229,0.9487894969285743,0.02543461677440077,0.025775886297024934,1267,1221,63,114,47149,141,0.024203389830508473,0.685593220338983
482991.41912,9695.897119685229,0.9487894969285743,0.02543461677440077,0.025775886297024934,1267,1221,63,114,47149,141,0.024203389830508473,0.6966101694915253
482991.41912,9695.897119685229,0.9487894969285743,0.02543461677440077,0.025775886297024934,1267,1221,63,114,47149,141,0.024203389830508473,0.7076271186440677
491526.699376,9867.240120769262,0.9487894969285743,0.02605693178624483,0.02515357128518087,1298,1199,54,114,47149,163,0.024203389830508473,0.7186440677966102
491526.699376,9867.240120769262,0.9487894969285743,0.02605693178624483,0.02515357128518087,1298,1199,54,114,47149,163,0.024203389830508473,0.7296610169491524
491526.699376,9867.240120769262,0.9487894969285743,0.02605693178624483,0.02515357128518087,1298,1199,54,114,47149,163,0.024203389830508473,0.7406779661016949
491526.699376,9867.240120769262,0.9487894969285743,0.02605693178624483,0.02515357128518087,1298,1199,54,114,47149,163,0.024203389830508473,0.7516949152542372
491526.699376,9867.240120769262,0.9487894969285743,0.02605693178624483,0.02515357128518087,1298,1199,54,114,47149,163,0.024203389830508473,0.7627118644067796
528911.300176,10617.723936564018,0.9487894969285743,0.026739470831493153,0.02447103223993255,1332,1173,46,114,47149,189,0.024203389830508473,0.7737288135593219
528911.300176,10617.723936564018,0.9487894969285743,0.026739470831493153,0.02447103223993255,1332,1173,46,114,47149,189,0.024203389830508473,0.7847457627118644
528911.300176,10617.723936564018,0.9487894969285743,0.026739470831493153,0.02447103223993255,1332,1173,46,114,47149,189,0.024203389830508473,0.7957627118644066
528911.300176,10617.723936564018,0.9487894969285743,0.026739470831493153,0.02447103223993255,1332,1173,46,114,47149,189,0.024203389830508473,0.8067796610169491
528911.300176,10617.723936564018,0.9487894969285743,0.026739470831493153,0.02447103223993255,1332,1173,46,114,47149,189,0.024203389830508473,0.8177966101694913
528911.300176,10617.723936564018,0.9487894969285743,0.026739470831493153,0.02447103223993255,1332,1173,46,114,47149,189,0.024203389830508473,0.8288135593220338
528911.300176,10617.723936564018,0.9487894969285743,0.026739470831493153,0.02447103223993255,1332,1173,46,114,47149,189,0.024203389830508473,0.8398305084745761
528911.300176,10617.723936564018,0.9487894969285743,0.026739470831493153,0.02447103223993255,1332,1173,46,114,47149,189,0.024203389830508473,0.8508474576271186
537517.17512,10790.484103264143,0.9487894969285743,0.02730156180993295,0.023908941261492754,1360,1149,42,114,47149,213,0.024203389830508473,0.8618644067796608
537517.17512,10790.484103264143,0.9487894969285743,0.02730156180993295,0.023908941261492754,1360,1149,42,114,47149,213,0.024203389830508473,0.8728813559322033
537517.17512,10790.484103264143,0.9487894969285743,0.02730156180993295,0.023908941261492754,1360,1149,42,114,47149,213,0.024203389830508473,0.8838983050847455
537517.17512,10790.484103264143,0.9487894969285743,0.02730156180993295,0.023908941261492754,1360,1149,42,114,47149,213,0.024203389830508473,0.894915254237288
537517.17512,10790.484103264143,0.9487894969285743,0.02730156180993295,0.023908941261492754,1360,1149,42,114,47149,213,0.024203389830508473,0.9059322033898305
537517.17512,10790.484103264143,0.9487894969285743,0.02730156180993295,0.023908941261492754,1360,1149,42,114,47149,213,0.024203389830508473,0.9169491525423727
537517.17512,10790.484103264143,0.9487894969285743,0.02730156180993295,0.023908941261492754,1360,1149,42,114,47149,213,0.024203389830508473,0.9279661016949152
537517.17512,10790.484103264143,0.9487894969285743,0.02730156180993295,0.023908941261492754,1360,1149,42,114,47149,213,0.024203389830508473,0.9389830508474575
610160.1733919999,12248.768888103743,0.9487894969285743,0.03009194202433051,0.021118561047095193,1499,1017,35,114,47149,345,0.024203389830508473,0.95
476962.06041599996,9574.859686353233,0.9518006985987875,0.020034528445818444,0.028164772955394067,998,1274,129,118,47295,84,0.034305084745762715,0.3
476962.06041599996,9574.859686353233,0.9518006985987875,0.020034528445818444,0.028164772955394067,998,1274,129,118,47295,84,0.034305084745762715,0.31101694915254235
471111.876384,9457.419126831814,0.9518006985987875,0.020355723290641184,0.027843578110571324,1014,1269,118,118,47295,89,0.034305084745762715,0.3220338983050847
471111.876384,9457.419126831814,0.9518006985987875,0.020355723290641184,0.027843578110571324,1014,1269,118,118,47295,89,0.034305084745762715,0.3330508474576271
458210.93231999996,9198.436831412855,0.9518006985987875,0.021259083791705144,0.026940217609507367,1059,1254,88,118,47295,104,0.034305084745762715,0.34406779661016945
458210.93231999996,9198.436831412855,0.9518006985987875,0.021259083791705144,0.026940217609507367,1059,1254,88,118,47295,104,0.034305084745762715,0.3550847457627119
458210.93231999996,9198.436831412855,0.9518006985987875,0.021259083791705144,0.026940217609507367,1059,1254,88,118,47295,104,0.034305084745762715,0.36610169491525424
458210.93231999996,9198.436831412855,0.9518006985987875,0.021259083791705144,0.026940217609507367,1059,1254,88,118,47295,104,0.034305084745762715,0.3771186440677966
458210.93231999996,9198.436831412855,0.9518006985987875,0.021259083791705144,0.026940217609507367,1059,1254,88,118,47295,104,0.034305084745762715,0.38813559322033897
458210.93231999996,9198.436831412855,0.9518006985987875,0.021259083791705144,0.026940217609507367,1059,1254,88,118,47295,104,0.034305084745762715,0.39915254237288134
458210.93231999996,9198.436831412855,0.9518006985987875,0.021259083791705144,0.026940217609507367,1059,1254,88,118,47295,104,0.034305084745762715,0.4101694915254237
458210.93231999996,9198.436831412855,0.9518006985987875,0.021259083791705144,0.026940217609507367,1059,1254,88,118,47295,104,0.034305084745762715,0.42118644067796607
462445.748768,9283.449407154614,0.9518006985987875,0.021540129280925042,0.02665917212028747,1073,1248,80,118,47295,110,0.034305084745762715,0.43220338983050843
462445.748768,9283.449407154614,0.9518006985987875,0.021540129280925042,0.02665917212028747,1073,1248,80,118,47295,110,0.034305084745762715,0.4432203389830508
462445.748768,9283.449407154614,0.9518006985987875,0.021540129280925042,0.02665917212028747,1073,1248,80,118,47295,110,0.034305084745762715,0.45423728813559316
462445.748768,9283.449407154614,0.9518006985987875,0.021540129280925042,0.02665917212028747,1073,1248,80,118,47295,110,0.034305084745762715,0.46525423728813553
462445.748768,9283.449407154614,0.9518006985987875,0.021540129280925042,0.02665917212028747,1073,1248,80,118,47295,110,0.034305084745762715,0.4762711864406779
462445.748768,9283.449407154614,0.9518006985987875,0.021540129280925042,0.02665917212028747,1073,1248,80,118,47295,110,0.034305084745762715,0.48728813559322026
462445.748768,9283.449407154614,0.9518006985987875,0.021540129280925042,0.02665917212028747,1073,1248,80,118,47295,110,0.034305084745762715,0.4983050847457626
460945.02895999997,9253.322940538803,0.9518006985987875,0.02170072670333641,0.026498574697876098,1081,1244,76,118,47295,114,0.034305084745762715,0.5093220338983051
460945.02895999997,9253.322940538803,0.9518006985987875,0.02170072670333641,0.026498574697876098,1081,1244,76,118,47295,114,0.034305084745762715,0.5203389830508474
460945.02895999997,9253.322940538803,0.9518006985987875,0.02170072670333641,0.026498574697876098,1081,1244,76,118,47295,114,0.034305084745762715,0.5313559322033898
460945.02895999997,9253.322940538803,0.9518006985987875,0.02170072670333641,0.026498574697876098,1081,1244,76,118,47295,114,0.034305084745762715,0.5423728813559321
460945.02895999997,9253.322940538803,0.9518006985987875,0.02170072670333641,0.026498574697876098,1081,1244,76,118,47295,114,0.034305084745762715,0.5533898305084746
460945.02895999997,9253.322940538803,0.9518006985987875,0.02170072670333641,0.026498574697876098,1081,1244,76,118,47295,114,0.034305084745762715,0.5644067796610168
460945.02895999997,9253.322940538803,0.9518006985987875,0.02170072670333641,0.026498574697876098,1081,1244,76,118,47295,114,0.034305084745762715,0.5754237288135593
460945.02895999997,9253.322940538803,0.9518006985987875,0.02170072670333641,0.026498574697876098,1081,1244,76,118,47295,114,0.034305084745762715,0.5864406779661016
460945.02895999997,9253.322940538803,0.9518006985987875,0.02170072670333641,0.026498574697876098,1081,1244,76,118,47295,114,0.034305084745762715,0.597457627118644
464936.701536,9333.454481390774,0.9518006985987875,0.021901473481350624,0.026297827919861887,1091,1238,72,118,47295,120,0.034305084745762715,0.6084745762711864
464936.701536,9333.454481390774,0.9518006985987875,0.021901473481350624,0.026297827919861887,1091,1238,72,118,47295,120,0.034305084745762715,0.6194915254237288
464936.701536,9333.454481390774,0.9518006985987875,0.021901473481350624,0.026297827919861887,1091,1238,72,118,47295,120,0.034305084745762715,0.6305084745762711
464936.701536,9333.454481390774,0.9518006985987875,0.021901473481350624,0.026297827919861887,1091,1238,72,118,47295,120,0.034305084745762715,0.6415254237288135
464936.701536,9333.454481390774,0.9518006985987875,0.021901473481350624,0.026297827919861887,1091,1238,72,118,47295,120,0.034305084745762715,0.6525423728813559
477740.78656000004,9590.492362789577,0.9518006985987875,0.022423415104187577,0.025775886297024934,1117,1221,63,118,47295,137,0.034305084745762715,0.6635593220338982
477740.78656000004,9590.492362789577,0.9518006985987875,0.022423415104187577,0.025775886297024934,1117,1221,63,118,47295,137,0.034305084745762715,0.6745762711864406
477740.78656000004,9590.492362789577,0.9518006985987875,0.022423415104187577,0.025775886297024934,1117,1221,63,118,47295,137,0.034305084745762715,0.685593220338983
477740.78656000004,9590.492362789577,0.9518006985987875,0.022423415104187577,0.025775886297024934,1117,1221,63,118,47295,137,0.034305084745762715,0.6966101694915253
477740.78656000004,9590.492362789577,0.9518006985987875,0.022423415104187577,0.025775886297024934,1117,1221,63,118,47295,137,0.034305084745762715,0.7076271186440677
486276.06681600004,9761.83536387361,0.9518006985987875,0.023045730116031636,0.02515357128518087,1148,1199,54,118,47295,159,0.034305084745762715,0.7186440677966102
486276.06681600004,9761.83536387361,0.9518006985987875,0.023045730116031636,0.02515357128518087,1148,1199,54,118,47295,159,0.034305084745762715,0.7296610169491524
486276.06681600004,9761.83536387361,0.9518006985987875,0.023045730116031636,0.02515357128518087,1148,1199,54,118,47295,159,0.034305084745762715,0.7406779661016949
486276.06681600004,9761.83536387361,0.9518006985987875,0.023045730116031636,0.02515357128518087,1148,1199,54,118,47295,159,0.034305084745762715,0.7516949152542372
486276.06681600004,9761.83536387361,0.9518006985987875,0.023045730116031636,0.02515357128518087,1148,1199,54,118,47295,159,0.034305084745762715,0.7627118644067796
523660.667616,10512.319179668366,0.9518006985987875,0.02372826916127996,0.02447103223993255,1182,1173,46,118,47295,185,0.034305084745762715,0.7737288135593219
523660.667616,10512.319179668366,0.9518006985987875,0.02372826916127996,0.02447103223993255,1182,1173,46,118,47295,185,0.034305084745762715,0.7847457627118644
523660.667616,10512.319179668366,0.9518006985987875,0.02372826916127996,0.02447103223993255,1182,1173,46,118,47295,185,0.034305084745762715,0.7957627118644066
523660.667616,10512.319179668366,0.9518006985987875,0.02372826916127996,0.02447103223993255,1182,1173,46,118,47295,185,0.034305084745762715,0.8067796610169491
523660.667616,10512.319179668366,0.9518006985987875,0.02372826916127996,0.02447103223993255,1182,1173,46,118,47295,185,0.034305084745762715,0.8177966101694913
523660.667616,10512.319179668366,0.9518006985987875,0.02372826916127996,0.02447103223993255,1182,1173,46,118,47295,185,0.034305084745762715,0.8288135593220338
523660.667616,10512.319179668366,0.9518006985987875,0.02372826916127996,0.02447103223993255,1182,1173,46,118,47295,185,0.034305084745762715,0.8398305084745761
523660.667616,10512.319179668366,0.9518006985987875,0.02372826916127996,0.02447103223993255,1182,1173,46,118,47295,185,0.034305084745762715,0.8508474576271186
532266.54256,10685.07934636849,0.9518006985987875,0.024290360139719757,0.023908941261492754,1210,1149,42,118,47295,209,0.034305084745762715,0.8618644067796608
532266.54256,10685.07934636849,0.9518006985987875,0.024290360139719757,0.023908941261492754,1210,1149,42,118,47295,209,0.034305084745762715,0.8728813559322033
532266.54256,10685.07934636849,0.9518006985987875,0.024290360139719757,0.023908941261492754,1210,1149,42,118,47295,209,0.034305084745762715,0.8838983050847455
532266.54256,10685.07934636849,0.9518006985987875,0.024290360139719757,0.023908941261492754,1210,1149,42,118,47295,209,0.034305084745762715,0.894915254237288
532266.54256,10685.07934636849,0.9518006985987875,0.024290360139719757,0.023908941261492754,1210,1149,42,118,47295,209,0.034305084745762715,0.9059322033898305
532266.54256,10685.07934636849,0.9518006985987875,0.024290360139719757,0.023908941261492754,1210,1149,42,118,47295,209,0.034305084745762715,0.9169491525423727
532266.54256,10685.07934636849,0.9518006985987875,0.024290360139719757,0.023908941261492754,1210,1149,42,118,47295,209,0.034305084745762715,0.9279661016949152
532266.54256,10685.07934636849,0.9518006985987875,0.024290360139719757,0.023908941261492754,1210,1149,42,118,47295,209,0.034305084745762715,0.9389830508474575
604909.5408320001,12143.364131208094,0.9518006985987875,0.027080740354117318,0.021118561047095193,1349,1017,35,118,47295,341,0.034305084745762715,0.95
509691.91009599995,10231.900873168184,0.9594090014855261,0.012426225559079776,0.028164772955394067,619,1274,129,133,47659,69,0.04440677966101694,0.3
509691.91009599995,10231.900873168184,0.9594090014855261,0.012426225559079776,0.028164772955394067,619,1274,129,133,47659,69,0.04440677966101694,0.31101694915254235
503841.726064,10114.460313646767,0.9594090014855261,0.012747420403902518,0.027843578110571324,635,1269,118,133,47659,74,0.04440677966101694,0.3220338983050847
503841.726064,10114.460313646767,0.9594090014855261,0.012747420403902518,0.027843578110571324,635,1269,118,133,47659,74,0.04440677966101694,0.3330508474576271
490940.782,9855.478018227808,0.9594090014855261,0.013650780904966475,0.026940217609507367,680,1254,88,133,47659,89,0.04440677966101694,0.34406779661016945
490940.782,9855.478018227808,0.9594090014855261,0.013650780904966475,0.026940217609507367,680,1254,88,133,47659,89,0.04440677966101694,0.3550847457627119
490940.782,9855.478018227808,0.9594090014855261,0.013650780904966475,0.026940217609507367,680,1254,88,133,47659,89,0.04440677966101694,0.36610169491525424
490940.782,9855.478018227808,0.9594090014855261,0.013650780904966475,0.026940217609507367,680,1254,88,133,47659,89,0.04440677966101694,0.3771186440677966
490940.782,9855.478018227808,0.9594090014855261,0.013650780904966475,0.026940217609507367,680,1254,88,133,47659,89,0.04440677966101694,0.38813559322033897
490940.782,9855.478018227808,0.9594090014855261,0.013650780904966475,0.026940217609507367,680,1254,88,133,47659,89,0.04440677966101694,0.39915254237288134
490940.782,9855.478018227808,0.9594090014855261,0.013650780904966475,0.026940217609507367,680,1254,88,133,47659,89,0.04440677966101694,0.4101694915254237
490940.782,9855.478018227808,0.9594090014855261,0.013650780904966475,0.026940217609507367,680,1254,88,133,47659,89,0.04440677966101694,0.42118644067796607
495175.59844800003,9940.490593969567,0.9594090014855261,0.013931826394186374,0.02665917212028747,694,1248,80,133,47659,95,0.04440677966101694,0.43220338983050843
495175.59844800003,9940.490593969567,0.9594090014855261,0.013931826394186374,0.02665917212028747,694,1248,80,133,47659,95,0.04440677966101694,0.4432203389830508
495175.59844800003,9940.490593969567,0.9594090014855261,0.013931826394186374,0.02665917212028747,694,1248,80,133,47659,95,0.04440677966101694,0.45423728813559316
495175.59844800003,9940.490593969567,0.9594090014855261,0.013931826394186374,0.02665917212028747,694,1248,80,133,47659,95,0.04440677966101694,0.46525423728813553
495175.59844800003,9940.490593969567,0.9594090014855261,0.013931826394186374,0.02665917212028747,694,1248,80,133,47659,95,0.04440677966101694,0.4762711864406779
495175.59844800003,9940.490593969567,0.9594090014855261,0.013931826394186374,0.02665917212028747,694,1248,80,133,47659,95,0.04440677966101694,0.48728813559322026
495175.59844800003,9940.490593969567,0.9594090014855261,0.013931826394186374,0.02665917212028747,694,1248,80,133,47659,95,0.04440677966101694,0.4983050847457626
493674.87863999995,9910.364127353756,0.9594090014855261,0.014092423816597744,0.026498574697876098,702,1244,76,133,47659,99,0.04440677966101694,0.5093220338983051
493674.87863999995,9910.364127353756,0.9594090014855261,0.014092423816597744,0.026498574697876098,702,1244,76,133,47659,99,0.04440677966101694,0.5203389830508474
493674.87863999995,9910.364127353756,0.9594090014855261,0.014092423816597744,0.026498574697876098,702,1244,76,133,47659,99,0.04440677966101694,0.5313559322033898
493674.87863999995,9910.364127353756,0.9594090014855261,0.014092423816597744,0.026498574697876098,702,1244,76,133,47659,99,0.04440677966101694,0.5423728813559321
493674.87863999995,9910.364127353756,0.9594090014855261,0.014092423816597744,0.026498574697876098,702,1244,76,133,47659,99,0.04440677966101694,0.5533898305084746
493674.87863999995,9910.364127353756,0.9594090014855261,0.014092423816597744,0.026498574697876098,702,1244,76,133,47659,99,0.04440677966101694,0.5644067796610168
493674.87863999995,9910.364127353756,0.9594090014855261,0.014092423816597744,0.026498574697876098,702,1244,76,133,47659,99,0.04440677966101694,0.5754237288135593
493674.87863999995,9910.364127353756,0.9594090014855261,0.014092423816597744,0.026498574697876098,702,1244,76,133,47659,99,0.04440677966101694,0.5864406779661016
493674.87863999995,9910.364127353756,0.9594090014855261,0.014092423816597744,0.026498574697876098,702,1244,76,133,47659,99,0.04440677966101694,0.597457627118644
497666.551216,9990.495668205725,0.9594090014855261,0.014293170594611956,0.026297827919861887,712,1238,72,133,47659,105,0.04440677966101694,0.6084745762711864
497666.551216,9990.495668205725,0.9594090014855261,0.014293170594611956,0.026297827919861887,712,1238,72,133,47659,105,0.04440677966101694,0.6194915254237288
497666.551216,9990.495668205725,0.9594090014855261,0.014293170594611956,0.026297827919861887,712,1238,72,133,47659,105,0.04440677966101694,0.6305084745762711
497666.551216,9990.495668205725,0.9594090014855261,0.014293170594611956,0.026297827919861887,712,1238,72,133,47659,105,0.04440677966101694,0.6415254237288135
497666.551216,9990.495668205725,0.9594090014855261,0.014293170594611956,0.026297827919861887,712,1238,72,133,47659,105,0.04440677966101694,0.6525423728813559
510470.63623999996,10247.533549604528,0.9594090014855261,0.01481511221744891,0.025775886297024934,738,1221,63,133,47659,122,0.04440677966101694,0.6635593220338982
510470.63623999996,10247.533549604528,0.9594090014855261,0.01481511221744891,0.025775886297024934,738,1221,63,133,47659,122,0.04440677966101694,0.6745762711864406
510470.63623999996,10247.533549604528,0.9594090014855261,0.01481511221744891,0.025775886297024934,738,1221,63,133,47659,122,0.04440677966101694,0.685593220338983
510470.63623999996,10247.533549604528,0.9594090014855261,0.01481511221744891,0.025775886297024934,738,1221,63,133,47659,122,0.04440677966101694,0.6966101694915253
510470.63623999996,10247.533549604528,0.9594090014855261,0.01481511221744891,0.025775886297024934,738,1221,63,133,47659,122,0.04440677966101694,0.7076271186440677
519005.9164959999,10418.87655068856,0.9594090014855261,0.01543742722929297,0.02515357128518087,769,1199,54,133,47659,144,0.04440677966101694,0.7186440677966102
519005.9164959999,10418.87655068856,0.9594090014855261,0.01543742722929297,0.02515357128518087,769,1199,54,133,47659,144,0.04440677966101694,0.7296610169491524
519005.9164959999,10418.87655068856,0.9594090014855261,0.01543742722929297,0.02515357128518087,769,1199,54,133,47659,144,0.04440677966101694,0.7406779661016949
519005.9164959999,10418.87655068856,0.9594090014855261,0.01543742722929297,0.02515357128518087,769,1199,54,133,47659,144,0.04440677966101694,0.7516949152542372
519005.9164959999,10418.87655068856,0.9594090014855261,0.01543742722929297,0.02515357128518087,769,1199,54,133,47659,144,0.04440677966101694,0.7627118644067796
556390.5172959999,11169.360366483315,0.9594090014855261,0.016119966274541292,0.02447103223993255,803,1173,46,133,47659,170,0.04440677966101694,0.7737288135593219
556390.5172959999,11169.360366483315,0.9594090014855261,0.016119966274541292,0.02447103223993255,803,1173,46,133,47659,170,0.04440677966101694,0.7847457627118644
556390.5172959999,11169.360366483315,0.9594090014855261,0.016119966274541292,0.02447103223993255,803,1173,46,133,47659,170,0.04440677966101694,0.7957627118644066
556390.5172959999,11169.360366483315,0.9594090014855261,0.016119966274541292,0.02447103223993255,803,1173,46,133,47659,170,0.04440677966101694,0.8067796610169491
556390.5172959999,11169.360366483315,0.9594090014855261,0.016119966274541292,0.02447103223993255,803,1173,46,133,47659,170,0.04440677966101694,0.8177966101694913
556390.5172959999,11169.360366483315,0.9594090014855261,0.016119966274541292,0.02447103223993255,803,1173,46,133,47659,170,0.04440677966101694,0.8288135593220338
556390.5172959999,11169.360366483315,0.9594090014855261,0.016119966274541292,0.02447103223993255,803,1173,46,133,47659,170,0.04440677966101694,0.8398305084745761
556390.5172959999,11169.360366483315,0.9594090014855261,0.016119966274541292,0.02447103223993255,803,1173,46,133,47659,170,0.04440677966101694,0.8508474576271186
564996.39224,11342.120533183443,0.9594090014855261,0.01668205725298109,0.023908941261492754,831,1149,42,133,47659,194,0.04440677966101694,0.8618644067796608
564996.39224,11342.120533183443,0.9594090014855261,0.01668205725298109,0.023908941261492754,831,1149,42,133,47659,194,0.04440677966101694,0.8728813559322033
564996.39224,11342.120533183443,0.9594090014855261,0.01668205725298109,0.023908941261492754,831,1149,42,133,47659,194,0.04440677966101694,0.8838983050847455
564996.39224,11342.120533183443,0.9594090014855261,0.01668205725298109,0.023908941261492754,831,1149,42,133,47659,194,0.04440677966101694,0.894915254237288
564996.39224,11342.120533183443,0.9594090014855261,0.01668205725298109,0.023908941261492754,831,1149,42,133,47659,194,0.04440677966101694,0.9059322033898305
564996.39224,11342.120533183443,0.9594090014855261,0.01668205725298109,0.023908941261492754,831,1149,42,133,47659,194,0.04440677966101694,0.9169491525423727
564996.39224,11342.120533183443,0.9594090014855261,0.01668205725298109,0.023908941261492754,831,1149,42,133,47659,194,0.04440677966101694,0.9279661016949152
564996.39224,11342.120533183443,0.9594090014855261,0.01668205725298109,0.023908941261492754,831,1149,42,133,47659,194,0.04440677966101694,0.9389830508474575
637639.3905120001,12800.405318023048,0.9594090014855261,0.01947243746737865,0.021118561047095193,970,1017,35,133,47659,326,0.04440677966101694,0.95
509691.91009599995,10231.900873168184,0.9594090014855261,0.012426225559079776,0.028164772955394067,619,1274,129,133,47659,69,0.054508474576271185,0.3
509691.91009599995,10231.900873168184,0.9594090014855261,0.012426225559079776,0.028164772955394067,619,1274,129,133,47659,69,0.054508474576271185,0.31101694915254235
503841.726064,10114.460313646767,0.9594090014855261,0.012747420403902518,0.027843578110571324,635,1269,118,133,47659,74,0.054508474576271185,0.3220338983050847
503841.726064,10114.460313646767,0.9594090014855261,0.012747420403902518,0.027843578110571324,635,1269,118,133,47659,74,0.054508474576271185,0.3330508474576271
490940.782,9855.478018227808,0.9594090014855261,0.013650780904966475,0.026940217609507367,680,1254,88,133,47659,89,0.054508474576271185,0.34406779661016945
490940.782,9855.478018227808,0.9594090014855261,0.013650780904966475,0.026940217609507367,680,1254,88,133,47659,89,0.054508474576271185,0.3550847457627119
490940.782,9855.478018227808,0.9594090014855261,0.013650780904966475,0.026940217609507367,680,1254,88,133,47659,89,0.054508474576271185,0.36610169491525424
490940.782,9855.478018227808,0.9594090014855261,0.013650780904966475,0.026940217609507367,680,1254,88,133,47659,89,0.054508474576271185,0.3771186440677966
490940.782,9855.478018227808,0.9594090014855261,0.013650780904966475,0.026940217609507367,680,1254,88,133,47659,89,0.054508474576271185,0.38813559322033897
490940.782,9855.478018227808,0.9594090014855261,0.013650780904966475,0.026940217609507367,680,1254,88,133,47659,89,0.054508474576271185,0.39915254237288134
490940.782,9855.478018227808,0.9594090014855261,0.013650780904966475,0.026940217609507367,680,1254,88,133,47659,89,0.054508474576271185,0.4101694915254237
490940.782,9855.478018227808,0.9594090014855261,0.013650780904966475,0.026940217609507367,680,1254,88,133,47659,89,0.054508474576271185,0.42118644067796607
495175.59844800003,9940.490593969567,0.9594090014855261,0.013931826394186374,0.02665917212028747,694,1248,80,133,47659,95,0.054508474576271185,0.43220338983050843
495175.59844800003,9940.490593969567,0.9594090014855261,0.013931826394186374,0.02665917212028747,694,1248,80,133,47659,95,0.054508474576271185,0.4432203389830508
495175.59844800003,9940.490593969567,0.9594090014855261,0.013931826394186374,0.02665917212028747,694,1248,80,133,47659,95,0.054508474576271185,0.45423728813559316
495175.59844800003,9940.490593969567,0.9594090014855261,0.013931826394186374,0.02665917212028747,694,1248,80,133,47659,95,0.054508474576271185,0.46525423728813553
495175.59844800003,9940.490593969567,0.9594090014855261,0.013931826394186374,0.02665917212028747,694,1248,80,133,47659,95,0.054508474576271185,0.4762711864406779
495175.59844800003,9940.490593969567,0.9594090014855261,0.013931826394186374,0.02665917212028747,694,1248,80,133,47659,95,0.054508474576271185,0.48728813559322026
495175.59844800003,9940.490593969567,0.9594090014855261,0.013931826394186374,0.02665917212028747,694,1248,80,133,47659,95,0.054508474576271185,0.4983050847457626
493674.87863999995,9910.364127353756,0.9594090014855261,0.014092423816597744,0.026498574697876098,702,1244,76,133,47659,99,0.054508474576271185,0.5093220338983051
493674.87863999995,9910.364127353756,0.9594090014855261,0.014092423816597744,0.026498574697876098,702,1244,76,133,47659,99,0.054508474576271185,0.5203389830508474
493674.87863999995,9910.364127353756,0.9594090014855261,0.014092423816597744,0.026498574697876098,702,1244,76,133,47659,99,0.054508474576271185,0.5313559322033898
493674.87863999995,9910.364127353756,0.9594090014855261,0.014092423816597744,0.026498574697876098,702,1244,76,133,47659,99,0.054508474576271185,0.5423728813559321
493674.87863999995,9910.364127353756,0.9594090014855261,0.014092423816597744,0.026498574697876098,702,1244,76,133,47659,99,0.054508474576271185,0.5533898305084746
493674.87863999995,9910.364127353756,0.9594090014855261,0.014092423816597744,0.026498574697876098,702,1244,76,133,47659,99,0.054508474576271185,0.5644067796610168
493674.87863999995,9910.364127353756,0.9594090014855261,0.014092423816597744,0.026498574697876098,702,1244,76,133,47659,99,0.054508474576271185,0.5754237288135593
493674.87863999995,9910.364127353756,0.9594090014855261,0.014092423816597744,0.026498574697876098,702,1244,76,133,47659,99,0.054508474576271185,0.5864406779661016
493674.87863999995,9910.364127353756,0.9594090014855261,0.014092423816597744,0.026498574697876098,702,1244,76,133,47659,99,0.054508474576271185,0.597457627118644
497666.551216,9990.495668205725,0.9594090014855261,0.014293170594611956,0.026297827919861887,712,1238,72,133,47659,105,0.054508474576271185,0.6084745762711864
497666.551216,9990.495668205725,0.9594090014855261,0.014293170594611956,0.026297827919861887,712,1238,72,133,47659,105,0.054508474576271185,0.6194915254237288
497666.551216,9990.495668205725,0.9594090014855261,0.014293170594611956,0.026297827919861887,712,1238,72,133,47659,105,0.054508474576271185,0.6305084745762711
497666.551216,9990.495668205725,0.9594090014855261,0.014293170594611956,0.026297827919861887,712,1238,72,133,47659,105,0.054508474576271185,0.6415254237288135
497666.551216,9990.495668205725,0.9594090014855261,0.014293170594611956,0.026297827919861887,712,1238,72,133,47659,105,0.054508474576271185,0.6525423728813559
510470.63623999996,10247.533549604528,0.9594090014855261,0.01481511221744891,0.025775886297024934,738,1221,63,133,47659,122,0.054508474576271185,0.6635593220338982
510470.63623999996,10247.533549604528,0.9594090014855261,0.01481511221744891,0.025775886297024934,738,1221,63,133,47659,122,0.054508474576271185,0.6745762711864406
510470.63623999996,10247.533549604528,0.9594090014855261,0.01481511221744891,0.025775886297024934,738,1221,63,133,47659,122,0.054508474576271185,0.685593220338983
510470.63623999996,10247.533549604528,0.9594090014855261,0.01481511221744891,0.025775886297024934,738,1221,63,133,47659,122,0.054508474576271185,0.6966101694915253
510470.63623999996,10247.533549604528,0.9594090014855261,0.01481511221744891,0.025775886297024934,738,1221,63,133,47659,122,0.054508474576271185,0.7076271186440677
519005.9164959999,10418.87655068856,0.9594090014855261,0.01543742722929297,0.02515357128518087,769,1199,54,133,47659,144,0.054508474576271185,0.7186440677966102
519005.9164959999,10418.87655068856,0.9594090014855261,0.01543742722929297,0.02515357128518087,769,1199,54,133,47659,144,0.054508474576271185,0.7296610169491524
519005.9164959999,10418.87655068856,0.9594090014855261,0.01543742722929297,0.02515357128518087,769,1199,54,133,47659,144,0.054508474576271185,0.7406779661016949
519005.9164959999,10418.87655068856,0.9594090014855261,0.01543742722929297,0.02515357128518087,769,1199,54,133,47659,144,0.054508474576271185,0.7516949152542372
519005.9164959999,10418.87655068856,0.9594090014855261,0.01543742722929297,0.02515357128518087,769,1199,54,133,47659,144,0.054508474576271185,0.7627118644067796
556390.5172959999,11169.360366483315,0.9594090014855261,0.016119966274541292,0.02447103223993255,803,1173,46,133,47659,170,0.054508474576271185,0.7737288135593219
556390.5172959999,11169.360366483315,0.9594090014855261,0.016119966274541292,0.02447103223993255,803,1173,46,133,47659,170,0.054508474576271185,0.7847457627118644
556390.5172959999,11169.360366483315,0.9594090014855261,0.016119966274541292,0.02447103223993255,803,1173,46,133,47659,170,0.054508474576271185,0.7957627118644066
556390.5172959999,11169.360366483315,0.9594090014855261,0.016119966274541292,0.02447103223993255,803,1173,46,133,47659,170,0.054508474576271185,0.8067796610169491
556390.5172959999,11169.360366483315,0.9594090014855261,0.016119966274541292,0.02447103223993255,803,1173,46,133,47659,170,0.054508474576271185,0.8177966101694913
556390.5172959999,11169.360366483315,0.9594090014855261,0.016119966274541292,0.02447103223993255,803,1173,46,133,47659,170,0.054508474576271185,0.8288135593220338
556390.5172959999,11169.360366483315,0.9594090014855261,0.016119966274541292,0.02447103223993255,803,1173,46,133,47659,170,0.054508474576271185,0.8398305084745761
556390.5172959999,11169.360366483315,0.9594090014855261,0.016119966274541292,0.02447103223993255,803,1173,46,133,47659,170,0.054508474576271185,0.8508474576271186
564996.39224,11342.120533183443,0.9594090014855261,0.01668205725298109,0.023908941261492754,831,1149,42,133,47659,194,0.054508474576271185,0.8618644067796608
564996.39224,11342.120533183443,0.9594090014855261,0.01668205725298109,0.023908941261492754,831,1149,42,133,47659,194,0.054508474576271185,0.8728813559322033
564996.39224,11342.120533183443,0.9594090014855261,0.01668205725298109,0.023908941261492754,831,1149,42,133,47659,194,0.054508474576271185,0.8838983050847455
564996.39224,11342.120533183443,0.9594090014855261,0.01668205725298109,0.023908941261492754,831,1149,42,133,47659,194,0.054508474576271185,0.894915254237288
564996.39224,11342.120533183443,0.9594090014855261,0.01668205725298109,0.023908941261492754,831,1149,42,133,47659,194,0.054508474576271185,0.9059322033898305
564996.39224,11342.120533183443,0.9594090014855261,0.01668205725298109,0.023908941261492754,831,1149,42,133,47659,194,0.054508474576271185,0.9169491525423727
564996.39224,11342.120533183443,0.9594090014855261,0.01668205725298109,0.023908941261492754,831,1149,42,133,47659,194,0.054508474576271185,0.9279661016949152
564996.39224,11342.120533183443,0.9594090014855261,0.01668205725298109,0.023908941261492754,831,1149,42,133,47659,194,0.054508474576271185,0.9389830508474575
637639.3905120001,12800.405318023048,0.9594090014855261,0.01947243746737865,0.021118561047095193,970,1017,35,133,47659,326,0.054508474576271185,0.95
509691.91009599995,10231.900873168184,0.9594090014855261,0.012426225559079776,0.028164772955394067,619,1274,129,133,47659,69,0.06461016949152543,0.3
509691.91009599995,10231.900873168184,0.9594090014855261,0.012426225559079776,0.028164772955394067,619,1274,129,133,47659,69,0.06461016949152543,0.31101694915254235
503841.726064,10114.460313646767,0.9594090014855261,0.012747420403902518,0.027843578110571324,635,1269,118,133,47659,74,0.06461016949152543,0.3220338983050847
503841.726064,10114.460313646767,0.9594090014855261,0.012747420403902518,0.027843578110571324,635,1269,118,133,47659,74,0.06461016949152543,0.3330508474576271
490940.782,9855.478018227808,0.9594090014855261,0.013650780904966475,0.026940217609507367,680,1254,88,133,47659,89,0.06461016949152543,0.34406779661016945
490940.782,9855.478018227808,0.9594090014855261,0.013650780904966475,0.026940217609507367,680,1254,88,133,47659,89,0.06461016949152543,0.3550847457627119
490940.782,9855.478018227808,0.9594090014855261,0.013650780904966475,0.026940217609507367,680,1254,88,133,47659,89,0.06461016949152543,0.36610169491525424
490940.782,9855.478018227808,0.9594090014855261,0.013650780904966475,0.026940217609507367,680,1254,88,133,47659,89,0.06461016949152543,0.3771186440677966
490940.782,9855.478018227808,0.9594090014855261,0.013650780904966475,0.026940217609507367,680,1254,88,133,47659,89,0.06461016949152543,0.38813559322033897
490940.782,9855.478018227808,0.9594090014855261,0.013650780904966475,0.026940217609507367,680,1254,88,133,47659,89,0.06461016949152543,0.39915254237288134
490940.782,9855.478018227808,0.9594090014855261,0.013650780904966475,0.026940217609507367,680,1254,88,133,47659,89,0.06461016949152543,0.4101694915254237
490940.782,9855.478018227808,0.9594090014855261,0.013650780904966475,0.026940217609507367,680,1254,88,133,47659,89,0.06461016949152543,0.42118644067796607
495175.59844800003,9940.490593969567,0.9594090014855261,0.013931826394186374,0.02665917212028747,694,1248,80,133,47659,95,0.06461016949152543,0.43220338983050843
495175.59844800003,9940.490593969567,0.9594090014855261,0.013931826394186374,0.02665917212028747,694,1248,80,133,47659,95,0.06461016949152543,0.4432203389830508
495175.59844800003,9940.490593969567,0.9594090014855261,0.013931826394186374,0.02665917212028747,694,1248,80,133,47659,95,0.06461016949152543,0.45423728813559316
495175.59844800003,9940.490593969567,0.9594090014855261,0.013931826394186374,0.02665917212028747,694,1248,80,133,47659,95,0.06461016949152543,0.46525423728813553
495175.59844800003,9940.490593969567,0.9594090014855261,0.013931826394186374,0.02665917212028747,694,1248,80,133,47659,95,0.06461016949152543,0.4762711864406779
495175.59844800003,9940.490593969567,0.9594090014855261,0.013931826394186374,0.02665917212028747,694,1248,80,133,47659,95,0.06461016949152543,0.48728813559322026
495175.59844800003,9940.490593969567,0.9594090014855261,0.013931826394186374,0.02665917212028747,694,1248,80,133,47659,95,0.06461016949152543,0.4983050847457626
493674.87863999995,9910.364127353756,0.9594090014855261,0.014092423816597744,0.026498574697876098,702,1244,76,133,47659,99,0.06461016949152543,0.5093220338983051
493674.87863999995,9910.364127353756,0.9594090014855261,0.014092423816597744,0.026498574697876098,702,1244,76,133,47659,99,0.06461016949152543,0.5203389830508474
493674.87863999995,9910.364127353756,0.9594090014855261,0.014092423816597744,0.026498574697876098,702,1244,76,133,47659,99,0.06461016949152543,0.5313559322033898
493674.87863999995,9910.364127353756,0.9594090014855261,0.014092423816597744,0.026498574697876098,702,1244,76,133,47659,99,0.06461016949152543,0.5423728813559321
493674.87863999995,9910.364127353756,0.9594090014855261,0.014092423816597744,0.026498574697876098,702,1244,76,133,47659,99,0.06461016949152543,0.5533898305084746
493674.87863999995,9910.364127353756,0.9594090014855261,0.014092423816597744,0.026498574697876098,702,1244,76,133,47659,99,0.06461016949152543,0.5644067796610168
493674.87863999995,9910.364127353756,0.9594090014855261,0.014092423816597744,0.026498574697876098,702,1244,76,133,47659,99,0.06461016949152543,0.5754237288135593
493674.87863999995,9910.364127353756,0.9594090014855261,0.014092423816597744,0.026498574697876098,702,1244,76,133,47659,99,0.06461016949152543,0.5864406779661016
493674.87863999995,9910.364127353756,0.9594090014855261,0.014092423816597744,0.026498574697876098,702,1244,76,133,47659,99,0.06461016949152543,0.597457627118644
497666.551216,9990.495668205725,0.9594090014855261,0.014293170594611956,0.026297827919861887,712,1238,72,133,47659,105,0.06461016949152543,0.6084745762711864
497666.551216,9990.495668205725,0.9594090014855261,0.014293170594611956,0.026297827919861887,712,1238,72,133,47659,105,0.06461016949152543,0.6194915254237288
497666.551216,9990.495668205725,0.9594090014855261,0.014293170594611956,0.026297827919861887,712,1238,72,133,47659,105,0.06461016949152543,0.6305084745762711
497666.551216,9990.495668205725,0.9594090014855261,0.014293170594611956,0.026297827919861887,712,1238,72,133,47659,105,0.06461016949152543,0.6415254237288135
497666.551216,9990.495668205725,0.9594090014855261,0.014293170594611956,0.026297827919861887,712,1238,72,133,47659,105,0.06461016949152543,0.6525423728813559
510470.63623999996,10247.533549604528,0.9594090014855261,0.01481511221744891,0.025775886297024934,738,1221,63,133,47659,122,0.06461016949152543,0.6635593220338982
510470.63623999996,10247.533549604528,0.9594090014855261,0.01481511221744891,0.025775886297024934,738,1221,63,133,47659,122,0.06461016949152543,0.6745762711864406
510470.63623999996,10247.533549604528,0.9594090014855261,0.01481511221744891,0.025775886297024934,738,1221,63,133,47659,122,0.06461016949152543,0.685593220338983
510470.63623999996,10247.533549604528,0.9594090014855261,0.01481511221744891,0.025775886297024934,738,1221,63,133,47659,122,0.06461016949152543,0.6966101694915253
510470.63623999996,10247.533549604528,0.9594090014855261,0.01481511221744891,0.025775886297024934,738,1221,63,133,47659,122,0.06461016949152543,0.7076271186440677
519005.9164959999,10418.87655068856,0.9594090014855261,0.01543742722929297,0.02515357128518087,769,1199,54,133,47659,144,0.06461016949152543,0.7186440677966102
519005.9164959999,10418.87655068856,0.9594090014855261,0.01543742722929297,0.02515357128518087,769,1199,54,133,47659,144,0.06461016949152543,0.7296610169491524
519005.9164959999,10418.87655068856,0.9594090014855261,0.01543742722929297,0.02515357128518087,769,1199,54,133,47659,144,0.06461016949152543,0.7406779661016949
519005.9164959999,10418.87655068856,0.9594090014855261,0.01543742722929297,0.02515357128518087,769,1199,54,133,47659,144,0.06461016949152543,0.7516949152542372
519005.9164959999,10418.87655068856,0.9594090014855261,0.01543742722929297,0.02515357128518087,769,1199,54,133,47659,144,0.06461016949152543,0.7627118644067796
556390.5172959999,11169.360366483315,0.9594090014855261,0.016119966274541292,0.02447103223993255,803,1173,46,133,47659,170,0.06461016949152543,0.7737288135593219
556390.5172959999,11169.360366483315,0.9594090014855261,0.016119966274541292,0.02447103223993255,803,1173,46,133,47659,170,0.06461016949152543,0.7847457627118644
556390.5172959999,11169.360366483315,0.9594090014855261,0.016119966274541292,0.02447103223993255,803,1173,46,133,47659,170,0.06461016949152543,0.7957627118644066
556390.5172959999,11169.360366483315,0.9594090014855261,0.016119966274541292,0.02447103223993255,803,1173,46,133,47659,170,0.06461016949152543,0.8067796610169491
556390.5172959999,11169.360366483315,0.9594090014855261,0.016119966274541292,0.02447103223993255,803,1173,46,133,47659,170,0.06461016949152543,0.8177966101694913
556390.5172959999,11169.360366483315,0.9594090014855261,0.016119966274541292,0.02447103223993255,803,1173,46,133,47659,170,0.06461016949152543,0.8288135593220338
556390.5172959999,11169.360366483315,0.9594090014855261,0.016119966274541292,0.02447103223993255,803,1173,46,133,47659,170,0.06461016949152543,0.8398305084745761
556390.5172959999,11169.360366483315,0.9594090014855261,0.016119966274541292,0.02447103223993255,803,1173,46,133,47659,170,0.06461016949152543,0.8508474576271186
564996.39224,11342.120533183443,0.9594090014855261,0.01668205725298109,0.023908941261492754,831,1149,42,133,47659,194,0.06461016949152543,0.8618644067796608
564996.39224,11342.120533183443,0.9594090014855261,0.01668205725298109,0.023908941261492754,831,1149,42,133,47659,194,0.06461016949152543,0.8728813559322033
564996.39224,11342.120533183443,0.9594090014855261,0.01668205725298109,0.023908941261492754,831,1149,42,133,47659,194,0.06461016949152543,0.8838983050847455
564996.39224,11342.120533183443,0.9594090014855261,0.01668205725298109,0.023908941261492754,831,1149,42,133,47659,194,0.06461016949152543,0.894915254237288
564996.39224,11342.120533183443,0.9594090014855261,0.01668205725298109,0.023908941261492754,831,1149,42,133,47659,194,0.06461016949152543,0.9059322033898305
564996.39224,11342.120533183443,0.9594090014855261,0.01668205725298109,0.023908941261492754,831,1149,42,133,47659,194,0.06461016949152543,0.9169491525423727
564996.39224,11342.120533183443,0.9594090014855261,0.01668205725298109,0.023908941261492754,831,1149,42,133,47659,194,0.06461016949152543,0.9279661016949152
564996.39224,11342.120533183443,0.9594090014855261,0.01668205725298109,0.023908941261492754,831,1149,42,133,47659,194,0.06461016949152543,0.9389830508474575
637639.3905120001,12800.405318023048,0.9594090014855261,0.01947243746737865,0.021118561047095193,970,1017,35,133,47659,326,0.06461016949152543,0.95
532648.6357120001,10692.749743285021,0.9639860280242503,0.007849199020355723,0.028164772955394067,391,1274,129,148,47872,54,0.07471186440677965,0.3
532648.6357120001,10692.749743285021,0.9639860280242503,0.007849199020355723,0.028164772955394067,391,1274,129,148,47872,54,0.07471186440677965,0.31101694915254235
526798.4516799999,10575.309183763598,0.9639860280242503,0.008170393865178463,0.027843578110571324,407,1269,118,148,47872,59,0.07471186440677965,0.3220338983050847
526798.4516799999,10575.309183763598,0.9639860280242503,0.008170393865178463,0.027843578110571324,407,1269,118,148,47872,59,0.07471186440677965,0.3330508474576271
513897.50761599996,10316.32688834464,0.9639860280242503,0.009073754366242422,0.026940217609507367,452,1254,88,148,47872,74,0.07471186440677965,0.34406779661016945
513897.50761599996,10316.32688834464,0.9639860280242503,0.009073754366242422,0.026940217609507367,452,1254,88,148,47872,74,0.07471186440677965,0.3550847457627119
513897.50761599996,10316.32688834464,0.9639860280242503,0.009073754366242422,0.026940217609507367,452,1254,88,148,47872,74,0.07471186440677965,0.36610169491525424
513897.50761599996,10316.32688834464,0.9639860280242503,0.009073754366242422,0.026940217609507367,452,1254,88,148,47872,74,0.07471186440677965,0.3771186440677966
513897.50761599996,10316.32688834464,0.9639860280242503,0.009073754366242422,0.026940217609507367,452,1254,88,148,47872,74,0.07471186440677965,0.38813559322033897
513897.50761599996,10316.32688834464,0.9639860280242503,0.009073754366242422,0.026940217609507367,452,1254,88,148,47872,74,0.07471186440677965,0.39915254237288134
513897.50761599996,10316.32688834464,0.9639860280242503,0.009073754366242422,0.026940217609507367,452,1254,88,148,47872,74,0.07471186440677965,0.4101694915254237
513897.50761599996,10316.32688834464,0.9639860280242503,0.009073754366242422,0.026940217609507367,452,1254,88,148,47872,74,0.07471186440677965,0.42118644067796607
518132.3240639999,10401.339464086399,0.9639860280242503,0.00935479985546232,0.02665917212028747,466,1248,80,148,47872,80,0.07471186440677965,0.43220338983050843
518132.3240639999,10401.339464086399,0.9639860280242503,0.00935479985546232,0.02665917212028747,466,1248,80,148,47872,80,0.07471186440677965,0.4432203389830508
518132.3240639999,10401.339464086399,0.9639860280242503,0.00935479985546232,0.02665917212028747,466,1248,80,148,47872,80,0.07471186440677965,0.45423728813559316
518132.3240639999,10401.339464086399,0.9639860280242503,0.00935479985546232,0.02665917212028747,466,1248,80,148,47872,80,0.07471186440677965,0.46525423728813553
518132.3240639999,10401.339464086399,0.9639860280242503,0.00935479985546232,0.02665917212028747,466,1248,80,148,47872,80,0.07471186440677965,0.4762711864406779
518132.3240639999,10401.339464086399,0.9639860280242503,0.00935479985546232,0.02665917212028747,466,1248,80,148,47872,80,0.07471186440677965,0.48728813559322026
518132.3240639999,10401.339464086399,0.9639860280242503,0.00935479985546232,0.02665917212028747,466,1248,80,148,47872,80,0.07471186440677965,0.4983050847457626
516631.604256,10371.212997470591,0.9639860280242503,0.00951539727787369,0.026498574697876098,474,1244,76,148,47872,84,0.07471186440677965,0.5093220338983051
516631.604256,10371.212997470591,0.9639860280242503,0.00951539727787369,0.026498574697876098,474,1244,76,148,47872,84,0.07471186440677965,0.5203389830508474
516631.604256,10371.212997470591,0.9639860280242503,0.00951539727787369,0.026498574697876098,474,1244,76,148,47872,84,0.07471186440677965,0.5313559322033898
516631.604256,10371.212997470591,0.9639860280242503,0.00951539727787369,0.026498574697876098,474,1244,76,148,47872,84,0.07471186440677965,0.5423728813559321
516631.604256,10371.212997470591,0.9639860280242503,0.00951539727787369,0.026498574697876098,474,1244,76,148,47872,84,0.07471186440677965,0.5533898305084746
516631.604256,10371.212997470591,0.9639860280242503,0.00951539727787369,0.026498574697876098,474,1244,76,148,47872,84,0.07471186440677965,0.5644067796610168
516631.604256,10371.212997470591,0.9639860280242503,0.00951539727787369,0.026498574697876098,474,1244,76,148,47872,84,0.07471186440677965,0.5754237288135593
516631.604256,10371.212997470591,0.9639860280242503,0.00951539727787369,0.026498574697876098,474,1244,76,148,47872,84,0.07471186440677965,0.5864406779661016
516631.604256,10371.212997470591,0.9639860280242503,0.00951539727787369,0.026498574697876098,474,1244,76,148,47872,84,0.07471186440677965,0.597457627118644
520623.276832,10451.34453832256,0.9639860280242503,0.009716144055887903,0.026297827919861887,484,1238,72,148,47872,90,0.07471186440677965,0.6084745762711864
520623.276832,10451.34453832256,0.9639860280242503,0.009716144055887903,0.026297827919861887,484,1238,72,148,47872,90,0.07471186440677965,0.6194915254237288
520623.276832,10451.34453832256,0.9639860280242503,0.009716144055887903,0.026297827919861887,484,1238,72,148,47872,90,0.07471186440677965,0.6305084745762711
520623.276832,10451.34453832256,0.9639860280242503,0.009716144055887903,0.026297827919861887,484,1238,72,148,47872,90,0.07471186440677965,0.6415254237288135
520623.276832,10451.34453832256,0.9639860280242503,0.009716144055887903,0.026297827919861887,484,1238,72,148,47872,90,0.07471186440677965,0.6525423728813559
533427.3618559999,10708.382419721362,0.9639860280242503,0.010238085678724857,0.025775886297024934,510,1221,63,148,47872,107,0.07471186440677965,0.6635593220338982
533427.3618559999,10708.382419721362,0.9639860280242503,0.010238085678724857,0.025775886297024934,510,1221,63,148,47872,107,0.07471186440677965,0.6745762711864406
533427.3618559999,10708.382419721362,0.9639860280242503,0.010238085678724857,0.025775886297024934,510,1221,63,148,47872,107,0.07471186440677965,0.685593220338983
533427.3618559999,10708.382419721362,0.9639860280242503,0.010238085678724857,0.025775886297024934,510,1221,63,148,47872,107,0.07471186440677965,0.6966101694915253
533427.3618559999,10708.382419721362,0.9639860280242503,0.010238085678724857,0.025775886297024934,510,1221,63,148,47872,107,0.07471186440677965,0.7076271186440677
541962.642112,10879.725420805396,0.9639860280242503,0.010860400690568916,0.02515357128518087,541,1199,54,148,47872,129,0.07471186440677965,0.7186440677966102
541962.642112,10879.725420805396,0.9639860280242503,0.010860400690568916,0.02515357128518087,541,1199,54,148,47872,129,0.07471186440677965,0.7296610169491524
541962.642112,10879.725420805396,0.9639860280242503,0.010860400690568916,0.02515357128518087,541,1199,54,148,47872,129,0.07471186440677965,0.7406779661016949
541962.642112,10879.725420805396,0.9639860280242503,0.010860400690568916,0.02515357128518087,541,1199,54,148,47872,129,0.07471186440677965,0.7516949152542372
541962.642112,10879.725420805396,0.9639860280242503,0.010860400690568916,0.02515357128518087,541,1199,54,148,47872,129,0.07471186440677965,0.7627118644067796
579347.242912,11630.209236600154,0.9639860280242503,0.01154293973581724,0.02447103223993255,575,1173,46,148,47872,155,0.07471186440677965,0.7737288135593219
579347.242912,11630.209236600154,0.9639860280242503,0.01154293973581724,0.02447103223993255,575,1173,46,148,47872,155,0.07471186440677965,0.7847457627118644
579347.242912,11630.209236600154,0.9639860280242503,0.01154293973581724,0.02447103223993255,575,1173,46,148,47872,155,0.07471186440677965,0.7957627118644066
579347.242912,11630.209236600154,0.9639860280242503,0.01154293973581724,0.02447103223993255,575,1173,46,148,47872,155,0.07471186440677965,0.8067796610169491
579347.242912,11630.209236600154,0.9639860280242503,0.01154293973581724,0.02447103223993255,575,1173,46,148,47872,155,0.07471186440677965,0.8177966101694913
579347.242912,11630.209236600154,0.9639860280242503,0.01154293973581724,0.02447103223993255,575,1173,46,148,47872,155,0.07471186440677965,0.8288135593220338
579347.242912,11630.209236600154,0.9639860280242503,0.01154293973581724,0.02447103223993255,575,1173,46,148,47872,155,0.07471186440677965,0.8398305084745761
579347.242912,11630.209236600154,0.9639860280242503,0.01154293973581724,0.02447103223993255,575,1173,46,148,47872,155,0.07471186440677965,0.8508474576271186
587953.117856,11802.969403300276,0.9639860280242503,0.012105030714257036,0.023908941261492754,603,1149,42,148,47872,179,0.07471186440677965,0.8618644067796608
587953.117856,11802.969403300276,0.9639860280242503,0.012105030714257036,0.023908941261492754,603,1149,42,148,47872,179,0.07471186440677965,0.8728813559322033
587953.117856,11802.969403300276,0.9639860280242503,0.012105030714257036,0.023908941261492754,603,1149,42,148,47872,179,0.07471186440677965,0.8838983050847455
587953.117856,11802.969403300276,0.9639860280242503,0.012105030714257036,0.023908941261492754,603,1149,42,148,47872,179,0.07471186440677965,0.894915254237288
587953.117856,11802.969403300276,0.9639860280242503,0.012105030714257036,0.023908941261492754,603,1149,42,148,47872,179,0.07471186440677965,0.9059322033898305
587953.117856,11802.969403300276,0.9639860280242503,0.012105030714257036,0.023908941261492754,603,1149,42,148,47872,179,0.07471186440677965,0.9169491525423727
587953.117856,11802.969403300276,0.9639860280242503,0.012105030714257036,0.023908941261492754,603,1149,42,148,47872,179,0.07471186440677965,0.9279661016949152
587953.117856,11802.969403300276,0.9639860280242503,0.012105030714257036,0.023908941261492754,603,1149,42,148,47872,179,0.07471186440677965,0.9389830508474575
660596.116128,13261.25418813988,0.9639860280242503,0.014895410928654595,0.021118561047095193,742,1017,35,148,47872,311,0.07471186440677965,0.95
532648.6357120001,10692.749743285021,0.9639860280242503,0.007849199020355723,0.028164772955394067,391,1274,129,148,47872,54,0.0848135593220339,0.3
532648.6357120001,10692.749743285021,0.9639860280242503,0.007849199020355723,0.028164772955394067,391,1274,129,148,47872,54,0.0848135593220339,0.31101694915254235
526798.4516799999,10575.309183763598,0.9639860280242503,0.008170393865178463,0.027843578110571324,407,1269,118,148,47872,59,0.0848135593220339,0.3220338983050847
526798.4516799999,10575.309183763598,0.9639860280242503,0.008170393865178463,0.027843578110571324,407,1269,118,148,47872,59,0.0848135593220339,0.3330508474576271
513897.50761599996,10316.32688834464,0.9639860280242503,0.009073754366242422,0.026940217609507367,452,1254,88,148,47872,74,0.0848135593220339,0.34406779661016945
513897.50761599996,10316.32688834464,0.9639860280242503,0.009073754366242422,0.026940217609507367,452,1254,88,148,47872,74,0.0848135593220339,0.3550847457627119
513897.50761599996,10316.32688834464,0.9639860280242503,0.009073754366242422,0.026940217609507367,452,1254,88,148,47872,74,0.0848135593220339,0.36610169491525424
513897.50761599996,10316.32688834464,0.9639860280242503,0.009073754366242422,0.026940217609507367,452,1254,88,148,47872,74,0.0848135593220339,0.3771186440677966
513897.50761599996,10316.32688834464,0.9639860280242503,0.009073754366242422,0.026940217609507367,452,1254,88,148,47872,74,0.0848135593220339,0.38813559322033897
513897.50761599996,10316.32688834464,0.9639860280242503,0.009073754366242422,0.026940217609507367,452,1254,88,148,47872,74,0.0848135593220339,0.39915254237288134
513897.50761599996,10316.32688834464,0.9639860280242503,0.009073754366242422,0.026940217609507367,452,1254,88,148,47872,74,0.0848135593220339,0.4101694915254237
513897.50761599996,10316.32688834464,0.9639860280242503,0.009073754366242422,0.026940217609507367,452,1254,88,148,47872,74,0.0848135593220339,0.42118644067796607
518132.3240639999,10401.339464086399,0.9639860280242503,0.00935479985546232,0.02665917212028747,466,1248,80,148,47872,80,0.0848135593220339,0.43220338983050843
518132.3240639999,10401.339464086399,0.9639860280242503,0.00935479985546232,0.02665917212028747,466,1248,80,148,47872,80,0.0848135593220339,0.4432203389830508
518132.3240639999,10401.339464086399,0.9639860280242503,0.00935479985546232,0.02665917212028747,466,1248,80,148,47872,80,0.0848135593220339,0.45423728813559316
518132.3240639999,10401.339464086399,0.9639860280242503,0.00935479985546232,0.02665917212028747,466,1248,80,148,47872,80,0.0848135593220339,0.46525423728813553
518132.3240639999,10401.339464086399,0.9639860280242503,0.00935479985546232,0.02665917212028747,466,1248,80,148,47872,80,0.0848135593220339,0.4762711864406779
518132.3240639999,10401.339464086399,0.9639860280242503,0.00935479985546232,0.02665917212028747,466,1248,80,148,47872,80,0.0848135593220339,0.48728813559322026
518132.3240639999,10401.339464086399,0.9639860280242503,0.00935479985546232,0.02665917212028747,466,1248,80,148,47872,80,0.0848135593220339,0.4983050847457626
516631.604256,10371.212997470591,0.9639860280242503,0.00951539727787369,0.026498574697876098,474,1244,76,148,47872,84,0.0848135593220339,0.5093220338983051
516631.604256,10371.212997470591,0.9639860280242503,0.00951539727787369,0.026498574697876098,474,1244,76,148,47872,84,0.0848135593220339,0.5203389830508474
516631.604256,10371.212997470591,0.9639860280242503,0.00951539727787369,0.026498574697876098,474,1244,76,148,47872,84,0.0848135593220339,0.5313559322033898
516631.604256,10371.212997470591,0.9639860280242503,0.00951539727787369,0.026498574697876098,474,1244,76,148,47872,84,0.0848135593220339,0.5423728813559321
516631.604256,10371.212997470591,0.9639860280242503,0.00951539727787369,0.026498574697876098,474,1244,76,148,47872,84,0.0848135593220339,0.5533898305084746
516631.604256,10371.212997470591,0.9639860280242503,0.00951539727787369,0.026498574697876098,474,1244,76,148,47872,84,0.0848135593220339,0.5644067796610168
516631.604256,10371.212997470591,0.9639860280242503,0.00951539727787369,0.026498574697876098,474,1244,76,148,47872,84,0.0848135593220339,0.5754237288135593
516631.604256,10371.212997470591,0.9639860280242503,0.00951539727787369,0.026498574697876098,474,1244,76,148,47872,84,0.0848135593220339,0.5864406779661016
516631.604256,10371.212997470591,0.9639860280242503,0.00951539727787369,0.026498574697876098,474,1244,76,148,47872,84,0.0848135593220339,0.597457627118644
520623.276832,10451.34453832256,0.9639860280242503,0.009716144055887903,0.026297827919861887,484,1238,72,148,47872,90,0.0848135593220339,0.6084745762711864
520623.276832,10451.34453832256,0.9639860280242503,0.009716144055887903,0.026297827919861887,484,1238,72,148,47872,90,0.0848135593220339,0.6194915254237288
520623.276832,10451.34453832256,0.9639860280242503,0.009716144055887903,0.026297827919861887,484,1238,72,148,47872,90,0.0848135593220339,0.6305084745762711
520623.276832,10451.34453832256,0.9639860280242503,0.009716144055887903,0.026297827919861887,484,1238,72,148,47872,90,0.0848135593220339,0.6415254237288135
520623.276832,10451.34453832256,0.9639860280242503,0.009716144055887903,0.026297827919861887,484,1238,72,148,47872,90,0.0848135593220339,0.6525423728813559
533427.3618559999,10708.382419721362,0.9639860280242503,0.010238085678724857,0.025775886297024934,510,1221,63,148,47872,107,0.0848135593220339,0.6635593220338982
533427.3618559999,10708.382419721362,0.9639860280242503,0.010238085678724857,0.025775886297024934,510,1221,63,148,47872,107,0.0848135593220339,0.6745762711864406
533427.3618559999,10708.382419721362,0.9639860280242503,0.010238085678724857,0.025775886297024934,510,1221,63,148,47872,107,0.0848135593220339,0.685593220338983
533427.3618559999,10708.382419721362,0.9639860280242503,0.010238085678724857,0.025775886297024934,510,1221,63,148,47872,107,0.0848135593220339,0.6966101694915253
533427.3618559999,10708.382419721362,0.9639860280242503,0.010238085678724857,0.025775886297024934,510,1221,63,148,47872,107,0.0848135593220339,0.7076271186440677
541962.642112,10879.725420805396,0.9639860280242503,0.010860400690568916,0.02515357128518087,541,1199,54,148,47872,129,0.0848135593220339,0.7186440677966102
541962.642112,10879.725420805396,0.9639860280242503,0.010860400690568916,0.02515357128518087,541,1199,54,148,47872,129,0.0848135593220339,0.7296610169491524
541962.642112,10879.725420805396,0.9639860280242503,0.010860400690568916,0.02515357128518087,541,1199,54,148,47872,129,0.0848135593220339,0.7406779661016949
541962.642112,10879.725420805396,0.9639860280242503,0.010860400690568916,0.02515357128518087,541,1199,54,148,47872,129,0.0848135593220339,0.7516949152542372
541962.642112,10879.725420805396,0.9639860280242503,0.010860400690568916,0.02515357128518087,541,1199,54,148,47872,129,0.0848135593220339,0.7627118644067796
579347.242912,11630.209236600154,0.9639860280242503,0.01154293973581724,0.02447103223993255,575,1173,46,148,47872,155,0.0848135593220339,0.7737288135593219
579347.242912,11630.209236600154,0.9639860280242503,0.01154293973581724,0.02447103223993255,575,1173,46,148,47872,155,0.0848135593220339,0.7847457627118644
579347.242912,11630.209236600154,0.9639860280242503,0.01154293973581724,0.02447103223993255,575,1173,46,148,47872,155,0.0848135593220339,0.7957627118644066
579347.242912,11630.209236600154,0.9639860280242503,0.01154293973581724,0.02447103223993255,575,1173,46,148,47872,155,0.0848135593220339,0.8067796610169491
579347.242912,11630.209236600154,0.9639860280242503,0.01154293973581724,0.02447103223993255,575,1173,46,148,47872,155,0.0848135593220339,0.8177966101694913
579347.242912,11630.209236600154,0.9639860280242503,0.01154293973581724,0.02447103223993255,575,1173,46,148,47872,155,0.0848135593220339,0.8288135593220338
579347.242912,11630.209236600154,0.9639860280242503,0.01154293973581724,0.02447103223993255,575,1173,46,148,47872,155,0.0848135593220339,0.8398305084745761
579347.242912,11630.209236600154,0.9639860280242503,0.01154293973581724,0.02447103223993255,575,1173,46,148,47872,155,0.0848135593220339,0.8508474576271186
587953.117856,11802.969403300276,0.9639860280242503,0.012105030714257036,0.023908941261492754,603,1149,42,148,47872,179,0.0848135593220339,0.8618644067796608
587953.117856,11802.969403300276,0.9639860280242503,0.012105030714257036,0.023908941261492754,603,1149,42,148,47872,179,0.0848135593220339,0.8728813559322033
587953.117856,11802.969403300276,0.9639860280242503,0.012105030714257036,0.023908941261492754,603,1149,42,148,47872,179,0.0848135593220339,0.8838983050847455
587953.117856,11802.969403300276,0.9639860280242503,0.012105030714257036,0.023908941261492754,603,1149,42,148,47872,179,0.0848135593220339,0.894915254237288
587953.117856,11802.969403300276,0.9639860280242503,0.012105030714257036,0.023908941261492754,603,1149,42,148,47872,179,0.0848135593220339,0.9059322033898305
587953.117856,11802.969403300276,0.9639860280242503,0.012105030714257036,0.023908941261492754,603,1149,42,148,47872,179,0.0848135593220339,0.9169491525423727
587953.117856,11802.969403300276,0.9639860280242503,0.012105030714257036,0.023908941261492754,603,1149,42,148,47872,179,0.0848135593220339,0.9279661016949152
587953.117856,11802.969403300276,0.9639860280242503,0.012105030714257036,0.023908941261492754,603,1149,42,148,47872,179,0.0848135593220339,0.9389830508474575
660596.116128,13261.25418813988,0.9639860280242503,0.014895410928654595,0.021118561047095193,742,1017,35,148,47872,311,0.0848135593220339,0.95
532648.6357120001,10692.749743285021,0.9639860280242503,0.007849199020355723,0.028164772955394067,391,1274,129,148,47872,54,0.09491525423728814,0.3
532648.6357120001,10692.749743285021,0.9639860280242503,0.007849199020355723,0.028164772955394067,391,1274,129,148,47872,54,0.09491525423728814,0.31101694915254235
526798.4516799999,10575.309183763598,0.9639860280242503,0.008170393865178463,0.027843578110571324,407,1269,118,148,47872,59,0.09491525423728814,0.3220338983050847
526798.4516799999,10575.309183763598,0.9639860280242503,0.008170393865178463,0.027843578110571324,407,1269,118,148,47872,59,0.09491525423728814,0.3330508474576271
513897.50761599996,10316.32688834464,0.9639860280242503,0.009073754366242422,0.026940217609507367,452,1254,88,148,47872,74,0.09491525423728814,0.34406779661016945
513897.50761599996,10316.32688834464,0.9639860280242503,0.009073754366242422,0.026940217609507367,452,1254,88,148,47872,74,0.09491525423728814,0.3550847457627119
513897.50761599996,10316.32688834464,0.9639860280242503,0.009073754366242422,0.026940217609507367,452,1254,88,148,47872,74,0.09491525423728814,0.36610169491525424
513897.50761599996,10316.32688834464,0.9639860280242503,0.009073754366242422,0.026940217609507367,452,1254,88,148,47872,74,0.09491525423728814,0.3771186440677966
513897.50761599996,10316.32688834464,0.9639860280242503,0.009073754366242422,0.026940217609507367,452,1254,88,148,47872,74,0.09491525423728814,0.38813559322033897
513897.50761599996,10316.32688834464,0.9639860280242503,0.009073754366242422,0.026940217609507367,452,1254,88,148,47872,74,0.09491525423728814,0.39915254237288134
513897.50761599996,10316.32688834464,0.9639860280242503,0.009073754366242422,0.026940217609507367,452,1254,88,148,47872,74,0.09491525423728814,0.4101694915254237
513897.50761599996,10316.32688834464,0.9639860280242503,0.009073754366242422,0.026940217609507367,452,1254,88,148,47872,74,0.09491525423728814,0.42118644067796607
518132.3240639999,10401.339464086399,0.9639860280242503,0.00935479985546232,0.02665917212028747,466,1248,80,148,47872,80,0.09491525423728814,0.43220338983050843
518132.3240639999,10401.339464086399,0.9639860280242503,0.00935479985546232,0.02665917212028747,466,1248,80,148,47872,80,0.09491525423728814,0.4432203389830508
518132.3240639999,10401.339464086399,0.9639860280242503,0.00935479985546232,0.02665917212028747,466,1248,80,148,47872,80,0.09491525423728814,0.45423728813559316
518132.3240639999,10401.339464086399,0.9639860280242503,0.00935479985546232,0.02665917212028747,466,1248,80,148,47872,80,0.09491525423728814,0.46525423728813553
518132.3240639999,10401.339464086399,0.9639860280242503,0.00935479985546232,0.02665917212028747,466,1248,80,148,47872,80,0.09491525423728814,0.4762711864406779
518132.3240639999,10401.339464086399,0.9639860280242503,0.00935479985546232,0.02665917212028747,466,1248,80,148,47872,80,0.09491525423728814,0.48728813559322026
518132.3240639999,10401.339464086399,0.9639860280242503,0.00935479985546232,0.02665917212028747,466,1248,80,148,47872,80,0.09491525423728814,0.4983050847457626
516631.604256,10371.212997470591,0.9639860280242503,0.00951539727787369,0.026498574697876098,474,1244,76,148,47872,84,0.09491525423728814,0.5093220338983051
516631.604256,10371.212997470591,0.9639860280242503,0.00951539727787369,0.026498574697876098,474,1244,76,148,47872,84,0.09491525423728814,0.5203389830508474
516631.604256,10371.212997470591,0.9639860280242503,0.00951539727787369,0.026498574697876098,474,1244,76,148,47872,84,0.09491525423728814,0.5313559322033898
516631.604256,10371.212997470591,0.9639860280242503,0.00951539727787369,0.026498574697876098,474,1244,76,148,47872,84,0.09491525423728814,0.5423728813559321
516631.604256,10371.212997470591,0.9639860280242503,0.00951539727787369,0.026498574697876098,474,1244,76,148,47872,84,0.09491525423728814,0.5533898305084746
516631.604256,10371.212997470591,0.9639860280242503,0.00951539727787369,0.026498574697876098,474,1244,76,148,47872,84,0.09491525423728814,0.5644067796610168
516631.604256,10371.212997470591,0.9639860280242503,0.00951539727787369,0.026498574697876098,474,1244,76,148,47872,84,0.09491525423728814,0.5754237288135593
516631.604256,10371.212997470591,0.9639860280242503,0.00951539727787369,0.026498574697876098,474,1244,76,148,47872,84,0.09491525423728814,0.5864406779661016
516631.604256,10371.212997470591,0.9639860280242503,0.00951539727787369,0.026498574697876098,474,1244,76,148,47872,84,0.09491525423728814,0.597457627118644
520623.276832,10451.34453832256,0.9639860280242503,0.009716144055887903,0.026297827919861887,484,1238,72,148,47872,90,0.09491525423728814,0.6084745762711864
520623.276832,10451.34453832256,0.9639860280242503,0.009716144055887903,0.026297827919861887,484,1238,72,148,47872,90,0.09491525423728814,0.6194915254237288
520623.276832,10451.34453832256,0.9639860280242503,0.009716144055887903,0.026297827919861887,484,1238,72,148,47872,90,0.09491525423728814,0.6305084745762711
520623.276832,10451.34453832256,0.9639860280242503,0.009716144055887903,0.026297827919861887,484,1238,72,148,47872,90,0.09491525423728814,0.6415254237288135
520623.276832,10451.34453832256,0.9639860280242503,0.009716144055887903,0.026297827919861887,484,1238,72,148,47872,90,0.09491525423728814,0.6525423728813559
533427.3618559999,10708.382419721362,0.9639860280242503,0.010238085678724857,0.025775886297024934,510,1221,63,148,47872,107,0.09491525423728814,0.6635593220338982
533427.3618559999,10708.382419721362,0.9639860280242503,0.010238085678724857,0.025775886297024934,510,1221,63,148,47872,107,0.09491525423728814,0.6745762711864406
533427.3618559999,10708.382419721362,0.9639860280242503,0.010238085678724857,0.025775886297024934,510,1221,63,148,47872,107,0.09491525423728814,0.685593220338983
533427.3618559999,10708.382419721362,0.9639860280242503,0.010238085678724857,0.025775886297024934,510,1221,63,148,47872,107,0.09491525423728814,0.6966101694915253
533427.3618559999,10708.382419721362,0.9639860280242503,0.010238085678724857,0.025775886297024934,510,1221,63,148,47872,107,0.09491525423728814,0.7076271186440677
541962.642112,10879.725420805396,0.9639860280242503,0.010860400690568916,0.02515357128518087,541,1199,54,148,47872,129,0.09491525423728814,0.7186440677966102
541962.642112,10879.725420805396,0.9639860280242503,0.010860400690568916,0.02515357128518087,541,1199,54,148,47872,129,0.09491525423728814,0.7296610169491524
541962.642112,10879.725420805396,0.9639860280242503,0.010860400690568916,0.02515357128518087,541,1199,54,148,47872,129,0.09491525423728814,0.7406779661016949
541962.642112,10879.725420805396,0.9639860280242503,0.010860400690568916,0.02515357128518087,541,1199,54,148,47872,129,0.09491525423728814,0.7516949152542372
541962.642112,10879.725420805396,0.9639860280242503,0.010860400690568916,0.02515357128518087,541,1199,54,148,47872,129,0.09491525423728814,0.7627118644067796
579347.242912,11630.209236600154,0.9639860280242503,0.01154293973581724,0.02447103223993255,575,1173,46,148,47872,155,0.09491525423728814,0.7737288135593219
579347.242912,11630.209236600154,0.9639860280242503,0.01154293973581724,0.02447103223993255,575,1173,46,148,47872,155,0.09491525423728814,0.7847457627118644
579347.242912,11630.209236600154,0.9639860280242503,0.01154293973581724,0.02447103223993255,575,1173,46,148,47872,155,0.09491525423728814,0.7957627118644066
579347.242912,11630.209236600154,0.9639860280242503,0.01154293973581724,0.02447103223993255,575,1173,46,148,47872,155,0.09491525423728814,0.8067796610169491
579347.242912,11630.209236600154,0.9639860280242503,0.01154293973581724,0.02447103223993255,575,1173,46,148,47872,155,0.09491525423728814,0.8177966101694913
579347.242912,11630.209236600154,0.9639860280242503,0.01154293973581724,0.02447103223993255,575,1173,46,148,47872,155,0.09491525423728814,0.8288135593220338
579347.242912,11630.209236600154,0.9639860280242503,0.01154293973581724,0.02447103223993255,575,1173,46,148,47872,155,0.09491525423728814,0.8398305084745761
579347.242912,11630.209236600154,0.9639860280242503,0.01154293973581724,0.02447103223993255,575,1173,46,148,47872,155,0.09491525423728814,0.8508474576271186
587953.117856,11802.969403300276,0.9639860280242503,0.012105030714257036,0.023908941261492754,603,1149,42,148,47872,179,0.09491525423728814,0.8618644067796608
587953.117856,11802.969403300276,0.9639860280242503,0.012105030714257036,0.023908941261492754,603,1149,42,148,47872,179,0.09491525423728814,0.8728813559322033
587953.117856,11802.969403300276,0.9639860280242503,0.012105030714257036,0.023908941261492754,603,1149,42,148,47872,179,0.09491525423728814,0.8838983050847455
587953.117856,11802.969403300276,0.9639860280242503,0.012105030714257036,0.023908941261492754,603,1149,42,148,47872,179,0.09491525423728814,0.894915254237288
587953.117856,11802.969403300276,0.9639860280242503,0.012105030714257036,0.023908941261492754,603,1149,42,148,47872,179,0.09491525423728814,0.9059322033898305
587953.117856,11802.969403300276,0.9639860280242503,0.012105030714257036,0.023908941261492754,603,1149,42,148,47872,179,0.09491525423728814,0.9169491525423727
587953.117856,11802.969403300276,0.9639860280242503,0.012105030714257036,0.023908941261492754,603,1149,42,148,47872,179,0.09491525423728814,0.9279661016949152
587953.117856,11802.969403300276,0.9639860280242503,0.012105030714257036,0.023908941261492754,603,1149,42,148,47872,179,0.09491525423728814,0.9389830508474575
660596.116128,13261.25418813988,0.9639860280242503,0.014895410928654595,0.021118561047095193,742,1017,35,148,47872,311,0.09491525423728814,0.95
631580.9123999999,12678.78332195768,0.969125145541414,0.0027100815031918736,0.028164772955394067,135,1274,129,174,48102,28,0.10501694915254237,0.3
631580.9123999999,12678.78332195768,0.969125145541414,0.0027100815031918736,0.028164772955394067,135,1274,129,174,48102,28,0.10501694915254237,0.31101694915254235
625730.728368,12561.342762436263,0.969125145541414,0.0030312763480146144,0.027843578110571324,151,1269,118,174,48102,33,0.10501694915254237,0.3220338983050847
625730.728368,12561.342762436263,0.969125145541414,0.0030312763480146144,0.027843578110571324,151,1269,118,174,48102,33,0.10501694915254237,0.3330508474576271
612829.784304,12302.360467017303,0.969125145541414,0.003934636849078572,0.026940217609507367,196,1254,88,174,48102,48,0.10501694915254237,0.34406779661016945
612829.784304,12302.360467017303,0.969125145541414,0.003934636849078572,0.026940217609507367,196,1254,88,174,48102,48,0.10501694915254237,0.3550847457627119
612829.784304,12302.360467017303,0.969125145541414,0.003934636849078572,0.026940217609507367,196,1254,88,174,48102,48,0.10501694915254237,0.36610169491525424
612829.784304,12302.360467017303,0.969125145541414,0.003934636849078572,0.026940217609507367,196,1254,88,174,48102,48,0.10501694915254237,0.3771186440677966
612829.784304,12302.360467017303,0.969125145541414,0.003934636849078572,0.026940217609507367,196,1254,88,174,48102,48,0.10501694915254237,0.38813559322033897
612829.784304,12302.360467017303,0.969125145541414,0.003934636849078572,0.026940217609507367,196,1254,88,174,48102,48,0.10501694915254237,0.39915254237288134
612829.784304,12302.360467017303,0.969125145541414,0.003934636849078572,0.026940217609507367,196,1254,88,174,48102,48,0.10501694915254237,0.4101694915254237
612829.784304,12302.360467017303,0.969125145541414,0.003934636849078572,0.026940217609507367,196,1254,88,174,48102,48,0.10501694915254237,0.42118644067796607
617064.600752,12387.373042759064,0.969125145541414,0.00421568233829847,0.02665917212028747,210,1248,80,174,48102,54,0.10501694915254237,0.43220338983050843
617064.600752,12387.373042759064,0.969125145541414,0.00421568233829847,0.02665917212028747,210,1248,80,174,48102,54,0.10501694915254237,0.4432203389830508
617064.600752,12387.373042759064,0.969125145541414,0.00421568233829847,0.02665917212028747,210,1248,80,174,48102,54,0.10501694915254237,0.45423728813559316
617064.600752,12387.373042759064,0.969125145541414,0.00421568233829847,0.02665917212028747,210,1248,80,174,48102,54,0.10501694915254237,0.46525423728813553
617064.600752,12387.373042759064,0.969125145541414,0.00421568233829847,0.02665917212028747,210,1248,80,174,48102,54,0.10501694915254237,0.4762711864406779
617064.600752,12387.373042759064,0.969125145541414,0.00421568233829847,0.02665917212028747,210,1248,80,174,48102,54,0.10501694915254237,0.48728813559322026
617064.600752,12387.373042759064,0.969125145541414,0.00421568233829847,0.02665917212028747,210,1248,80,174,48102,54,0.10501694915254237,0.4983050847457626
615563.880944,12357.246576143252,0.969125145541414,0.004376279760709841,0.026498574697876098,218,1244,76,174,48102,58,0.10501694915254237,0.5093220338983051
615563.880944,12357.246576143252,0.969125145541414,0.004376279760709841,0.026498574697876098,218,1244,76,174,48102,58,0.10501694915254237,0.5203389830508474
615563.880944,12357.246576143252,0.969125145541414,0.004376279760709841,0.026498574697876098,218,1244,76,174,48102,58,0.10501694915254237,0.5313559322033898
615563.880944,12357.246576143252,0.969125145541414,0.004376279760709841,0.026498574697876098,218,1244,76,174,48102,58,0.10501694915254237,0.5423728813559321
615563.880944,12357.246576143252,0.969125145541414,0.004376279760709841,0.026498574697876098,218,1244,76,174,48102,58,0.10501694915254237,0.5533898305084746
615563.880944,12357.246576143252,0.969125145541414,0.004376279760709841,0.026498574697876098,218,1244,76,174,48102,58,0.10501694915254237,0.5644067796610168
615563.880944,12357.246576143252,0.969125145541414,0.004376279760709841,0.026498574697876098,218,1244,76,174,48102,58,0.10501694915254237,0.5754237288135593
615563.880944,12357.246576143252,0.969125145541414,0.004376279760709841,0.026498574697876098,218,1244,76,174,48102,58,0.10501694915254237,0.5864406779661016
615563.880944,12357.246576143252,0.969125145541414,0.004376279760709841,0.026498574697876098,218,1244,76,174,48102,58,0.10501694915254237,0.597457627118644
619555.55352,12437.378116995222,0.969125145541414,0.004577026538724054,0.026297827919861887,228,1238,72,174,48102,64,0.10501694915254237,0.6084745762711864
619555.55352,12437.378116995222,0.969125145541414,0.004577026538724054,0.026297827919861887,228,1238,72,174,48102,64,0.10501694915254237,0.6194915254237288
619555.55352,12437.378116995222,0.969125145541414,0.004577026538724054,0.026297827919861887,228,1238,72,174,48102,64,0.10501694915254237,0.6305084745762711
619555.55352,12437.378116995222,0.969125145541414,0.004577026538724054,0.026297827919861887,228,1238,72,174,48102,64,0.10501694915254237,0.6415254237288135
619555.55352,12437.378116995222,0.969125145541414,0.004577026538724054,0.026297827919861887,228,1238,72,174,48102,64,0.10501694915254237,0.6525423728813559
632359.638544,12694.415998394026,0.969125145541414,0.005098968161561007,0.025775886297024934,254,1221,63,174,48102,81,0.10501694915254237,0.6635593220338982
632359.638544,12694.415998394026,0.969125145541414,0.005098968161561007,0.025775886297024934,254,1221,63,174,48102,81,0.10501694915254237,0.6745762711864406
632359.638544,12694.415998394026,0.969125145541414,0.005098968161561007,0.025775886297024934,254,1221,63,174,48102,81,0.10501694915254237,0.685593220338983
632359.638544,12694.415998394026,0.969125145541414,0.005098968161561007,0.025775886297024934,254,1221,63,174,48102,81,0.10501694915254237,0.6966101694915253
632359.638544,12694.415998394026,0.969125145541414,0.005098968161561007,0.025775886297024934,254,1221,63,174,48102,81,0.10501694915254237,0.7076271186440677
640894.9188,12865.758999478057,0.969125145541414,0.005721283173405067,0.02515357128518087,285,1199,54,174,48102,103,0.10501694915254237,0.7186440677966102
640894.9188,12865.758999478057,0.969125145541414,0.005721283173405067,0.02515357128518087,285,1199,54,174,48102,103,0.10501694915254237,0.7296610169491524
640894.9188,12865.758999478057,0.969125145541414,0.005721283173405067,0.02515357128518087,285,1199,54,174,48102,103,0.10501694915254237,0.7406779661016949
640894.9188,12865.758999478057,0.969125145541414,0.005721283173405067,0.02515357128518087,285,1199,54,174,48102,103,0.10501694915254237,0.7516949152542372
640894.9188,12865.758999478057,0.969125145541414,0.005721283173405067,0.02515357128518087,285,1199,54,174,48102,103,0.10501694915254237,0.7627118644067796
678279.5196,13616.242815272813,0.969125145541414,0.0064038222186533905,0.02447103223993255,319,1173,46,174,48102,129,0.10501694915254237,0.7737288135593219
678279.5196,13616.242815272813,0.969125145541414,0.0064038222186533905,0.02447103223993255,319,1173,46,174,48102,129,0.10501694915254237,0.7847457627118644
678279.5196,13616.242815272813,0.969125145541414,0.0064038222186533905,0.02447103223993255,319,1173,46,174,48102,129,0.10501694915254237,0.7957627118644066
678279.5196,13616.242815272813,0.969125145541414,0.0064038222186533905,0.02447103223993255,319,1173,46,174,48102,129,0.10501694915254237,0.8067796610169491
678279.5196,13616.242815272813,0.969125145541414,0.0064038222186533905,0.02447103223993255,319,1173,46,174,48102,129,0.10501694915254237,0.8177966101694913
678279.5196,13616.242815272813,0.969125145541414,0.0064038222186533905,0.02447103223993255,319,1173,46,174,48102,129,0.10501694915254237,0.8288135593220338
678279.5196,13616.242815272813,0.969125145541414,0.0064038222186533905,0.02447103223993255,319,1173,46,174,48102,129,0.10501694915254237,0.8398305084745761
678279.5196,13616.242815272813,0.969125145541414,0.0064038222186533905,0.02447103223993255,319,1173,46,174,48102,129,0.10501694915254237,0.8508474576271186
686885.394544,13789.00298197294,0.969125145541414,0.006965913197093187,0.023908941261492754,347,1149,42,174,48102,153,0.10501694915254237,0.8618644067796608
686885.394544,13789.00298197294,0.969125145541414,0.006965913197093187,0.023908941261492754,347,1149,42,174,48102,153,0.10501694915254237,0.8728813559322033
686885.394544,13789.00298197294,0.969125145541414,0.006965913197093187,0.023908941261492754,347,1149,42,174,48102,153,0.10501694915254237,0.8838983050847455
686885.394544,13789.00298197294,0.969125145541414,0.006965913197093187,0.023908941261492754,347,1149,42,174,48102,153,0.10501694915254237,0.894915254237288
686885.394544,13789.00298197294,0.969125145541414,0.006965913197093187,0.023908941261492754,347,1149,42,174,48102,153,0.10501694915254237,0.9059322033898305
686885.394544,13789.00298197294,0.969125145541414,0.006965913197093187,0.023908941261492754,347,1149,42,174,48102,153,0.10501694915254237,0.9169491525423727
686885.394544,13789.00298197294,0.969125145541414,0.006965913197093187,0.023908941261492754,347,1149,42,174,48102,153,0.10501694915254237,0.9279661016949152
686885.394544,13789.00298197294,0.969125145541414,0.006965913197093187,0.023908941261492754,347,1149,42,174,48102,153,0.10501694915254237,0.9389830508474575
759528.392816,15247.287766812544,0.969125145541414,0.009756293411490745,0.021118561047095193,486,1017,35,174,48102,285,0.10501694915254237,0.95
631400.79664,12675.167556108723,0.9694864897418396,0.0023487373027662904,0.028164772955394067,117,1274,129,176,48118,26,0.11511864406779661,0.3
631400.79664,12675.167556108723,0.9694864897418396,0.0023487373027662904,0.028164772955394067,117,1274,129,176,48118,26,0.11511864406779661,0.31101694915254235
625550.6126079999,12557.726996587304,0.9694864897418396,0.002669932147589031,0.027843578110571324,133,1269,118,176,48118,31,0.11511864406779661,0.3220338983050847
625550.6126079999,12557.726996587304,0.9694864897418396,0.002669932147589031,0.027843578110571324,133,1269,118,176,48118,31,0.11511864406779661,0.3330508474576271
612649.668544,12298.744701168345,0.9694864897418396,0.003573292648652989,0.026940217609507367,178,1254,88,176,48118,46,0.11511864406779661,0.34406779661016945
612649.668544,12298.744701168345,0.9694864897418396,0.003573292648652989,0.026940217609507367,178,1254,88,176,48118,46,0.11511864406779661,0.3550847457627119
612649.668544,12298.744701168345,0.9694864897418396,0.003573292648652989,0.026940217609507367,178,1254,88,176,48118,46,0.11511864406779661,0.36610169491525424
612649.668544,12298.744701168345,0.9694864897418396,0.003573292648652989,0.026940217609507367,178,1254,88,176,48118,46,0.11511864406779661,0.3771186440677966
612649.668544,12298.744701168345,0.9694864897418396,0.003573292648652989,0.026940217609507367,178,1254,88,176,48118,46,0.11511864406779661,0.38813559322033897
612649.668544,12298.744701168345,0.9694864897418396,0.003573292648652989,0.026940217609507367,178,1254,88,176,48118,46,0.11511864406779661,0.39915254237288134
612649.668544,12298.744701168345,0.9694864897418396,0.003573292648652989,0.026940217609507367,178,1254,88,176,48118,46,0.11511864406779661,0.4101694915254237
612649.668544,12298.744701168345,0.9694864897418396,0.003573292648652989,0.026940217609507367,178,1254,88,176,48118,46,0.11511864406779661,0.42118644067796607
616884.484992,12383.757276910106,0.9694864897418396,0.0038543381378728873,0.02665917212028747,192,1248,80,176,48118,52,0.11511864406779661,0.43220338983050843
616884.484992,12383.757276910106,0.9694864897418396,0.0038543381378728873,0.02665917212028747,192,1248,80,176,48118,52,0.11511864406779661,0.4432203389830508
616884.484992,12383.757276910106,0.9694864897418396,0.0038543381378728873,0.02665917212028747,192,1248,80,176,48118,52,0.11511864406779661,0.45423728813559316
616884.484992,12383.757276910106,0.9694864897418396,0.0038543381378728873,0.02665917212028747,192,1248,80,176,48118,52,0.11511864406779661,0.46525423728813553
616884.484992,12383.757276910106,0.9694864897418396,0.0038543381378728873,0.02665917212028747,192,1248,80,176,48118,52,0.11511864406779661,0.4762711864406779
616884.484992,12383.757276910106,0.9694864897418396,0.0038543381378728873,0.02665917212028747,192,1248,80,176,48118,52,0.11511864406779661,0.48728813559322026
616884.484992,12383.757276910106,0.9694864897418396,0.0038543381378728873,0.02665917212028747,192,1248,80,176,48118,52,0.11511864406779661,0.4983050847457626
615383.7651839999,12353.630810294293,0.9694864897418396,0.004014935560284257,0.026498574697876098,200,1244,76,176,48118,56,0.11511864406779661,0.5093220338983051
615383.7651839999,12353.630810294293,0.9694864897418396,0.004014935560284257,0.026498574697876098,200,1244,76,176,48118,56,0.11511864406779661,0.5203389830508474
615383.7651839999,12353.630810294293,0.9694864897418396,0.004014935560284257,0.026498574697876098,200,1244,76,176,48118,56,0.11511864406779661,0.5313559322033898
615383.7651839999,12353.630810294293,0.9694864897418396,0.004014935560284257,0.026498574697876098,200,1244,76,176,48118,56,0.11511864406779661,0.5423728813559321
615383.7651839999,12353.630810294293,0.9694864897418396,0.004014935560284257,0.026498574697876098,200,1244,76,176,48118,56,0.11511864406779661,0.5533898305084746
615383.7651839999,12353.630810294293,0.9694864897418396,0.004014935560284257,0.026498574697876098,200,1244,76,176,48118,56,0.11511864406779661,0.5644067796610168
615383.7651839999,12353.630810294293,0.9694864897418396,0.004014935560284257,0.026498574697876098,200,1244,76,176,48118,56,0.11511864406779661,0.5754237288135593
615383.7651839999,12353.630810294293,0.9694864897418396,0.004014935560284257,0.026498574697876098,200,1244,76,176,48118,56,0.11511864406779661,0.5864406779661016
615383.7651839999,12353.630810294293,0.9694864897418396,0.004014935560284257,0.026498574697876098,200,1244,76,176,48118,56,0.11511864406779661,0.597457627118644
619375.4377599999,12433.762351146263,0.9694864897418396,0.00421568233829847,0.026297827919861887,210,1238,72,176,48118,62,0.11511864406779661,0.6084745762711864
619375.4377599999,12433.762351146263,0.9694864897418396,0.00421568233829847,0.026297827919861887,210,1238,72,176,48118,62,0.11511864406779661,0.6194915254237288
619375.4377599999,12433.762351146263,0.9694864897418396,0.00421568233829847,0.026297827919861887,210,1238,72,176,48118,62,0.11511864406779661,0.6305084745762711
619375.4377599999,12433.762351146263,0.9694864897418396,0.00421568233829847,0.026297827919861887,210,1238,72,176,48118,62,0.11511864406779661,0.6415254237288135
619375.4377599999,12433.762351146263,0.9694864897418396,0.00421568233829847,0.026297827919861887,210,1238,72,176,48118,62,0.11511864406779661,0.6525423728813559
632179.522784,12690.800232545069,0.9694864897418396,0.004737623961135424,0.025775886297024934,236,1221,63,176,48118,79,0.11511864406779661,0.6635593220338982
632179.522784,12690.800232545069,0.9694864897418396,0.004737623961135424,0.025775886297024934,236,1221,63,176,48118,79,0.11511864406779661,0.6745762711864406
632179.522784,12690.800232545069,0.9694864897418396,0.004737623961135424,0.025775886297024934,236,1221,63,176,48118,79,0.11511864406779661,0.685593220338983
632179.522784,12690.800232545069,0.9694864897418396,0.004737623961135424,0.025775886297024934,236,1221,63,176,48118,79,0.11511864406779661,0.6966101694915253
632179.522784,12690.800232545069,0.9694864897418396,0.004737623961135424,0.025775886297024934,236,1221,63,176,48118,79,0.11511864406779661,0.7076271186440677
640714.8030399999,12862.143233629098,0.9694864897418396,0.005359938972979483,0.02515357128518087,267,1199,54,176,48118,101,0.11511864406779661,0.7186440677966102
640714.8030399999,12862.143233629098,0.9694864897418396,0.005359938972979483,0.02515357128518087,267,1199,54,176,48118,101,0.11511864406779661,0.7296610169491524
640714.8030399999,12862.143233629098,0.9694864897418396,0.005359938972979483,0.02515357128518087,267,1199,54,176,48118,101,0.11511864406779661,0.7406779661016949
640714.8030399999,12862.143233629098,0.9694864897418396,0.005359938972979483,0.02515357128518087,267,1199,54,176,48118,101,0.11511864406779661,0.7516949152542372
640714.8030399999,12862.143233629098,0.9694864897418396,0.005359938972979483,0.02515357128518087,267,1199,54,176,48118,101,0.11511864406779661,0.7627118644067796
678099.4038399999,13612.627049423854,0.9694864897418396,0.006042478018227808,0.02447103223993255,301,1173,46,176,48118,127,0.11511864406779661,0.7737288135593219
678099.4038399999,13612.627049423854,0.9694864897418396,0.006042478018227808,0.02447103223993255,301,1173,46,176,48118,127,0.11511864406779661,0.7847457627118644
678099.4038399999,13612.627049423854,0.9694864897418396,0.006042478018227808,0.02447103223993255,301,1173,46,176,48118,127,0.11511864406779661,0.7957627118644066
678099.4038399999,13612.627049423854,0.9694864897418396,0.006042478018227808,0.02447103223993255,301,1173,46,176,48118,127,0.11511864406779661,0.8067796610169491
678099.4038399999,13612.627049423854,0.9694864897418396,0.006042478018227808,0.02447103223993255,301,1173,46,176,48118,127,0.11511864406779661,0.8177966101694913
678099.4038399999,13612.627049423854,0.9694864897418396,0.006042478018227808,0.02447103223993255,301,1173,46,176,48118,127,0.11511864406779661,0.8288135593220338
678099.4038399999,13612.627049423854,0.9694864897418396,0.006042478018227808,0.02447103223993255,301,1173,46,176,48118,127,0.11511864406779661,0.8398305084745761
678099.4038399999,13612.627049423854,0.9694864897418396,0.006042478018227808,0.02447103223993255,301,1173,46,176,48118,127,0.11511864406779661,0.8508474576271186
686705.278784,13785.387216123981,0.9694864897418396,0.006604568996667603,0.023908941261492754,329,1149,42,176,48118,151,0.11511864406779661,0.8618644067796608
686705.278784,13785.387216123981,0.9694864897418396,0.006604568996667603,0.023908941261492754,329,1149,42,176,48118,151,0.11511864406779661,0.8728813559322033
686705.278784,13785.387216123981,0.9694864897418396,0.006604568996667603,0.023908941261492754,329,1149,42,176,48118,151,0.11511864406779661,0.8838983050847455
686705.278784,13785.387216123981,0.9694864897418396,0.006604568996667603,0.023908941261492754,329,1149,42,176,48118,151,0.11511864406779661,0.894915254237288
686705.278784,13785.387216123981,0.9694864897418396,0.006604568996667603,0.023908941261492754,329,1149,42,176,48118,151,0.11511864406779661,0.9059322033898305
686705.278784,13785.387216123981,0.9694864897418396,0.006604568996667603,0.023908941261492754,329,1149,42,176,48118,151,0.11511864406779661,0.9169491525423727
686705.278784,13785.387216123981,0.9694864897418396,0.006604568996667603,0.023908941261492754,329,1149,42,176,48118,151,0.11511864406779661,0.9279661016949152
686705.278784,13785.387216123981,0.9694864897418396,0.006604568996667603,0.023908941261492754,329,1149,42,176,48118,151,0.11511864406779661,0.9389830508474575
759348.277056,15243.672000963583,0.9694864897418396,0.009394949211065162,0.021118561047095193,468,1017,35,176,48118,283,0.11511864406779661,0.95
632683.0430079999,12700.908238808364,0.9698277592644639,0.0020074677801421286,0.028164772955394067,100,1274,129,178,48133,24,0.12522033898305085,0.3
632683.0430079999,12700.908238808364,0.9698277592644639,0.0020074677801421286,0.028164772955394067,100,1274,129,178,48133,24,0.12522033898305085,0.31101694915254235
626832.858976,12583.467679286947,0.9698277592644639,0.0023286626249648694,0.027843578110571324,116,1269,118,178,48133,29,0.12522033898305085,0.3220338983050847
626832.858976,12583.467679286947,0.9698277592644639,0.0023286626249648694,0.027843578110571324,116,1269,118,178,48133,29,0.12522033898305085,0.3330508474576271
613931.914912,12324.485383867986,0.9698277592644639,0.0032320231260288272,0.026940217609507367,161,1254,88,178,48133,44,0.12522033898305085,0.34406779661016945
613931.914912,12324.485383867986,0.9698277592644639,0.0032320231260288272,0.026940217609507367,161,1254,88,178,48133,44,0.12522033898305085,0.3550847457627119
613931.914912,12324.485383867986,0.9698277592644639,0.0032320231260288272,0.026940217609507367,161,1254,88,178,48133,44,0.12522033898305085,0.36610169491525424
613931.914912,12324.485383867986,0.9698277592644639,0.0032320231260288272,0.026940217609507367,161,1254,88,178,48133,44,0.12522033898305085,0.3771186440677966
613931.914912,12324.485383867986,0.9698277592644639,0.0032320231260288272,0.026940217609507367,161,1254,88,178,48133,44,0.12522033898305085,0.38813559322033897
613931.914912,12324.485383867986,0.9698277592644639,0.0032320231260288272,0.026940217609507367,161,1254,88,178,48133,44,0.12522033898305085,0.39915254237288134
613931.914912,12324.485383867986,0.9698277592644639,0.0032320231260288272,0.026940217609507367,161,1254,88,178,48133,44,0.12522033898305085,0.4101694915254237
613931.914912,12324.485383867986,0.9698277592644639,0.0032320231260288272,0.026940217609507367,161,1254,88,178,48133,44,0.12522033898305085,0.42118644067796607
618166.7313600001,12409.49795960975,0.9698277592644639,0.003513068615248725,0.02665917212028747,175,1248,80,178,48133,50,0.12522033898305085,0.43220338983050843
618166.7313600001,12409.49795960975,0.9698277592644639,0.003513068615248725,0.02665917212028747,175,1248,80,178,48133,50,0.12522033898305085,0.4432203389830508
618166.7313600001,12409.49795960975,0.9698277592644639,0.003513068615248725,0.02665917212028747,175,1248,80,178,48133,50,0.12522033898305085,0.45423728813559316
618166.7313600001,12409.49795960975,0.9698277592644639,0.003513068615248725,0.02665917212028747,175,1248,80,178,48133,50,0.12522033898305085,0.46525423728813553
618166.7313600001,12409.49795960975,0.9698277592644639,0.003513068615248725,0.02665917212028747,175,1248,80,178,48133,50,0.12522033898305085,0.4762711864406779
618166.7313600001,12409.49795960975,0.9698277592644639,0.003513068615248725,0.02665917212028747,175,1248,80,178,48133,50,0.12522033898305085,0.48728813559322026
618166.7313600001,12409.49795960975,0.9698277592644639,0.003513068615248725,0.02665917212028747,175,1248,80,178,48133,50,0.12522033898305085,0.4983050847457626
616666.011552,12379.371492993936,0.9698277592644639,0.0036736660376600954,0.026498574697876098,183,1244,76,178,48133,54,0.12522033898305085,0.5093220338983051
616666.011552,12379.371492993936,0.9698277592644639,0.0036736660376600954,0.026498574697876098,183,1244,76,178,48133,54,0.12522033898305085,0.5203389830508474
616666.011552,12379.371492993936,0.9698277592644639,0.0036736660376600954,0.026498574697876098,183,1244,76,178,48133,54,0.12522033898305085,0.5313559322033898
616666.011552,12379.371492993936,0.9698277592644639,0.0036736660376600954,0.026498574697876098,183,1244,76,178,48133,54,0.12522033898305085,0.5423728813559321
616666.011552,12379.371492993936,0.9698277592644639,0.0036736660376600954,0.026498574697876098,183,1244,76,178,48133,54,0.12522033898305085,0.5533898305084746
616666.011552,12379.371492993936,0.9698277592644639,0.0036736660376600954,0.026498574697876098,183,1244,76,178,48133,54,0.12522033898305085,0.5644067796610168
616666.011552,12379.371492993936,0.9698277592644639,0.0036736660376600954,0.026498574697876098,183,1244,76,178,48133,54,0.12522033898305085,0.5754237288135593
616666.011552,12379.371492993936,0.9698277592644639,0.0036736660376600954,0.026498574697876098,183,1244,76,178,48133,54,0.12522033898305085,0.5864406779661016
616666.011552,12379.371492993936,0.9698277592644639,0.0036736660376600954,0.026498574697876098,183,1244,76,178,48133,54,0.12522033898305085,0.597457627118644
620657.6841279999,12459.503033845906,0.9698277592644639,0.0038744128156743083,0.026297827919861887,193,1238,72,178,48133,60,0.12522033898305085,0.6084745762711864
620657.6841279999,12459.503033845906,0.9698277592644639,0.0038744128156743083,0.026297827919861887,193,1238,72,178,48133,60,0.12522033898305085,0.6194915254237288
620657.6841279999,12459.503033845906,0.9698277592644639,0.0038744128156743083,0.026297827919861887,193,1238,72,178,48133,60,0.12522033898305085,0.6305084745762711
620657.6841279999,12459.503033845906,0.9698277592644639,0.0038744128156743083,0.026297827919861887,193,1238,72,178,48133,60,0.12522033898305085,0.6415254237288135
620657.6841279999,12459.503033845906,0.9698277592644639,0.0038744128156743083,0.026297827919861887,193,1238,72,178,48133,60,0.12522033898305085,0.6525423728813559
633461.7691520001,12716.540915244712,0.9698277592644639,0.004396354438511262,0.025775886297024934,219,1221,63,178,48133,77,0.12522033898305085,0.6635593220338982
633461.7691520001,12716.540915244712,0.9698277592644639,0.004396354438511262,0.025775886297024934,219,1221,63,178,48133,77,0.12522033898305085,0.6745762711864406
633461.7691520001,12716.540915244712,0.9698277592644639,0.004396354438511262,0.025775886297024934,219,1221,63,178,48133,77,0.12522033898305085,0.685593220338983
633461.7691520001,12716.540915244712,0.9698277592644639,0.004396354438511262,0.025775886297024934,219,1221,63,178,48133,77,0.12522033898305085,0.6966101694915253
633461.7691520001,12716.540915244712,0.9698277592644639,0.004396354438511262,0.025775886297024934,219,1221,63,178,48133,77,0.12522033898305085,0.7076271186440677
641997.049408,12887.883916328741,0.9698277592644639,0.0050186694503553215,0.02515357128518087,250,1199,54,178,48133,99,0.12522033898305085,0.7186440677966102
641997.049408,12887.883916328741,0.9698277592644639,0.0050186694503553215,0.02515357128518087,250,1199,54,178,48133,99,0.12522033898305085,0.7296610169491524
641997.049408,12887.883916328741,0.9698277592644639,0.0050186694503553215,0.02515357128518087,250,1199,54,178,48133,99,0.12522033898305085,0.7406779661016949
641997.049408,12887.883916328741,0.9698277592644639,0.0050186694503553215,0.02515357128518087,250,1199,54,178,48133,99,0.12522033898305085,0.7516949152542372
641997.049408,12887.883916328741,0.9698277592644639,0.0050186694503553215,0.02515357128518087,250,1199,54,178,48133,99,0.12522033898305085,0.7627118644067796
679381.650208,13638.367732123499,0.9698277592644639,0.005701208495603646,0.02447103223993255,284,1173,46,178,48133,125,0.12522033898305085,0.7737288135593219
679381.650208,13638.367732123499,0.9698277592644639,0.005701208495603646,0.02447103223993255,284,1173,46,178,48133,125,0.12522033898305085,0.7847457627118644
679381.650208,13638.367732123499,0.9698277592644639,0.005701208495603646,0.02447103223993255,284,1173,46,178,48133,125,0.12522033898305085,0.7957627118644066
679381.650208,13638.367732123499,0.9698277592644639,0.005701208495603646,0.02447103223993255,284,1173,46,178,48133,125,0.12522033898305085,0.8067796610169491
679381.650208,13638.367732123499,0.9698277592644639,0.005701208495603646,0.02447103223993255,284,1173,46,178,48133,125,0.12522033898305085,0.8177966101694913
679381.650208,13638.367732123499,0.9698277592644639,0.005701208495603646,0.02447103223993255,284,1173,46,178,48133,125,0.12522033898305085,0.8288135593220338
679381.650208,13638.367732123499,0.9698277592644639,0.005701208495603646,0.02447103223993255,284,1173,46,178,48133,125,0.12522033898305085,0.8398305084745761
679381.650208,13638.367732123499,0.9698277592644639,0.005701208495603646,0.02447103223993255,284,1173,46,178,48133,125,0.12522033898305085,0.8508474576271186
687987.5251519999,13811.127898823623,0.9698277592644639,0.006263299474043442,0.023908941261492754,312,1149,42,178,48133,149,0.12522033898305085,0.8618644067796608
687987.5251519999,13811.127898823623,0.9698277592644639,0.006263299474043442,0.023908941261492754,312,1149,42,178,48133,149,0.12522033898305085,0.8728813559322033
687987.5251519999,13811.127898823623,0.9698277592644639,0.006263299474043442,0.023908941261492754,312,1149,42,178,48133,149,0.12522033898305085,0.8838983050847455
687987.5251519999,13811.127898823623,0.9698277592644639,0.006263299474043442,0.023908941261492754,312,1149,42,178,48133,149,0.12522033898305085,0.894915254237288
687987.5251519999,13811.127898823623,0.9698277592644639,0.006263299474043442,0.023908941261492754,312,1149,42,178,48133,149,0.12522033898305085,0.9059322033898305
687987.5251519999,13811.127898823623,0.9698277592644639,0.006263299474043442,0.023908941261492754,312,1149,42,178,48133,149,0.12522033898305085,0.9169491525423727
687987.5251519999,13811.127898823623,0.9698277592644639,0.006263299474043442,0.023908941261492754,312,1149,42,178,48133,149,0.12522033898305085,0.9279661016949152
687987.5251519999,13811.127898823623,0.9698277592644639,0.006263299474043442,0.023908941261492754,312,1149,42,178,48133,149,0.12522033898305085,0.9389830508474575
760630.523424,15269.412683663228,0.9698277592644639,0.009053679688441,0.021118561047095193,451,1017,35,178,48133,281,0.12522033898305085,0.95
632683.0430079999,12700.908238808364,0.9698277592644639,0.0020074677801421286,0.028164772955394067,100,1274,129,178,48133,24,0.13532203389830508,0.3
632683.0430079999,12700.908238808364,0.9698277592644639,0.0020074677801421286,0.028164772955394067,100,1274,129,178,48133,24,0.13532203389830508,0.31101694915254235
626832.858976,12583.467679286947,0.9698277592644639,0.0023286626249648694,0.027843578110571324,116,1269,118,178,48133,29,0.13532203389830508,0.3220338983050847
626832.858976,12583.467679286947,0.9698277592644639,0.0023286626249648694,0.027843578110571324,116,1269,118,178,48133,29,0.13532203389830508,0.3330508474576271
613931.914912,12324.485383867986,0.9698277592644639,0.0032320231260288272,0.026940217609507367,161,1254,88,178,48133,44,0.13532203389830508,0.34406779661016945
613931.914912,12324.485383867986,0.9698277592644639,0.0032320231260288272,0.026940217609507367,161,1254,88,178,48133,44,0.13532203389830508,0.3550847457627119
613931.914912,12324.485383867986,0.9698277592644639,0.0032320231260288272,0.026940217609507367,161,1254,88,178,48133,44,0.13532203389830508,0.36610169491525424
613931.914912,12324.485383867986,0.9698277592644639,0.0032320231260288272,0.026940217609507367,161,1254,88,178,48133,44,0.13532203389830508,0.3771186440677966
613931.914912,12324.485383867986,0.9698277592644639,0.0032320231260288272,0.026940217609507367,161,1254,88,178,48133,44,0.13532203389830508,0.38813559322033897
613931.914912,12324.485383867986,0.9698277592644639,0.0032320231260288272,0.026940217609507367,161,1254,88,178,48133,44,0.13532203389830508,0.39915254237288134
613931.914912,12324.485383867986,0.9698277592644639,0.0032320231260288272,0.026940217609507367,161,1254,88,178,48133,44,0.13532203389830508,0.4101694915254237
613931.914912,12324.485383867986,0.9698277592644639,0.0032320231260288272,0.026940217609507367,161,1254,88,178,48133,44,0.13532203389830508,0.42118644067796607
618166.7313600001,12409.49795960975,0.9698277592644639,0.003513068615248725,0.02665917212028747,175,1248,80,178,48133,50,0.13532203389830508,0.43220338983050843
618166.7313600001,12409.49795960975,0.9698277592644639,0.003513068615248725,0.02665917212028747,175,1248,80,178,48133,50,0.13532203389830508,0.4432203389830508
618166.7313600001,12409.49795960975,0.9698277592644639,0.003513068615248725,0.02665917212028747,175,1248,80,178,48133,50,0.13532203389830508,0.45423728813559316
618166.7313600001,12409.49795960975,0.9698277592644639,0.003513068615248725,0.02665917212028747,175,1248,80,178,48133,50,0.13532203389830508,0.46525423728813553
618166.7313600001,12409.49795960975,0.9698277592644639,0.003513068615248725,0.02665917212028747,175,1248,80,178,48133,50,0.13532203389830508,0.4762711864406779
618166.7313600001,12409.49795960975,0.9698277592644639,0.003513068615248725,0.02665917212028747,175,1248,80,178,48133,50,0.13532203389830508,0.48728813559322026
618166.7313600001,12409.49795960975,0.9698277592644639,0.003513068615248725,0.02665917212028747,175,1248,80,178,48133,50,0.13532203389830508,0.4983050847457626
616666.011552,12379.371492993936,0.9698277592644639,0.0036736660376600954,0.026498574697876098,183,1244,76,178,48133,54,0.13532203389830508,0.5093220338983051
616666.011552,12379.371492993936,0.9698277592644639,0.0036736660376600954,0.026498574697876098,183,1244,76,178,48133,54,0.13532203389830508,0.5203389830508474
616666.011552,12379.371492993936,0.9698277592644639,0.0036736660376600954,0.026498574697876098,183,1244,76,178,48133,54,0.13532203389830508,0.5313559322033898
616666.011552,12379.371492993936,0.9698277592644639,0.0036736660376600954,0.026498574697876098,183,1244,76,178,48133,54,0.13532203389830508,0.5423728813559321
616666.011552,12379.371492993936,0.9698277592644639,0.0036736660376600954,0.026498574697876098,183,1244,76,178,48133,54,0.13532203389830508,0.5533898305084746
616666.011552,12379.371492993936,0.9698277592644639,0.0036736660376600954,0.026498574697876098,183,1244,76,178,48133,54,0.13532203389830508,0.5644067796610168
616666.011552,12379.371492993936,0.9698277592644639,0.0036736660376600954,0.026498574697876098,183,1244,76,178,48133,54,0.13532203389830508,0.5754237288135593
616666.011552,12379.371492993936,0.9698277592644639,0.0036736660376600954,0.026498574697876098,183,1244,76,178,48133,54,0.13532203389830508,0.5864406779661016
616666.011552,12379.371492993936,0.9698277592644639,0.0036736660376600954,0.026498574697876098,183,1244,76,178,48133,54,0.13532203389830508,0.597457627118644
620657.6841279999,12459.503033845906,0.9698277592644639,0.0038744128156743083,0.026297827919861887,193,1238,72,178,48133,60,0.13532203389830508,0.6084745762711864
620657.6841279999,12459.503033845906,0.9698277592644639,0.0038744128156743083,0.026297827919861887,193,1238,72,178,48133,60,0.13532203389830508,0.6194915254237288
620657.6841279999,12459.503033845906,0.9698277592644639,0.0038744128156743083,0.026297827919861887,193,1238,72,178,48133,60,0.13532203389830508,0.6305084745762711
620657.6841279999,12459.503033845906,0.9698277592644639,0.0038744128156743083,0.026297827919861887,193,1238,72,178,48133,60,0.13532203389830508,0.6415254237288135
620657.6841279999,12459.503033845906,0.9698277592644639,0.0038744128156743083,0.026297827919861887,193,1238,72,178,48133,60,0.13532203389830508,0.6525423728813559
633461.7691520001,12716.540915244712,0.9698277592644639,0.004396354438511262,0.025775886297024934,219,1221,63,178,48133,77,0.13532203389830508,0.6635593220338982
633461.7691520001,12716.540915244712,0.9698277592644639,0.004396354438511262,0.025775886297024934,219,1221,63,178,48133,77,0.13532203389830508,0.6745762711864406
633461.7691520001,12716.540915244712,0.9698277592644639,0.004396354438511262,0.025775886297024934,219,1221,63,178,48133,77,0.13532203389830508,0.685593220338983
633461.7691520001,12716.540915244712,0.9698277592644639,0.004396354438511262,0.025775886297024934,219,1221,63,178,48133,77,0.13532203389830508,0.6966101694915253
633461.7691520001,12716.540915244712,0.9698277592644639,0.004396354438511262,0.025775886297024934,219,1221,63,178,48133,77,0.13532203389830508,0.7076271186440677
641997.049408,12887.883916328741,0.9698277592644639,0.0050186694503553215,0.02515357128518087,250,1199,54,178,48133,99,0.13532203389830508,0.7186440677966102
641997.049408,12887.883916328741,0.9698277592644639,0.0050186694503553215,0.02515357128518087,250,1199,54,178,48133,99,0.13532203389830508,0.7296610169491524
641997.049408,12887.883916328741,0.9698277592644639,0.0050186694503553215,0.02515357128518087,250,1199,54,178,48133,99,0.13532203389830508,0.7406779661016949
641997.049408,12887.883916328741,0.9698277592644639,0.0050186694503553215,0.02515357128518087,250,1199,54,178,48133,99,0.13532203389830508,0.7516949152542372
641997.049408,12887.883916328741,0.9698277592644639,0.0050186694503553215,0.02515357128518087,250,1199,54,178,48133,99,0.13532203389830508,0.7627118644067796
679381.650208,13638.367732123499,0.9698277592644639,0.005701208495603646,0.02447103223993255,284,1173,46,178,48133,125,0.13532203389830508,0.7737288135593219
679381.650208,13638.367732123499,0.9698277592644639,0.005701208495603646,0.02447103223993255,284,1173,46,178,48133,125,0.13532203389830508,0.7847457627118644
679381.650208,13638.367732123499,0.9698277592644639,0.005701208495603646,0.02447103223993255,284,1173,46,178,48133,125,0.13532203389830508,0.7957627118644066
679381.650208,13638.367732123499,0.9698277592644639,0.005701208495603646,0.02447103223993255,284,1173,46,178,48133,125,0.13532203389830508,0.8067796610169491
679381.650208,13638.367732123499,0.9698277592644639,0.005701208495603646,0.02447103223993255,284,1173,46,178,48133,125,0.13532203389830508,0.8177966101694913
679381.650208,13638.367732123499,0.9698277592644639,0.005701208495603646,0.02447103223993255,284,1173,46,178,48133,125,0.13532203389830508,0.8288135593220338
679381.650208,13638.367732123499,0.9698277592644639,0.005701208495603646,0.02447103223993255,284,1173,46,178,48133,125,0.13532203389830508,0.8398305084745761
679381.650208,13638.367732123499,0.9698277592644639,0.005701208495603646,0.02447103223993255,284,1173,46,178,48133,125,0.13532203389830508,0.8508474576271186
687987.5251519999,13811.127898823623,0.9698277592644639,0.006263299474043442,0.023908941261492754,312,1149,42,178,48133,149,0.13532203389830508,0.8618644067796608
687987.5251519999,13811.127898823623,0.9698277592644639,0.006263299474043442,0.023908941261492754,312,1149,42,178,48133,149,0.13532203389830508,0.8728813559322033
687987.5251519999,13811.127898823623,0.9698277592644639,0.006263299474043442,0.023908941261492754,312,1149,42,178,48133,149,0.13532203389830508,0.8838983050847455
687987.5251519999,13811.127898823623,0.9698277592644639,0.006263299474043442,0.023908941261492754,312,1149,42,178,48133,149,0.13532203389830508,0.894915254237288
687987.5251519999,13811.127898823623,0.9698277592644639,0.006263299474043442,0.023908941261492754,312,1149,42,178,48133,149,0.13532203389830508,0.9059322033898305
687987.5251519999,13811.127898823623,0.9698277592644639,0.006263299474043442,0.023908941261492754,312,1149,42,178,48133,149,0.13532203389830508,0.9169491525423727
687987.5251519999,13811.127898823623,0.9698277592644639,0.006263299474043442,0.023908941261492754,312,1149,42,178,48133,149,0.13532203389830508,0.9279661016949152
687987.5251519999,13811.127898823623,0.9698277592644639,0.006263299474043442,0.023908941261492754,312,1149,42,178,48133,149,0.13532203389830508,0.9389830508474575
760630.523424,15269.412683663228,0.9698277592644639,0.009053679688441,0.021118561047095193,451,1017,35,178,48133,281,0.13532203389830508,0.95
632683.0430079999,12700.908238808364,0.9698277592644639,0.0020074677801421286,0.028164772955394067,100,1274,129,178,48133,24,0.1454237288135593,0.3
632683.0430079999,12700.908238808364,0.9698277592644639,0.0020074677801421286,0.028164772955394067,100,1274,129,178,48133,24,0.1454237288135593,0.31101694915254235
626832.858976,12583.467679286947,0.9698277592644639,0.0023286626249648694,0.027843578110571324,116,1269,118,178,48133,29,0.1454237288135593,0.3220338983050847
626832.858976,12583.467679286947,0.9698277592644639,0.0023286626249648694,0.027843578110571324,116,1269,118,178,48133,29,0.1454237288135593,0.3330508474576271
613931.914912,12324.485383867986,0.9698277592644639,0.0032320231260288272,0.026940217609507367,161,1254,88,178,48133,44,0.1454237288135593,0.34406779661016945
613931.914912,12324.485383867986,0.9698277592644639,0.0032320231260288272,0.026940217609507367,161,1254,88,178,48133,44,0.1454237288135593,0.3550847457627119
613931.914912,12324.485383867986,0.9698277592644639,0.0032320231260288272,0.026940217609507367,161,1254,88,178,48133,44,0.1454237288135593,0.36610169491525424
613931.914912,12324.485383867986,0.9698277592644639,0.0032320231260288272,0.026940217609507367,161,1254,88,178,48133,44,0.1454237288135593,0.3771186440677966
613931.914912,12324.485383867986,0.9698277592644639,0.0032320231260288272,0.026940217609507367,161,1254,88,178,48133,44,0.1454237288135593,0.38813559322033897
613931.914912,12324.485383867986,0.9698277592644639,0.0032320231260288272,0.026940217609507367,161,1254,88,178,48133,44,0.1454237288135593,0.39915254237288134
613931.914912,12324.485383867986,0.9698277592644639,0.0032320231260288272,0.026940217609507367,161,1254,88,178,48133,44,0.1454237288135593,0.4101694915254237
613931.914912,12324.485383867986,0.9698277592644639,0.0032320231260288272,0.026940217609507367,161,1254,88,178,48133,44,0.1454237288135593,0.42118644067796607
618166.7313600001,12409.49795960975,0.9698277592644639,0.003513068615248725,0.02665917212028747,175,1248,80,178,48133,50,0.1454237288135593,0.43220338983050843
618166.7313600001,12409.49795960975,0.9698277592644639,0.003513068615248725,0.02665917212028747,175,1248,80,178,48133,50,0.1454237288135593,0.4432203389830508
618166.7313600001,12409.49795960975,0.9698277592644639,0.003513068615248725,0.02665917212028747,175,1248,80,178,48133,50,0.1454237288135593,0.45423728813559316
618166.7313600001,12409.49795960975,0.9698277592644639,0.003513068615248725,0.02665917212028747,175,1248,80,178,48133,50,0.1454237288135593,0.46525423728813553
618166.7313600001,12409.49795960975,0.9698277592644639,0.003513068615248725,0.02665917212028747,175,1248,80,178,48133,50,0.1454237288135593,0.4762711864406779
618166.7313600001,12409.49795960975,0.9698277592644639,0.003513068615248725,0.02665917212028747,175,1248,80,178,48133,50,0.1454237288135593,0.48728813559322026
618166.7313600001,12409.49795960975,0.9698277592644639,0.003513068615248725,0.02665917212028747,175,1248,80,178,48133,50,0.1454237288135593,0.4983050847457626
616666.011552,12379.371492993936,0.9698277592644639,0.0036736660376600954,0.026498574697876098,183,1244,76,178,48133,54,0.1454237288135593,0.5093220338983051
616666.011552,12379.371492993936,0.9698277592644639,0.0036736660376600954,0.026498574697876098,183,1244,76,178,48133,54,0.1454237288135593,0.5203389830508474
616666.011552,12379.371492993936,0.9698277592644639,0.0036736660376600954,0.026498574697876098,183,1244,76,178,48133,54,0.1454237288135593,0.5313559322033898
616666.011552,12379.371492993936,0.9698277592644639,0.0036736660376600954,0.026498574697876098,183,1244,76,178,48133,54,0.1454237288135593,0.5423728813559321
616666.011552,12379.371492993936,0.9698277592644639,0.0036736660376600954,0.026498574697876098,183,1244,76,178,48133,54,0.1454237288135593,0.5533898305084746
616666.011552,12379.371492993936,0.9698277592644639,0.0036736660376600954,0.026498574697876098,183,1244,76,178,48133,54,0.1454237288135593,0.5644067796610168
616666.011552,12379.371492993936,0.9698277592644639,0.0036736660376600954,0.026498574697876098,183,1244,76,178,48133,54,0.1454237288135593,0.5754237288135593
616666.011552,12379.371492993936,0.9698277592644639,0.0036736660376600954,0.026498574697876098,183,1244,76,178,48133,54,0.1454237288135593,0.5864406779661016
616666.011552,12379.371492993936,0.9698277592644639,0.0036736660376600954,0.026498574697876098,183,1244,76,178,48133,54,0.1454237288135593,0.597457627118644
620657.6841279999,12459.503033845906,0.9698277592644639,0.0038744128156743083,0.026297827919861887,193,1238,72,178,48133,60,0.1454237288135593,0.6084745762711864
620657.6841279999,12459.503033845906,0.9698277592644639,0.0038744128156743083,0.026297827919861887,193,1238,72,178,48133,60,0.1454237288135593,0.6194915254237288
620657.6841279999,12459.503033845906,0.9698277592644639,0.0038744128156743083,0.026297827919861887,193,1238,72,178,48133,60,0.1454237288135593,0.6305084745762711
620657.6841279999,12459.503033845906,0.9698277592644639,0.0038744128156743083,0.026297827919861887,193,1238,72,178,48133,60,0.1454237288135593,0.6415254237288135
620657.6841279999,12459.503033845906,0.9698277592644639,0.0038744128156743083,0.026297827919861887,193,1238,72,178,48133,60,0.1454237288135593,0.6525423728813559
633461.7691520001,12716.540915244712,0.9698277592644639,0.004396354438511262,0.025775886297024934,219,1221,63,178,48133,77,0.1454237288135593,0.6635593220338982
633461.7691520001,12716.540915244712,0.9698277592644639,0.004396354438511262,0.025775886297024934,219,1221,63,178,48133,77,0.1454237288135593,0.6745762711864406
633461.7691520001,12716.540915244712,0.9698277592644639,0.004396354438511262,0.025775886297024934,219,1221,63,178,48133,77,0.1454237288135593,0.685593220338983
633461.7691520001,12716.540915244712,0.9698277592644639,0.004396354438511262,0.025775886297024934,219,1221,63,178,48133,77,0.1454237288135593,0.6966101694915253
633461.7691520001,12716.540915244712,0.9698277592644639,0.004396354438511262,0.025775886297024934,219,1221,63,178,48133,77,0.1454237288135593,0.7076271186440677
641997.049408,12887.883916328741,0.9698277592644639,0.0050186694503553215,0.02515357128518087,250,1199,54,178,48133,99,0.1454237288135593,0.7186440677966102
641997.049408,12887.883916328741,0.9698277592644639,0.0050186694503553215,0.02515357128518087,250,1199,54,178,48133,99,0.1454237288135593,0.7296610169491524
641997.049408,12887.883916328741,0.9698277592644639,0.0050186694503553215,0.02515357128518087,250,1199,54,178,48133,99,0.1454237288135593,0.7406779661016949
641997.049408,12887.883916328741,0.9698277592644639,0.0050186694503553215,0.02515357128518087,250,1199,54,178,48133,99,0.1454237288135593,0.7516949152542372
641997.049408,12887.883916328741,0.9698277592644639,0.0050186694503553215,0.02515357128518087,250,1199,54,178,48133,99,0.1454237288135593,0.7627118644067796
679381.650208,13638.367732123499,0.9698277592644639,0.005701208495603646,0.02447103223993255,284,1173,46,178,48133,125,0.1454237288135593,0.7737288135593219
679381.650208,13638.367732123499,0.9698277592644639,0.005701208495603646,0.02447103223993255,284,1173,46,178,48133,125,0.1454237288135593,0.7847457627118644
679381.650208,13638.367732123499,0.9698277592644639,0.005701208495603646,0.02447103223993255,284,1173,46,178,48133,125,0.1454237288135593,0.7957627118644066
679381.650208,13638.367732123499,0.9698277592644639,0.005701208495603646,0.02447103223993255,284,1173,46,178,48133,125,0.1454237288135593,0.8067796610169491
679381.650208,13638.367732123499,0.9698277592644639,0.005701208495603646,0.02447103223993255,284,1173,46,178,48133,125,0.1454237288135593,0.8177966101694913
679381.650208,13638.367732123499,0.9698277592644639,0.005701208495603646,0.02447103223993255,284,1173,46,178,48133,125,0.1454237288135593,0.8288135593220338
679381.650208,13638.367732123499,0.9698277592644639,0.005701208495603646,0.02447103223993255,284,1173,46,178,48133,125,0.1454237288135593,0.8398305084745761
679381.650208,13638.367732123499,0.9698277592644639,0.005701208495603646,0.02447103223993255,284,1173,46,178,48133,125,0.1454237288135593,0.8508474576271186
687987.5251519999,13811.127898823623,0.9698277592644639,0.006263299474043442,0.023908941261492754,312,1149,42,178,48133,149,0.1454237288135593,0.8618644067796608
687987.5251519999,13811.127898823623,0.9698277592644639,0.006263299474043442,0.023908941261492754,312,1149,42,178,48133,149,0.1454237288135593,0.8728813559322033
687987.5251519999,13811.127898823623,0.9698277592644639,0.006263299474043442,0.023908941261492754,312,1149,42,178,48133,149,0.1454237288135593,0.8838983050847455
687987.5251519999,13811.127898823623,0.9698277592644639,0.006263299474043442,0.023908941261492754,312,1149,42,178,48133,149,0.1454237288135593,0.894915254237288
687987.5251519999,13811.127898823623,0.9698277592644639,0.006263299474043442,0.023908941261492754,312,1149,42,178,48133,149,0.1454237288135593,0.9059322033898305
687987.5251519999,13811.127898823623,0.9698277592644639,0.006263299474043442,0.023908941261492754,312,1149,42,178,48133,149,0.1454237288135593,0.9169491525423727
687987.5251519999,13811.127898823623,0.9698277592644639,0.006263299474043442,0.023908941261492754,312,1149,42,178,48133,149,0.1454237288135593,0.9279661016949152
687987.5251519999,13811.127898823623,0.9698277592644639,0.006263299474043442,0.023908941261492754,312,1149,42,178,48133,149,0.1454237288135593,0.9389830508474575
760630.523424,15269.412683663228,0.9698277592644639,0.009053679688441,0.021118561047095193,451,1017,35,178,48133,281,0.1454237288135593,0.95
632683.0430079999,12700.908238808364,0.9698277592644639,0.0020074677801421286,0.028164772955394067,100,1274,129,178,48133,24,0.15552542372881356,0.3
632683.0430079999,12700.908238808364,0.9698277592644639,0.0020074677801421286,0.028164772955394067,100,1274,129,178,48133,24,0.15552542372881356,0.31101694915254235
626832.858976,12583.467679286947,0.9698277592644639,0.0023286626249648694,0.027843578110571324,116,1269,118,178,48133,29,0.15552542372881356,0.3220338983050847
626832.858976,12583.467679286947,0.9698277592644639,0.0023286626249648694,0.027843578110571324,116,1269,118,178,48133,29,0.15552542372881356,0.3330508474576271
613931.914912,12324.485383867986,0.9698277592644639,0.0032320231260288272,0.026940217609507367,161,1254,88,178,48133,44,0.15552542372881356,0.34406779661016945
613931.914912,12324.485383867986,0.9698277592644639,0.0032320231260288272,0.026940217609507367,161,1254,88,178,48133,44,0.15552542372881356,0.3550847457627119
613931.914912,12324.485383867986,0.9698277592644639,0.0032320231260288272,0.026940217609507367,161,1254,88,178,48133,44,0.15552542372881356,0.36610169491525424
613931.914912,12324.485383867986,0.9698277592644639,0.0032320231260288272,0.026940217609507367,161,1254,88,178,48133,44,0.15552542372881356,0.3771186440677966
613931.914912,12324.485383867986,0.9698277592644639,0.0032320231260288272,0.026940217609507367,161,1254,88,178,48133,44,0.15552542372881356,0.38813559322033897
613931.914912,12324.485383867986,0.9698277592644639,0.0032320231260288272,0.026940217609507367,161,1254,88,178,48133,44,0.15552542372881356,0.39915254237288134
613931.914912,12324.485383867986,0.9698277592644639,0.0032320231260288272,0.026940217609507367,161,1254,88,178,48133,44,0.15552542372881356,0.4101694915254237
613931.914912,12324.485383867986,0.9698277592644639,0.0032320231260288272,0.026940217609507367,161,1254,88,178,48133,44,0.15552542372881356,0.42118644067796607
618166.7313600001,12409.49795960975,0.9698277592644639,0.003513068615248725,0.02665917212028747,175,1248,80,178,48133,50,0.15552542372881356,0.43220338983050843
618166.7313600001,12409.49795960975,0.9698277592644639,0.003513068615248725,0.02665917212028747,175,1248,80,178,48133,50,0.15552542372881356,0.4432203389830508
618166.7313600001,12409.49795960975,0.9698277592644639,0.003513068615248725,0.02665917212028747,175,1248,80,178,48133,50,0.15552542372881356,0.45423728813559316
618166.7313600001,12409.49795960975,0.9698277592644639,0.003513068615248725,0.02665917212028747,175,1248,80,178,48133,50,0.15552542372881356,0.46525423728813553
618166.7313600001,12409.49795960975,0.9698277592644639,0.003513068615248725,0.02665917212028747,175,1248,80,178,48133,50,0.15552542372881356,0.4762711864406779
618166.7313600001,12409.49795960975,0.9698277592644639,0.003513068615248725,0.02665917212028747,175,1248,80,178,48133,50,0.15552542372881356,0.48728813559322026
618166.7313600001,12409.49795960975,0.9698277592644639,0.003513068615248725,0.02665917212028747,175,1248,80,178,48133,50,0.15552542372881356,0.4983050847457626
616666.011552,12379.371492993936,0.9698277592644639,0.0036736660376600954,0.026498574697876098,183,1244,76,178,48133,54,0.15552542372881356,0.5093220338983051
616666.011552,12379.371492993936,0.9698277592644639,0.0036736660376600954,0.026498574697876098,183,1244,76,178,48133,54,0.15552542372881356,0.5203389830508474
616666.011552,12379.371492993936,0.9698277592644639,0.0036736660376600954,0.026498574697876098,183,1244,76,178,48133,54,0.15552542372881356,0.5313559322033898
616666.011552,12379.371492993936,0.9698277592644639,0.0036736660376600954,0.026498574697876098,183,1244,76,178,48133,54,0.15552542372881356,0.5423728813559321
616666.011552,12379.371492993936,0.9698277592644639,0.0036736660376600954,0.026498574697876098,183,1244,76,178,48133,54,0.15552542372881356,0.5533898305084746
616666.011552,12379.371492993936,0.9698277592644639,0.0036736660376600954,0.026498574697876098,183,1244,76,178,48133,54,0.15552542372881356,0.5644067796610168
616666.011552,12379.371492993936,0.9698277592644639,0.0036736660376600954,0.026498574697876098,183,1244,76,178,48133,54,0.15552542372881356,0.5754237288135593
616666.011552,12379.371492993936,0.9698277592644639,0.0036736660376600954,0.026498574697876098,183,1244,76,178,48133,54,0.15552542372881356,0.5864406779661016
616666.011552,12379.371492993936,0.9698277592644639,0.0036736660376600954,0.026498574697876098,183,1244,76,178,48133,54,0.15552542372881356,0.597457627118644
620657.6841279999,12459.503033845906,0.9698277592644639,0.0038744128156743083,0.026297827919861887,193,1238,72,178,48133,60,0.15552542372881356,0.6084745762711864
620657.6841279999,12459.503033845906,0.9698277592644639,0.0038744128156743083,0.026297827919861887,193,1238,72,178,48133,60,0.15552542372881356,0.6194915254237288
620657.6841279999,12459.503033845906,0.9698277592644639,0.0038744128156743083,0.026297827919861887,193,1238,72,178,48133,60,0.15552542372881356,0.6305084745762711
620657.6841279999,12459.503033845906,0.9698277592644639,0.0038744128156743083,0.026297827919861887,193,1238,72,178,48133,60,0.15552542372881356,0.6415254237288135
620657.6841279999,12459.503033845906,0.9698277592644639,0.0038744128156743083,0.026297827919861887,193,1238,72,178,48133,60,0.15552542372881356,0.6525423728813559
633461.7691520001,12716.540915244712,0.9698277592644639,0.004396354438511262,0.025775886297024934,219,1221,63,178,48133,77,0.15552542372881356,0.6635593220338982
633461.7691520001,12716.540915244712,0.9698277592644639,0.004396354438511262,0.025775886297024934,219,1221,63,178,48133,77,0.15552542372881356,0.6745762711864406
633461.7691520001,12716.540915244712,0.9698277592644639,0.004396354438511262,0.025775886297024934,219,1221,63,178,48133,77,0.15552542372881356,0.685593220338983
633461.7691520001,12716.540915244712,0.9698277592644639,0.004396354438511262,0.025775886297024934,219,1221,63,178,48133,77,0.15552542372881356,0.6966101694915253
633461.7691520001,12716.540915244712,0.9698277592644639,0.004396354438511262,0.025775886297024934,219,1221,63,178,48133,77,0.15552542372881356,0.7076271186440677
641997.049408,12887.883916328741,0.9698277592644639,0.0050186694503553215,0.02515357128518087,250,1199,54,178,48133,99,0.15552542372881356,0.7186440677966102
641997.049408,12887.883916328741,0.9698277592644639,0.0050186694503553215,0.02515357128518087,250,1199,54,178,48133,99,0.15552542372881356,0.7296610169491524
641997.049408,12887.883916328741,0.9698277592644639,0.0050186694503553215,0.02515357128518087,250,1199,54,178,48133,99,0.15552542372881356,0.7406779661016949
641997.049408,12887.883916328741,0.9698277592644639,0.0050186694503553215,0.02515357128518087,250,1199,54,178,48133,99,0.15552542372881356,0.7516949152542372
641997.049408,12887.883916328741,0.9698277592644639,0.0050186694503553215,0.02515357128518087,250,1199,54,178,48133,99,0.15552542372881356,0.7627118644067796
679381.650208,13638.367732123499,0.9698277592644639,0.005701208495603646,0.02447103223993255,284,1173,46,178,48133,125,0.15552542372881356,0.7737288135593219
679381.650208,13638.367732123499,0.9698277592644639,0.005701208495603646,0.02447103223993255,284,1173,46,178,48133,125,0.15552542372881356,0.7847457627118644
679381.650208,13638.367732123499,0.9698277592644639,0.005701208495603646,0.02447103223993255,284,1173,46,178,48133,125,0.15552542372881356,0.7957627118644066
679381.650208,13638.367732123499,0.9698277592644639,0.005701208495603646,0.02447103223993255,284,1173,46,178,48133,125,0.15552542372881356,0.8067796610169491
679381.650208,13638.367732123499,0.9698277592644639,0.005701208495603646,0.02447103223993255,284,1173,46,178,48133,125,0.15552542372881356,0.8177966101694913
679381.650208,13638.367732123499,0.9698277592644639,0.005701208495603646,0.02447103223993255,284,1173,46,178,48133,125,0.15552542372881356,0.8288135593220338
679381.650208,13638.367732123499,0.9698277592644639,0.005701208495603646,0.02447103223993255,284,1173,46,178,48133,125,0.15552542372881356,0.8398305084745761
679381.650208,13638.367732123499,0.9698277592644639,0.005701208495603646,0.02447103223993255,284,1173,46,178,48133,125,0.15552542372881356,0.8508474576271186
687987.5251519999,13811.127898823623,0.9698277592644639,0.006263299474043442,0.023908941261492754,312,1149,42,178,48133,149,0.15552542372881356,0.8618644067796608
687987.5251519999,13811.127898823623,0.9698277592644639,0.006263299474043442,0.023908941261492754,312,1149,42,178,48133,149,0.15552542372881356,0.8728813559322033
687987.5251519999,13811.127898823623,0.9698277592644639,0.006263299474043442,0.023908941261492754,312,1149,42,178,48133,149,0.15552542372881356,0.8838983050847455
687987.5251519999,13811.127898823623,0.9698277592644639,0.006263299474043442,0.023908941261492754,312,1149,42,178,48133,149,0.15552542372881356,0.894915254237288
687987.5251519999,13811.127898823623,0.9698277592644639,0.006263299474043442,0.023908941261492754,312,1149,42,178,48133,149,0.15552542372881356,0.9059322033898305
687987.5251519999,13811.127898823623,0.9698277592644639,0.006263299474043442,0.023908941261492754,312,1149,42,178,48133,149,0.15552542372881356,0.9169491525423727
687987.5251519999,13811.127898823623,0.9698277592644639,0.006263299474043442,0.023908941261492754,312,1149,42,178,48133,149,0.15552542372881356,0.9279661016949152
687987.5251519999,13811.127898823623,0.9698277592644639,0.006263299474043442,0.023908941261492754,312,1149,42,178,48133,149,0.15552542372881356,0.9389830508474575
760630.523424,15269.412683663228,0.9698277592644639,0.009053679688441,0.021118561047095193,451,1017,35,178,48133,281,0.15552542372881356,0.95
632683.0430079999,12700.908238808364,0.9698277592644639,0.0020074677801421286,0.028164772955394067,100,1274,129,178,48133,24,0.1656271186440678,0.3
632683.0430079999,12700.908238808364,0.9698277592644639,0.0020074677801421286,0.028164772955394067,100,1274,129,178,48133,24,0.1656271186440678,0.31101694915254235
626832.858976,12583.467679286947,0.9698277592644639,0.0023286626249648694,0.027843578110571324,116,1269,118,178,48133,29,0.1656271186440678,0.3220338983050847
626832.858976,12583.467679286947,0.9698277592644639,0.0023286626249648694,0.027843578110571324,116,1269,118,178,48133,29,0.1656271186440678,0.3330508474576271
613931.914912,12324.485383867986,0.9698277592644639,0.0032320231260288272,0.026940217609507367,161,1254,88,178,48133,44,0.1656271186440678,0.34406779661016945
613931.914912,12324.485383867986,0.9698277592644639,0.0032320231260288272,0.026940217609507367,161,1254,88,178,48133,44,0.1656271186440678,0.3550847457627119
613931.914912,12324.485383867986,0.9698277592644639,0.0032320231260288272,0.026940217609507367,161,1254,88,178,48133,44,0.1656271186440678,0.36610169491525424
613931.914912,12324.485383867986,0.9698277592644639,0.0032320231260288272,0.026940217609507367,161,1254,88,178,48133,44,0.1656271186440678,0.3771186440677966
613931.914912,12324.485383867986,0.9698277592644639,0.0032320231260288272,0.026940217609507367,161,1254,88,178,48133,44,0.1656271186440678,0.38813559322033897
613931.914912,12324.485383867986,0.9698277592644639,0.0032320231260288272,0.026940217609507367,161,1254,88,178,48133,44,0.1656271186440678,0.39915254237288134
613931.914912,12324.485383867986,0.9698277592644639,0.0032320231260288272,0.026940217609507367,161,1254,88,178,48133,44,0.1656271186440678,0.4101694915254237
613931.914912,12324.485383867986,0.9698277592644639,0.0032320231260288272,0.026940217609507367,161,1254,88,178,48133,44,0.1656271186440678,0.42118644067796607
618166.7313600001,12409.49795960975,0.9698277592644639,0.003513068615248725,0.02665917212028747,175,1248,80,178,48133,50,0.1656271186440678,0.43220338983050843
618166.7313600001,12409.49795960975,0.9698277592644639,0.003513068615248725,0.02665917212028747,175,1248,80,178,48133,50,0.1656271186440678,0.4432203389830508
618166.7313600001,12409.49795960975,0.9698277592644639,0.003513068615248725,0.02665917212028747,175,1248,80,178,48133,50,0.1656271186440678,0.45423728813559316
618166.7313600001,12409.49795960975,0.9698277592644639,0.003513068615248725,0.02665917212028747,175,1248,80,178,48133,50,0.1656271186440678,0.46525423728813553
618166.7313600001,12409.49795960975,0.9698277592644639,0.003513068615248725,0.02665917212028747,175,1248,80,178,48133,50,0.1656271186440678,0.4762711864406779
618166.7313600001,12409.49795960975,0.9698277592644639,0.003513068615248725,0.02665917212028747,175,1248,80,178,48133,50,0.1656271186440678,0.48728813559322026
618166.7313600001,12409.49795960975,0.9698277592644639,0.003513068615248725,0.02665917212028747,175,1248,80,178,48133,50,0.1656271186440678,0.4983050847457626
616666.011552,12379.371492993936,0.9698277592644639,0.0036736660376600954,0.026498574697876098,183,1244,76,178,48133,54,0.1656271186440678,0.5093220338983051
616666.011552,12379.371492993936,0.9698277592644639,0.0036736660376600954,0.026498574697876098,183,1244,76,178,48133,54,0.1656271186440678,0.5203389830508474
616666.011552,12379.371492993936,0.9698277592644639,0.0036736660376600954,0.026498574697876098,183,1244,76,178,48133,54,0.1656271186440678,0.5313559322033898
616666.011552,12379.371492993936,0.9698277592644639,0.0036736660376600954,0.026498574697876098,183,1244,76,178,48133,54,0.1656271186440678,0.5423728813559321
616666.011552,12379.371492993936,0.9698277592644639,0.0036736660376600954,0.026498574697876098,183,1244,76,178,48133,54,0.1656271186440678,0.5533898305084746
616666.011552,12379.371492993936,0.9698277592644639,0.0036736660376600954,0.026498574697876098,183,1244,76,178,48133,54,0.1656271186440678,0.5644067796610168
616666.011552,12379.371492993936,0.9698277592644639,0.0036736660376600954,0.026498574697876098,183,1244,76,178,48133,54,0.1656271186440678,0.5754237288135593
616666.011552,12379.371492993936,0.9698277592644639,0.0036736660376600954,0.026498574697876098,183,1244,76,178,48133,54,0.1656271186440678,0.5864406779661016
616666.011552,12379.371492993936,0.9698277592644639,0.0036736660376600954,0.026498574697876098,183,1244,76,178,48133,54,0.1656271186440678,0.597457627118644
620657.6841279999,12459.503033845906,0.9698277592644639,0.0038744128156743083,0.026297827919861887,193,1238,72,178,48133,60,0.1656271186440678,0.6084745762711864
620657.6841279999,12459.503033845906,0.9698277592644639,0.0038744128156743083,0.026297827919861887,193,1238,72,178,48133,60,0.1656271186440678,0.6194915254237288
620657.6841279999,12459.503033845906,0.9698277592644639,0.0038744128156743083,0.026297827919861887,193,1238,72,178,48133,60,0.1656271186440678,0.6305084745762711
620657.6841279999,12459.503033845906,0.9698277592644639,0.0038744128156743083,0.026297827919861887,193,1238,72,178,48133,60,0.1656271186440678,0.6415254237288135
620657.6841279999,12459.503033845906,0.9698277592644639,0.0038744128156743083,0.026297827919861887,193,1238,72,178,48133,60,0.1656271186440678,0.6525423728813559
633461.7691520001,12716.540915244712,0.9698277592644639,0.004396354438511262,0.025775886297024934,219,1221,63,178,48133,77,0.1656271186440678,0.6635593220338982
633461.7691520001,12716.540915244712,0.9698277592644639,0.004396354438511262,0.025775886297024934,219,1221,63,178,48133,77,0.1656271186440678,0.6745762711864406
633461.7691520001,12716.540915244712,0.9698277592644639,0.004396354438511262,0.025775886297024934,219,1221,63,178,48133,77,0.1656271186440678,0.685593220338983
633461.7691520001,12716.540915244712,0.9698277592644639,0.004396354438511262,0.025775886297024934,219,1221,63,178,48133,77,0.1656271186440678,0.6966101694915253
633461.7691520001,12716.540915244712,0.9698277592644639,0.004396354438511262,0.025775886297024934,219,1221,63,178,48133,77,0.1656271186440678,0.7076271186440677
641997.049408,12887.883916328741,0.9698277592644639,0.0050186694503553215,0.02515357128518087,250,1199,54,178,48133,99,0.1656271186440678,0.7186440677966102
641997.049408,12887.883916328741,0.9698277592644639,0.0050186694503553215,0.02515357128518087,250,1199,54,178,48133,99,0.1656271186440678,0.7296610169491524
641997.049408,12887.883916328741,0.9698277592644639,0.0050186694503553215,0.02515357128518087,250,1199,54,178,48133,99,0.1656271186440678,0.7406779661016949
641997.049408,12887.883916328741,0.9698277592644639,0.0050186694503553215,0.02515357128518087,250,1199,54,178,48133,99,0.1656271186440678,0.7516949152542372
641997.049408,12887.883916328741,0.9698277592644639,0.0050186694503553215,0.02515357128518087,250,1199,54,178,48133,99,0.1656271186440678,0.7627118644067796
679381.650208,13638.367732123499,0.9698277592644639,0.005701208495603646,0.02447103223993255,284,1173,46,178,48133,125,0.1656271186440678,0.7737288135593219
679381.650208,13638.367732123499,0.9698277592644639,0.005701208495603646,0.02447103223993255,284,1173,46,178,48133,125,0.1656271186440678,0.7847457627118644
679381.650208,13638.367732123499,0.9698277592644639,0.005701208495603646,0.02447103223993255,284,1173,46,178,48133,125,0.1656271186440678,0.7957627118644066
679381.650208,13638.367732123499,0.9698277592644639,0.005701208495603646,0.02447103223993255,284,1173,46,178,48133,125,0.1656271186440678,0.8067796610169491
679381.650208,13638.367732123499,0.9698277592644639,0.005701208495603646,0.02447103223993255,284,1173,46,178,48133,125,0.1656271186440678,0.8177966101694913
679381.650208,13638.367732123499,0.9698277592644639,0.005701208495603646,0.02447103223993255,284,1173,46,178,48133,125,0.1656271186440678,0.8288135593220338
679381.650208,13638.367732123499,0.9698277592644639,0.005701208495603646,0.02447103223993255,284,1173,46,178,48133,125,0.1656271186440678,0.8398305084745761
679381.650208,13638.367732123499,0.9698277592644639,0.005701208495603646,0.02447103223993255,284,1173,46,178,48133,125,0.1656271186440678,0.8508474576271186
687987.5251519999,13811.127898823623,0.9698277592644639,0.006263299474043442,0.023908941261492754,312,1149,42,178,48133,149,0.1656271186440678,0.8618644067796608
687987.5251519999,13811.127898823623,0.9698277592644639,0.006263299474043442,0.023908941261492754,312,1149,42,178,48133,149,0.1656271186440678,0.8728813559322033
687987.5251519999,13811.127898823623,0.9698277592644639,0.006263299474043442,0.023908941261492754,312,1149,42,178,48133,149,0.1656271186440678,0.8838983050847455
687987.5251519999,13811.127898823623,0.9698277592644639,0.006263299474043442,0.023908941261492754,312,1149,42,178,48133,149,0.1656271186440678,0.894915254237288
687987.5251519999,13811.127898823623,0.9698277592644639,0.006263299474043442,0.023908941261492754,312,1149,42,178,48133,149,0.1656271186440678,0.9059322033898305
687987.5251519999,13811.127898823623,0.9698277592644639,0.006263299474043442,0.023908941261492754,312,1149,42,178,48133,149,0.1656271186440678,0.9169491525423727
687987.5251519999,13811.127898823623,0.9698277592644639,0.006263299474043442,0.023908941261492754,312,1149,42,178,48133,149,0.1656271186440678,0.9279661016949152
687987.5251519999,13811.127898823623,0.9698277592644639,0.006263299474043442,0.023908941261492754,312,1149,42,178,48133,149,0.1656271186440678,0.9389830508474575
760630.523424,15269.412683663228,0.9698277592644639,0.009053679688441,0.021118561047095193,451,1017,35,178,48133,281,0.1656271186440678,0.95
632683.0430079999,12700.908238808364,0.9698277592644639,0.0020074677801421286,0.028164772955394067,100,1274,129,178,48133,24,0.17572881355932202,0.3
632683.0430079999,12700.908238808364,0.9698277592644639,0.0020074677801421286,0.028164772955394067,100,1274,129,178,48133,24,0.17572881355932202,0.31101694915254235
626832.858976,12583.467679286947,0.9698277592644639,0.0023286626249648694,0.027843578110571324,116,1269,118,178,48133,29,0.17572881355932202,0.3220338983050847
626832.858976,12583.467679286947,0.9698277592644639,0.0023286626249648694,0.027843578110571324,116,1269,118,178,48133,29,0.17572881355932202,0.3330508474576271
613931.914912,12324.485383867986,0.9698277592644639,0.0032320231260288272,0.026940217609507367,161,1254,88,178,48133,44,0.17572881355932202,0.34406779661016945
613931.914912,12324.485383867986,0.9698277592644639,0.0032320231260288272,0.026940217609507367,161,1254,88,178,48133,44,0.17572881355932202,0.3550847457627119
613931.914912,12324.485383867986,0.9698277592644639,0.0032320231260288272,0.026940217609507367,161,1254,88,178,48133,44,0.17572881355932202,0.36610169491525424
613931.914912,12324.485383867986,0.9698277592644639,0.0032320231260288272,0.026940217609507367,161,1254,88,178,48133,44,0.17572881355932202,0.3771186440677966
613931.914912,12324.485383867986,0.9698277592644639,0.0032320231260288272,0.026940217609507367,161,1254,88,178,48133,44,0.17572881355932202,0.38813559322033897
613931.914912,12324.485383867986,0.9698277592644639,0.0032320231260288272,0.026940217609507367,161,1254,88,178,48133,44,0.17572881355932202,0.39915254237288134
613931.914912,12324.485383867986,0.9698277592644639,0.0032320231260288272,0.026940217609507367,161,1254,88,178,48133,44,0.17572881355932202,0.4101694915254237
613931.914912,12324.485383867986,0.9698277592644639,0.0032320231260288272,0.026940217609507367,161,1254,88,178,48133,44,0.17572881355932202,0.42118644067796607
618166.7313600001,12409.49795960975,0.9698277592644639,0.003513068615248725,0.02665917212028747,175,1248,80,178,48133,50,0.17572881355932202,0.43220338983050843
618166.7313600001,12409.49795960975,0.9698277592644639,0.003513068615248725,0.02665917212028747,175,1248,80,178,48133,50,0.17572881355932202,0.4432203389830508
618166.7313600001,12409.49795960975,0.9698277592644639,0.003513068615248725,0.02665917212028747,175,1248,80,178,48133,50,0.17572881355932202,0.45423728813559316
618166.7313600001,12409.49795960975,0.9698277592644639,0.003513068615248725,0.02665917212028747,175,1248,80,178,48133,50,0.17572881355932202,0.46525423728813553
618166.7313600001,12409.49795960975,0.9698277592644639,0.003513068615248725,0.02665917212028747,175,1248,80,178,48133,50,0.17572881355932202,0.4762711864406779
618166.7313600001,12409.49795960975,0.9698277592644639,0.003513068615248725,0.02665917212028747,175,1248,80,178,48133,50,0.17572881355932202,0.48728813559322026
618166.7313600001,12409.49795960975,0.9698277592644639,0.003513068615248725,0.02665917212028747,175,1248,80,178,48133,50,0.17572881355932202,0.4983050847457626
616666.011552,12379.371492993936,0.9698277592644639,0.0036736660376600954,0.026498574697876098,183,1244,76,178,48133,54,0.17572881355932202,0.5093220338983051
616666.011552,12379.371492993936,0.9698277592644639,0.0036736660376600954,0.026498574697876098,183,1244,76,178,48133,54,0.17572881355932202,0.5203389830508474
616666.011552,12379.371492993936,0.9698277592644639,0.0036736660376600954,0.026498574697876098,183,1244,76,178,48133,54,0.17572881355932202,0.5313559322033898
616666.011552,12379.371492993936,0.9698277592644639,0.0036736660376600954,0.026498574697876098,183,1244,76,178,48133,54,0.17572881355932202,0.5423728813559321
616666.011552,12379.371492993936,0.9698277592644639,0.0036736660376600954,0.026498574697876098,183,1244,76,178,48133,54,0.17572881355932202,0.5533898305084746
616666.011552,12379.371492993936,0.9698277592644639,0.0036736660376600954,0.026498574697876098,183,1244,76,178,48133,54,0.17572881355932202,0.5644067796610168
616666.011552,12379.371492993936,0.9698277592644639,0.0036736660376600954,0.026498574697876098,183,1244,76,178,48133,54,0.17572881355932202,0.5754237288135593
616666.011552,12379.371492993936,0.9698277592644639,0.0036736660376600954,0.026498574697876098,183,1244,76,178,48133,54,0.17572881355932202,0.5864406779661016
616666.011552,12379.371492993936,0.9698277592644639,0.0036736660376600954,0.026498574697876098,183,1244,76,178,48133,54,0.17572881355932202,0.597457627118644
620657.6841279999,12459.503033845906,0.9698277592644639,0.0038744128156743083,0.026297827919861887,193,1238,72,178,48133,60,0.17572881355932202,0.6084745762711864
620657.6841279999,12459.503033845906,0.9698277592644639,0.0038744128156743083,0.026297827919861887,193,1238,72,178,48133,60,0.17572881355932202,0.6194915254237288
620657.6841279999,12459.503033845906,0.9698277592644639,0.0038744128156743083,0.026297827919861887,193,1238,72,178,48133,60,0.17572881355932202,0.6305084745762711
620657.6841279999,12459.503033845906,0.9698277592644639,0.0038744128156743083,0.026297827919861887,193,1238,72,178,48133,60,0.17572881355932202,0.6415254237288135
620657.6841279999,12459.503033845906,0.9698277592644639,0.0038744128156743083,0.026297827919861887,193,1238,72,178,48133,60,0.17572881355932202,0.6525423728813559
633461.7691520001,12716.540915244712,0.9698277592644639,0.004396354438511262,0.025775886297024934,219,1221,63,178,48133,77,0.17572881355932202,0.6635593220338982
633461.7691520001,12716.540915244712,0.9698277592644639,0.004396354438511262,0.025775886297024934,219,1221,63,178,48133,77,0.17572881355932202,0.6745762711864406
633461.7691520001,12716.540915244712,0.9698277592644639,0.004396354438511262,0.025775886297024934,219,1221,63,178,48133,77,0.17572881355932202,0.685593220338983
633461.7691520001,12716.540915244712,0.9698277592644639,0.004396354438511262,0.025775886297024934,219,1221,63,178,48133,77,0.17572881355932202,0.6966101694915253
633461.7691520001,12716.540915244712,0.9698277592644639,0.004396354438511262,0.025775886297024934,219,1221,63,178,48133,77,0.17572881355932202,0.7076271186440677
641997.049408,12887.883916328741,0.9698277592644639,0.0050186694503553215,0.02515357128518087,250,1199,54,178,48133,99,0.17572881355932202,0.7186440677966102
641997.049408,12887.883916328741,0.9698277592644639,0.0050186694503553215,0.02515357128518087,250,1199,54,178,48133,99,0.17572881355932202,0.7296610169491524
641997.049408,12887.883916328741,0.9698277592644639,0.0050186694503553215,0.02515357128518087,250,1199,54,178,48133,99,0.17572881355932202,0.7406779661016949
641997.049408,12887.883916328741,0.9698277592644639,0.0050186694503553215,0.02515357128518087,250,1199,54,178,48133,99,0.17572881355932202,0.7516949152542372
641997.049408,12887.883916328741,0.9698277592644639,0.0050186694503553215,0.02515357128518087,250,1199,54,178,48133,99,0.17572881355932202,0.7627118644067796
679381.650208,13638.367732123499,0.9698277592644639,0.005701208495603646,0.02447103223993255,284,1173,46,178,48133,125,0.17572881355932202,0.7737288135593219
679381.650208,13638.367732123499,0.9698277592644639,0.005701208495603646,0.02447103223993255,284,1173,46,178,48133,125,0.17572881355932202,0.7847457627118644
679381.650208,13638.367732123499,0.9698277592644639,0.005701208495603646,0.02447103223993255,284,1173,46,178,48133,125,0.17572881355932202,0.7957627118644066
679381.650208,13638.367732123499,0.9698277592644639,0.005701208495603646,0.02447103223993255,284,1173,46,178,48133,125,0.17572881355932202,0.8067796610169491
679381.650208,13638.367732123499,0.9698277592644639,0.005701208495603646,0.02447103223993255,284,1173,46,178,48133,125,0.17572881355932202,0.8177966101694913
679381.650208,13638.367732123499,0.9698277592644639,0.005701208495603646,0.02447103223993255,284,1173,46,178,48133,125,0.17572881355932202,0.8288135593220338
679381.650208,13638.367732123499,0.9698277592644639,0.005701208495603646,0.02447103223993255,284,1173,46,178,48133,125,0.17572881355932202,0.8398305084745761
679381.650208,13638.367732123499,0.9698277592644639,0.005701208495603646,0.02447103223993255,284,1173,46,178,48133,125,0.17572881355932202,0.8508474576271186
687987.5251519999,13811.127898823623,0.9698277592644639,0.006263299474043442,0.023908941261492754,312,1149,42,178,48133,149,0.17572881355932202,0.8618644067796608
687987.5251519999,13811.127898823623,0.9698277592644639,0.006263299474043442,0.023908941261492754,312,1149,42,178,48133,149,0.17572881355932202,0.8728813559322033
687987.5251519999,13811.127898823623,0.9698277592644639,0.006263299474043442,0.023908941261492754,312,1149,42,178,48133,149,0.17572881355932202,0.8838983050847455
687987.5251519999,13811.127898823623,0.9698277592644639,0.006263299474043442,0.023908941261492754,312,1149,42,178,48133,149,0.17572881355932202,0.894915254237288
687987.5251519999,13811.127898823623,0.9698277592644639,0.006263299474043442,0.023908941261492754,312,1149,42,178,48133,149,0.17572881355932202,0.9059322033898305
687987.5251519999,13811.127898823623,0.9698277592644639,0.006263299474043442,0.023908941261492754,312,1149,42,178,48133,149,0.17572881355932202,0.9169491525423727
687987.5251519999,13811.127898823623,0.9698277592644639,0.006263299474043442,0.023908941261492754,312,1149,42,178,48133,149,0.17572881355932202,0.9279661016949152
687987.5251519999,13811.127898823623,0.9698277592644639,0.006263299474043442,0.023908941261492754,312,1149,42,178,48133,149,0.17572881355932202,0.9389830508474575
760630.523424,15269.412683663228,0.9698277592644639,0.009053679688441,0.021118561047095193,451,1017,35,178,48133,281,0.17572881355932202,0.95
632683.0430079999,12700.908238808364,0.9698277592644639,0.0020074677801421286,0.028164772955394067,100,1274,129,178,48133,24,0.18583050847457627,0.3
632683.0430079999,12700.908238808364,0.9698277592644639,0.0020074677801421286,0.028164772955394067,100,1274,129,178,48133,24,0.18583050847457627,0.31101694915254235
626832.858976,12583.467679286947,0.9698277592644639,0.0023286626249648694,0.027843578110571324,116,1269,118,178,48133,29,0.18583050847457627,0.3220338983050847
626832.858976,12583.467679286947,0.9698277592644639,0.0023286626249648694,0.027843578110571324,116,1269,118,178,48133,29,0.18583050847457627,0.3330508474576271
613931.914912,12324.485383867986,0.9698277592644639,0.0032320231260288272,0.026940217609507367,161,1254,88,178,48133,44,0.18583050847457627,0.34406779661016945
613931.914912,12324.485383867986,0.9698277592644639,0.0032320231260288272,0.026940217609507367,161,1254,88,178,48133,44,0.18583050847457627,0.3550847457627119
613931.914912,12324.485383867986,0.9698277592644639,0.0032320231260288272,0.026940217609507367,161,1254,88,178,48133,44,0.18583050847457627,0.36610169491525424
613931.914912,12324.485383867986,0.9698277592644639,0.0032320231260288272,0.026940217609507367,161,1254,88,178,48133,44,0.18583050847457627,0.3771186440677966
613931.914912,12324.485383867986,0.9698277592644639,0.0032320231260288272,0.026940217609507367,161,1254,88,178,48133,44,0.18583050847457627,0.38813559322033897
613931.914912,12324.485383867986,0.9698277592644639,0.0032320231260288272,0.026940217609507367,161,1254,88,178,48133,44,0.18583050847457627,0.39915254237288134
613931.914912,12324.485383867986,0.9698277592644639,0.0032320231260288272,0.026940217609507367,161,1254,88,178,48133,44,0.18583050847457627,0.4101694915254237
613931.914912,12324.485383867986,0.9698277592644639,0.0032320231260288272,0.026940217609507367,161,1254,88,178,48133,44,0.18583050847457627,0.42118644067796607
618166.7313600001,12409.49795960975,0.9698277592644639,0.003513068615248725,0.02665917212028747,175,1248,80,178,48133,50,0.18583050847457627,0.43220338983050843
618166.7313600001,12409.49795960975,0.9698277592644639,0.003513068615248725,0.02665917212028747,175,1248,80,178,48133,50,0.18583050847457627,0.4432203389830508
618166.7313600001,12409.49795960975,0.9698277592644639,0.003513068615248725,0.02665917212028747,175,1248,80,178,48133,50,0.18583050847457627,0.45423728813559316
618166.7313600001,12409.49795960975,0.9698277592644639,0.003513068615248725,0.02665917212028747,175,1248,80,178,48133,50,0.18583050847457627,0.46525423728813553
618166.7313600001,12409.49795960975,0.9698277592644639,0.003513068615248725,0.02665917212028747,175,1248,80,178,48133,50,0.18583050847457627,0.4762711864406779
618166.7313600001,12409.49795960975,0.9698277592644639,0.003513068615248725,0.02665917212028747,175,1248,80,178,48133,50,0.18583050847457627,0.48728813559322026
618166.7313600001,12409.49795960975,0.9698277592644639,0.003513068615248725,0.02665917212028747,175,1248,80,178,48133,50,0.18583050847457627,0.4983050847457626
616666.011552,12379.371492993936,0.9698277592644639,0.0036736660376600954,0.026498574697876098,183,1244,76,178,48133,54,0.18583050847457627,0.5093220338983051
616666.011552,12379.371492993936,0.9698277592644639,0.0036736660376600954,0.026498574697876098,183,1244,76,178,48133,54,0.18583050847457627,0.5203389830508474
616666.011552,12379.371492993936,0.9698277592644639,0.0036736660376600954,0.026498574697876098,183,1244,76,178,48133,54,0.18583050847457627,0.5313559322033898
616666.011552,12379.371492993936,0.9698277592644639,0.0036736660376600954,0.026498574697876098,183,1244,76,178,48133,54,0.18583050847457627,0.5423728813559321
616666.011552,12379.371492993936,0.9698277592644639,0.0036736660376600954,0.026498574697876098,183,1244,76,178,48133,54,0.18583050847457627,0.5533898305084746
616666.011552,12379.371492993936,0.9698277592644639,0.0036736660376600954,0.026498574697876098,183,1244,76,178,48133,54,0.18583050847457627,0.5644067796610168
616666.011552,12379.371492993936,0.9698277592644639,0.0036736660376600954,0.026498574697876098,183,1244,76,178,48133,54,0.18583050847457627,0.5754237288135593
616666.011552,12379.371492993936,0.9698277592644639,0.0036736660376600954,0.026498574697876098,183,1244,76,178,48133,54,0.18583050847457627,0.5864406779661016
616666.011552,12379.371492993936,0.9698277592644639,0.0036736660376600954,0.026498574697876098,183,1244,76,178,48133,54,0.18583050847457627,0.597457627118644
620657.6841279999,12459.503033845906,0.9698277592644639,0.0038744128156743083,0.026297827919861887,193,1238,72,178,48133,60,0.18583050847457627,0.6084745762711864
620657.6841279999,12459.503033845906,0.9698277592644639,0.0038744128156743083,0.026297827919861887,193,1238,72,178,48133,60,0.18583050847457627,0.6194915254237288
620657.6841279999,12459.503033845906,0.9698277592644639,0.0038744128156743083,0.026297827919861887,193,1238,72,178,48133,60,0.18583050847457627,0.6305084745762711
620657.6841279999,12459.503033845906,0.9698277592644639,0.0038744128156743083,0.026297827919861887,193,1238,72,178,48133,60,0.18583050847457627,0.6415254237288135
620657.6841279999,12459.503033845906,0.9698277592644639,0.0038744128156743083,0.026297827919861887,193,1238,72,178,48133,60,0.18583050847457627,0.6525423728813559
633461.7691520001,12716.540915244712,0.9698277592644639,0.004396354438511262,0.025775886297024934,219,1221,63,178,48133,77,0.18583050847457627,0.6635593220338982
633461.7691520001,12716.540915244712,0.9698277592644639,0.004396354438511262,0.025775886297024934,219,1221,63,178,48133,77,0.18583050847457627,0.6745762711864406
633461.7691520001,12716.540915244712,0.9698277592644639,0.004396354438511262,0.025775886297024934,219,1221,63,178,48133,77,0.18583050847457627,0.685593220338983
633461.7691520001,12716.540915244712,0.9698277592644639,0.004396354438511262,0.025775886297024934,219,1221,63,178,48133,77,0.18583050847457627,0.6966101694915253
633461.7691520001,12716.540915244712,0.9698277592644639,0.004396354438511262,0.025775886297024934,219,1221,63,178,48133,77,0.18583050847457627,0.7076271186440677
641997.049408,12887.883916328741,0.9698277592644639,0.0050186694503553215,0.02515357128518087,250,1199,54,178,48133,99,0.18583050847457627,0.7186440677966102
641997.049408,12887.883916328741,0.9698277592644639,0.0050186694503553215,0.02515357128518087,250,1199,54,178,48133,99,0.18583050847457627,0.7296610169491524
641997.049408,12887.883916328741,0.9698277592644639,0.0050186694503553215,0.02515357128518087,250,1199,54,178,48133,99,0.18583050847457627,0.7406779661016949
641997.049408,12887.883916328741,0.9698277592644639,0.0050186694503553215,0.02515357128518087,250,1199,54,178,48133,99,0.18583050847457627,0.7516949152542372
641997.049408,12887.883916328741,0.9698277592644639,0.0050186694503553215,0.02515357128518087,250,1199,54,178,48133,99,0.18583050847457627,0.7627118644067796
679381.650208,13638.367732123499,0.9698277592644639,0.005701208495603646,0.02447103223993255,284,1173,46,178,48133,125,0.18583050847457627,0.7737288135593219
679381.650208,13638.367732123499,0.9698277592644639,0.005701208495603646,0.02447103223993255,284,1173,46,178,48133,125,0.18583050847457627,0.7847457627118644
679381.650208,13638.367732123499,0.9698277592644639,0.005701208495603646,0.02447103223993255,284,1173,46,178,48133,125,0.18583050847457627,0.7957627118644066
679381.650208,13638.367732123499,0.9698277592644639,0.005701208495603646,0.02447103223993255,284,1173,46,178,48133,125,0.18583050847457627,0.8067796610169491
679381.650208,13638.367732123499,0.9698277592644639,0.005701208495603646,0.02447103223993255,284,1173,46,178,48133,125,0.18583050847457627,0.8177966101694913
679381.650208,13638.367732123499,0.9698277592644639,0.005701208495603646,0.02447103223993255,284,1173,46,178,48133,125,0.18583050847457627,0.8288135593220338
679381.650208,13638.367732123499,0.9698277592644639,0.005701208495603646,0.02447103223993255,284,1173,46,178,48133,125,0.18583050847457627,0.8398305084745761
679381.650208,13638.367732123499,0.9698277592644639,0.005701208495603646,0.02447103223993255,284,1173,46,178,48133,125,0.18583050847457627,0.8508474576271186
687987.5251519999,13811.127898823623,0.9698277592644639,0.006263299474043442,0.023908941261492754,312,1149,42,178,48133,149,0.18583050847457627,0.8618644067796608
687987.5251519999,13811.127898823623,0.9698277592644639,0.006263299474043442,0.023908941261492754,312,1149,42,178,48133,149,0.18583050847457627,0.8728813559322033
687987.5251519999,13811.127898823623,0.9698277592644639,0.006263299474043442,0.023908941261492754,312,1149,42,178,48133,149,0.18583050847457627,0.8838983050847455
687987.5251519999,13811.127898823623,0.9698277592644639,0.006263299474043442,0.023908941261492754,312,1149,42,178,48133,149,0.18583050847457627,0.894915254237288
687987.5251519999,13811.127898823623,0.9698277592644639,0.006263299474043442,0.023908941261492754,312,1149,42,178,48133,149,0.18583050847457627,0.9059322033898305
687987.5251519999,13811.127898823623,0.9698277592644639,0.006263299474043442,0.023908941261492754,312,1149,42,178,48133,149,0.18583050847457627,0.9169491525423727
687987.5251519999,13811.127898823623,0.9698277592644639,0.006263299474043442,0.023908941261492754,312,1149,42,178,48133,149,0.18583050847457627,0.9279661016949152
687987.5251519999,13811.127898823623,0.9698277592644639,0.006263299474043442,0.023908941261492754,312,1149,42,178,48133,149,0.18583050847457627,0.9389830508474575
760630.523424,15269.412683663228,0.9698277592644639,0.009053679688441,0.021118561047095193,451,1017,35,178,48133,281,0.18583050847457627,0.95
632683.0430079999,12700.908238808364,0.9698277592644639,0.0020074677801421286,0.028164772955394067,100,1274,129,178,48133,24,0.1959322033898305,0.3
632683.0430079999,12700.908238808364,0.9698277592644639,0.0020074677801421286,0.028164772955394067,100,1274,129,178,48133,24,0.1959322033898305,0.31101694915254235
626832.858976,12583.467679286947,0.9698277592644639,0.0023286626249648694,0.027843578110571324,116,1269,118,178,48133,29,0.1959322033898305,0.3220338983050847
626832.858976,12583.467679286947,0.9698277592644639,0.0023286626249648694,0.027843578110571324,116,1269,118,178,48133,29,0.1959322033898305,0.3330508474576271
613931.914912,12324.485383867986,0.9698277592644639,0.0032320231260288272,0.026940217609507367,161,1254,88,178,48133,44,0.1959322033898305,0.34406779661016945
613931.914912,12324.485383867986,0.9698277592644639,0.0032320231260288272,0.026940217609507367,161,1254,88,178,48133,44,0.1959322033898305,0.3550847457627119
613931.914912,12324.485383867986,0.9698277592644639,0.0032320231260288272,0.026940217609507367,161,1254,88,178,48133,44,0.1959322033898305,0.36610169491525424
613931.914912,12324.485383867986,0.9698277592644639,0.0032320231260288272,0.026940217609507367,161,1254,88,178,48133,44,0.1959322033898305,0.3771186440677966
613931.914912,12324.485383867986,0.9698277592644639,0.0032320231260288272,0.026940217609507367,161,1254,88,178,48133,44,0.1959322033898305,0.38813559322033897
613931.914912,12324.485383867986,0.9698277592644639,0.0032320231260288272,0.026940217609507367,161,1254,88,178,48133,44,0.1959322033898305,0.39915254237288134
613931.914912,12324.485383867986,0.9698277592644639,0.0032320231260288272,0.026940217609507367,161,1254,88,178,48133,44,0.1959322033898305,0.4101694915254237
613931.914912,12324.485383867986,0.9698277592644639,0.0032320231260288272,0.026940217609507367,161,1254,88,178,48133,44,0.1959322033898305,0.42118644067796607
618166.7313600001,12409.49795960975,0.9698277592644639,0.003513068615248725,0.02665917212028747,175,1248,80,178,48133,50,0.1959322033898305,0.43220338983050843
618166.7313600001,12409.49795960975,0.9698277592644639,0.003513068615248725,0.02665917212028747,175,1248,80,178,48133,50,0.1959322033898305,0.4432203389830508
618166.7313600001,12409.49795960975,0.9698277592644639,0.003513068615248725,0.02665917212028747,175,1248,80,178,48133,50,0.1959322033898305,0.45423728813559316
618166.7313600001,12409.49795960975,0.9698277592644639,0.003513068615248725,0.02665917212028747,175,1248,80,178,48133,50,0.1959322033898305,0.46525423728813553
618166.7313600001,12409.49795960975,0.9698277592644639,0.003513068615248725,0.02665917212028747,175,1248,80,178,48133,50,0.1959322033898305,0.4762711864406779
618166.7313600001,12409.49795960975,0.9698277592644639,0.003513068615248725,0.02665917212028747,175,1248,80,178,48133,50,0.1959322033898305,0.48728813559322026
618166.7313600001,12409.49795960975,0.9698277592644639,0.003513068615248725,0.02665917212028747,175,1248,80,178,48133,50,0.1959322033898305,0.4983050847457626
616666.011552,12379.371492993936,0.9698277592644639,0.0036736660376600954,0.026498574697876098,183,1244,76,178,48133,54,0.1959322033898305,0.5093220338983051
616666.011552,12379.371492993936,0.9698277592644639,0.0036736660376600954,0.026498574697876098,183,1244,76,178,48133,54,0.1959322033898305,0.5203389830508474
616666.011552,12379.371492993936,0.9698277592644639,0.0036736660376600954,0.026498574697876098,183,1244,76,178,48133,54,0.1959322033898305,0.5313559322033898
616666.011552,12379.371492993936,0.9698277592644639,0.0036736660376600954,0.026498574697876098,183,1244,76,178,48133,54,0.1959322033898305,0.5423728813559321
616666.011552,12379.371492993936,0.9698277592644639,0.0036736660376600954,0.026498574697876098,183,1244,76,178,48133,54,0.1959322033898305,0.5533898305084746
616666.011552,12379.371492993936,0.9698277592644639,0.0036736660376600954,0.026498574697876098,183,1244,76,178,48133,54,0.1959322033898305,0.5644067796610168
616666.011552,12379.371492993936,0.9698277592644639,0.0036736660376600954,0.026498574697876098,183,1244,76,178,48133,54,0.1959322033898305,0.5754237288135593
616666.011552,12379.371492993936,0.9698277592644639,0.0036736660376600954,0.026498574697876098,183,1244,76,178,48133,54,0.1959322033898305,0.5864406779661016
616666.011552,12379.371492993936,0.9698277592644639,0.0036736660376600954,0.026498574697876098,183,1244,76,178,48133,54,0.1959322033898305,0.597457627118644
620657.6841279999,12459.503033845906,0.9698277592644639,0.0038744128156743083,0.026297827919861887,193,1238,72,178,48133,60,0.1959322033898305,0.6084745762711864
620657.6841279999,12459.503033845906,0.9698277592644639,0.0038744128156743083,0.026297827919861887,193,1238,72,178,48133,60,0.1959322033898305,0.6194915254237288
620657.6841279999,12459.503033845906,0.9698277592644639,0.0038744128156743083,0.026297827919861887,193,1238,72,178,48133,60,0.1959322033898305,0.6305084745762711
620657.6841279999,12459.503033845906,0.9698277592644639,0.0038744128156743083,0.026297827919861887,193,1238,72,178,48133,60,0.1959322033898305,0.6415254237288135
620657.6841279999,12459.503033845906,0.9698277592644639,0.0038744128156743083,0.026297827919861887,193,1238,72,178,48133,60,0.1959322033898305,0.6525423728813559
633461.7691520001,12716.540915244712,0.9698277592644639,0.004396354438511262,0.025775886297024934,219,1221,63,178,48133,77,0.1959322033898305,0.6635593220338982
633461.7691520001,12716.540915244712,0.9698277592644639,0.004396354438511262,0.025775886297024934,219,1221,63,178,48133,77,0.1959322033898305,0.6745762711864406
633461.7691520001,12716.540915244712,0.9698277592644639,0.004396354438511262,0.025775886297024934,219,1221,63,178,48133,77,0.1959322033898305,0.685593220338983
633461.7691520001,12716.540915244712,0.9698277592644639,0.004396354438511262,0.025775886297024934,219,1221,63,178,48133,77,0.1959322033898305,0.6966101694915253
633461.7691520001,12716.540915244712,0.9698277592644639,0.004396354438511262,0.025775886297024934,219,1221,63,178,48133,77,0.1959322033898305,0.7076271186440677
641997.049408,12887.883916328741,0.9698277592644639,0.0050186694503553215,0.02515357128518087,250,1199,54,178,48133,99,0.1959322033898305,0.7186440677966102
641997.049408,12887.883916328741,0.9698277592644639,0.0050186694503553215,0.02515357128518087,250,1199,54,178,48133,99,0.1959322033898305,0.7296610169491524
641997.049408,12887.883916328741,0.9698277592644639,0.0050186694503553215,0.02515357128518087,250,1199,54,178,48133,99,0.1959322033898305,0.7406779661016949
641997.049408,12887.883916328741,0.9698277592644639,0.0050186694503553215,0.02515357128518087,250,1199,54,178,48133,99,0.1959322033898305,0.7516949152542372
641997.049408,12887.883916328741,0.9698277592644639,0.0050186694503553215,0.02515357128518087,250,1199,54,178,48133,99,0.1959322033898305,0.7627118644067796
679381.650208,13638.367732123499,0.9698277592644639,0.005701208495603646,0.02447103223993255,284,1173,46,178,48133,125,0.1959322033898305,0.7737288135593219
679381.650208,13638.367732123499,0.9698277592644639,0.005701208495603646,0.02447103223993255,284,1173,46,178,48133,125,0.1959322033898305,0.7847457627118644
679381.650208,13638.367732123499,0.9698277592644639,0.005701208495603646,0.02447103223993255,284,1173,46,178,48133,125,0.1959322033898305,0.7957627118644066
679381.650208,13638.367732123499,0.9698277592644639,0.005701208495603646,0.02447103223993255,284,1173,46,178,48133,125,0.1959322033898305,0.8067796610169491
679381.650208,13638.367732123499,0.9698277592644639,0.005701208495603646,0.02447103223993255,284,1173,46,178,48133,125,0.1959322033898305,0.8177966101694913
679381.650208,13638.367732123499,0.9698277592644639,0.005701208495603646,0.02447103223993255,284,1173,46,178,48133,125,0.1959322033898305,0.8288135593220338
679381.650208,13638.367732123499,0.9698277592644639,0.005701208495603646,0.02447103223993255,284,1173,46,178,48133,125,0.1959322033898305,0.8398305084745761
679381.650208,13638.367732123499,0.9698277592644639,0.005701208495603646,0.02447103223993255,284,1173,46,178,48133,125,0.1959322033898305,0.8508474576271186
687987.5251519999,13811.127898823623,0.9698277592644639,0.006263299474043442,0.023908941261492754,312,1149,42,178,48133,149,0.1959322033898305,0.8618644067796608
687987.5251519999,13811.127898823623,0.9698277592644639,0.006263299474043442,0.023908941261492754,312,1149,42,178,48133,149,0.1959322033898305,0.8728813559322033
687987.5251519999,13811.127898823623,0.9698277592644639,0.006263299474043442,0.023908941261492754,312,1149,42,178,48133,149,0.1959322033898305,0.8838983050847455
687987.5251519999,13811.127898823623,0.9698277592644639,0.006263299474043442,0.023908941261492754,312,1149,42,178,48133,149,0.1959322033898305,0.894915254237288
687987.5251519999,13811.127898823623,0.9698277592644639,0.006263299474043442,0.023908941261492754,312,1149,42,178,48133,149,0.1959322033898305,0.9059322033898305
687987.5251519999,13811.127898823623,0.9698277592644639,0.006263299474043442,0.023908941261492754,312,1149,42,178,48133,149,0.1959322033898305,0.9169491525423727
687987.5251519999,13811.127898823623,0.9698277592644639,0.006263299474043442,0.023908941261492754,312,1149,42,178,48133,149,0.1959322033898305,0.9279661016949152
687987.5251519999,13811.127898823623,0.9698277592644639,0.006263299474043442,0.023908941261492754,312,1149,42,178,48133,149,0.1959322033898305,0.9389830508474575
760630.523424,15269.412683663228,0.9698277592644639,0.009053679688441,0.021118561047095193,451,1017,35,178,48133,281,0.1959322033898305,0.95
695353.295664,13958.993368611233,0.9710121652547477,0.0008230617898582728,0.028164772955394067,41,1274,129,190,48180,12,0.20603389830508473,0.3
695353.295664,13958.993368611233,0.9710121652547477,0.0008230617898582728,0.028164772955394067,41,1274,129,190,48180,12,0.20603389830508473,0.31101694915254235
689503.111632,13841.552809089813,0.9710121652547477,0.0011442566346810134,0.027843578110571324,57,1269,118,190,48180,17,0.20603389830508473,0.3220338983050847
689503.111632,13841.552809089813,0.9710121652547477,0.0011442566346810134,0.027843578110571324,57,1269,118,190,48180,17,0.20603389830508473,0.3330508474576271
676602.167568,13582.570513670855,0.9710121652547477,0.002047617135744971,0.026940217609507367,102,1254,88,190,48180,32,0.20603389830508473,0.34406779661016945
676602.167568,13582.570513670855,0.9710121652547477,0.002047617135744971,0.026940217609507367,102,1254,88,190,48180,32,0.20603389830508473,0.3550847457627119
676602.167568,13582.570513670855,0.9710121652547477,0.002047617135744971,0.026940217609507367,102,1254,88,190,48180,32,0.20603389830508473,0.36610169491525424
676602.167568,13582.570513670855,0.9710121652547477,0.002047617135744971,0.026940217609507367,102,1254,88,190,48180,32,0.20603389830508473,0.3771186440677966
676602.167568,13582.570513670855,0.9710121652547477,0.002047617135744971,0.026940217609507367,102,1254,88,190,48180,32,0.20603389830508473,0.38813559322033897
676602.167568,13582.570513670855,0.9710121652547477,0.002047617135744971,0.026940217609507367,102,1254,88,190,48180,32,0.20603389830508473,0.39915254237288134
676602.167568,13582.570513670855,0.9710121652547477,0.002047617135744971,0.026940217609507367,102,1254,88,190,48180,32,0.20603389830508473,0.4101694915254237
676602.167568,13582.570513670855,0.9710121652547477,0.002047617135744971,0.026940217609507367,102,1254,88,190,48180,32,0.20603389830508473,0.42118644067796607
680836.984016,13667.583089412614,0.9710121652547477,0.0023286626249648694,0.02665917212028747,116,1248,80,190,48180,38,0.20603389830508473,0.43220338983050843
680836.984016,13667.583089412614,0.9710121652547477,0.0023286626249648694,0.02665917212028747,116,1248,80,190,48180,38,0.20603389830508473,0.4432203389830508
680836.984016,13667.583089412614,0.9710121652547477,0.0023286626249648694,0.02665917212028747,116,1248,80,190,48180,38,0.20603389830508473,0.45423728813559316
680836.984016,13667.583089412614,0.9710121652547477,0.0023286626249648694,0.02665917212028747,116,1248,80,190,48180,38,0.20603389830508473,0.46525423728813553
680836.984016,13667.583089412614,0.9710121652547477,0.0023286626249648694,0.02665917212028747,116,1248,80,190,48180,38,0.20603389830508473,0.4762711864406779
680836.984016,13667.583089412614,0.9710121652547477,0.0023286626249648694,0.02665917212028747,116,1248,80,190,48180,38,0.20603389830508473,0.48728813559322026
680836.984016,13667.583089412614,0.9710121652547477,0.0023286626249648694,0.02665917212028747,116,1248,80,190,48180,38,0.20603389830508473,0.4983050847457626
679336.2642079999,13637.456622796803,0.9710121652547477,0.0024892600473762397,0.026498574697876098,124,1244,76,190,48180,42,0.20603389830508473,0.5093220338983051
679336.2642079999,13637.456622796803,0.9710121652547477,0.0024892600473762397,0.026498574697876098,124,1244,76,190,48180,42,0.20603389830508473,0.5203389830508474
679336.2642079999,13637.456622796803,0.9710121652547477,0.0024892600473762397,0.026498574697876098,124,1244,76,190,48180,42,0.20603389830508473,0.5313559322033898
679336.2642079999,13637.456622796803,0.9710121652547477,0.0024892600473762397,0.026498574697876098,124,1244,76,190,48180,42,0.20603389830508473,0.5423728813559321
679336.2642079999,13637.456622796803,0.9710121652547477,0.0024892600473762397,0.026498574697876098,124,1244,76,190,48180,42,0.20603389830508473,0.5533898305084746
679336.2642079999,13637.456622796803,0.9710121652547477,0.0024892600473762397,0.026498574697876098,124,1244,76,190,48180,42,0.20603389830508473,0.5644067796610168
679336.2642079999,13637.456622796803,0.9710121652547477,0.0024892600473762397,0.026498574697876098,124,1244,76,190,48180,42,0.20603389830508473,0.5754237288135593
679336.2642079999,13637.456622796803,0.9710121652547477,0.0024892600473762397,0.026498574697876098,124,1244,76,190,48180,42,0.20603389830508473,0.5864406779661016
679336.2642079999,13637.456622796803,0.9710121652547477,0.0024892600473762397,0.026498574697876098,124,1244,76,190,48180,42,0.20603389830508473,0.597457627118644
683327.936784,13717.588163648774,0.9710121652547477,0.0026900068253904526,0.026297827919861887,134,1238,72,190,48180,48,0.20603389830508473,0.6084745762711864
683327.936784,13717.588163648774,0.9710121652547477,0.0026900068253904526,0.026297827919861887,134,1238,72,190,48180,48,0.20603389830508473,0.6194915254237288
683327.936784,13717.588163648774,0.9710121652547477,0.0026900068253904526,0.026297827919861887,134,1238,72,190,48180,48,0.20603389830508473,0.6305084745762711
683327.936784,13717.588163648774,0.9710121652547477,0.0026900068253904526,0.026297827919861887,134,1238,72,190,48180,48,0.20603389830508473,0.6415254237288135
683327.936784,13717.588163648774,0.9710121652547477,0.0026900068253904526,0.026297827919861887,134,1238,72,190,48180,48,0.20603389830508473,0.6525423728813559
696132.0218079999,13974.626045047575,0.9710121652547477,0.0032119484482274058,0.025775886297024934,160,1221,63,190,48180,65,0.20603389830508473,0.6635593220338982
696132.0218079999,13974.626045047575,0.9710121652547477,0.0032119484482274058,0.025775886297024934,160,1221,63,190,48180,65,0.20603389830508473,0.6745762711864406
696132.0218079999,13974.626045047575,0.9710121652547477,0.0032119484482274058,0.025775886297024934,160,1221,63,190,48180,65,0.20603389830508473,0.685593220338983
696132.0218079999,13974.626045047575,0.9710121652547477,0.0032119484482274058,0.025775886297024934,160,1221,63,190,48180,65,0.20603389830508473,0.6966101694915253
696132.0218079999,13974.626045047575,0.9710121652547477,0.0032119484482274058,0.025775886297024934,160,1221,63,190,48180,65,0.20603389830508473,0.7076271186440677
704667.3020639999,14145.969046131608,0.9710121652547477,0.003834263460071466,0.02515357128518087,191,1199,54,190,48180,87,0.20603389830508473,0.7186440677966102
704667.3020639999,14145.969046131608,0.9710121652547477,0.003834263460071466,0.02515357128518087,191,1199,54,190,48180,87,0.20603389830508473,0.7296610169491524
704667.3020639999,14145.969046131608,0.9710121652547477,0.003834263460071466,0.02515357128518087,191,1199,54,190,48180,87,0.20603389830508473,0.7406779661016949
704667.3020639999,14145.969046131608,0.9710121652547477,0.003834263460071466,0.02515357128518087,191,1199,54,190,48180,87,0.20603389830508473,0.7516949152542372
704667.3020639999,14145.969046131608,0.9710121652547477,0.003834263460071466,0.02515357128518087,191,1199,54,190,48180,87,0.20603389830508473,0.7627118644067796
742051.9028640001,14896.452861926367,0.9710121652547477,0.00451680250531979,0.02447103223993255,225,1173,46,190,48180,113,0.20603389830508473,0.7737288135593219
742051.9028640001,14896.452861926367,0.9710121652547477,0.00451680250531979,0.02447103223993255,225,1173,46,190,48180,113,0.20603389830508473,0.7847457627118644
742051.9028640001,14896.452861926367,0.9710121652547477,0.00451680250531979,0.02447103223993255,225,1173,46,190,48180,113,0.20603389830508473,0.7957627118644066
742051.9028640001,14896.452861926367,0.9710121652547477,0.00451680250531979,0.02447103223993255,225,1173,46,190,48180,113,0.20603389830508473,0.8067796610169491
742051.9028640001,14896.452861926367,0.9710121652547477,0.00451680250531979,0.02447103223993255,225,1173,46,190,48180,113,0.20603389830508473,0.8177966101694913
742051.9028640001,14896.452861926367,0.9710121652547477,0.00451680250531979,0.02447103223993255,225,1173,46,190,48180,113,0.20603389830508473,0.8288135593220338
742051.9028640001,14896.452861926367,0.9710121652547477,0.00451680250531979,0.02447103223993255,225,1173,46,190,48180,113,0.20603389830508473,0.8398305084745761
742051.9028640001,14896.452861926367,0.9710121652547477,0.00451680250531979,0.02447103223993255,225,1173,46,190,48180,113,0.20603389830508473,0.8508474576271186
750657.777808,15069.213028626491,0.9710121652547477,0.0050788934837595855,0.023908941261492754,253,1149,42,190,48180,137,0.20603389830508473,0.8618644067796608
750657.777808,15069.213028626491,0.9710121652547477,0.0050788934837595855,0.023908941261492754,253,1149,42,190,48180,137,0.20603389830508473,0.8728813559322033
750657.777808,15069.213028626491,0.9710121652547477,0.0050788934837595855,0.023908941261492754,253,1149,42,190,48180,137,0.20603389830508473,0.8838983050847455
750657.777808,15069.213028626491,0.9710121652547477,0.0050788934837595855,0.023908941261492754,253,1149,42,190,48180,137,0.20603389830508473,0.894915254237288
750657.777808,15069.213028626491,0.9710121652547477,0.0050788934837595855,0.023908941261492754,253,1149,42,190,48180,137,0.20603389830508473,0.9059322033898305
750657.777808,15069.213028626491,0.9710121652547477,0.0050788934837595855,0.023908941261492754,253,1149,42,190,48180,137,0.20603389830508473,0.9169491525423727
750657.777808,15069.213028626491,0.9710121652547477,0.0050788934837595855,0.023908941261492754,253,1149,42,190,48180,137,0.20603389830508473,0.9279661016949152
750657.777808,15069.213028626491,0.9710121652547477,0.0050788934837595855,0.023908941261492754,253,1149,42,190,48180,137,0.20603389830508473,0.9389830508474575
823300.77608,16527.497813466096,0.9710121652547477,0.007869273698157144,0.021118561047095193,392,1017,35,190,48180,269,0.20603389830508473,0.95
695353.295664,13958.993368611233,0.9710121652547477,0.0008230617898582728,0.028164772955394067,41,1274,129,190,48180,12,0.21613559322033898,0.3
695353.295664,13958.993368611233,0.9710121652547477,0.0008230617898582728,0.028164772955394067,41,1274,129,190,48180,12,0.21613559322033898,0.31101694915254235
689503.111632,13841.552809089813,0.9710121652547477,0.0011442566346810134,0.027843578110571324,57,1269,118,190,48180,17,0.21613559322033898,0.3220338983050847
689503.111632,13841.552809089813,0.9710121652547477,0.0011442566346810134,0.027843578110571324,57,1269,118,190,48180,17,0.21613559322033898,0.3330508474576271
676602.167568,13582.570513670855,0.9710121652547477,0.002047617135744971,0.026940217609507367,102,1254,88,190,48180,32,0.21613559322033898,0.34406779661016945
676602.167568,13582.570513670855,0.9710121652547477,0.002047617135744971,0.026940217609507367,102,1254,88,190,48180,32,0.21613559322033898,0.3550847457627119
676602.167568,13582.570513670855,0.9710121652547477,0.002047617135744971,0.026940217609507367,102,1254,88,190,48180,32,0.21613559322033898,0.36610169491525424
676602.167568,13582.570513670855,0.9710121652547477,0.002047617135744971,0.026940217609507367,102,1254,88,190,48180,32,0.21613559322033898,0.3771186440677966
676602.167568,13582.570513670855,0.9710121652547477,0.002047617135744971,0.026940217609507367,102,1254,88,190,48180,32,0.21613559322033898,0.38813559322033897
676602.167568,13582.570513670855,0.9710121652547477,0.002047617135744971,0.026940217609507367,102,1254,88,190,48180,32,0.21613559322033898,0.39915254237288134
676602.167568,13582.570513670855,0.9710121652547477,0.002047617135744971,0.026940217609507367,102,1254,88,190,48180,32,0.21613559322033898,0.4101694915254237
676602.167568,13582.570513670855,0.9710121652547477,0.002047617135744971,0.026940217609507367,102,1254,88,190,48180,32,0.21613559322033898,0.42118644067796607
680836.984016,13667.583089412614,0.9710121652547477,0.0023286626249648694,0.02665917212028747,116,1248,80,190,48180,38,0.21613559322033898,0.43220338983050843
680836.984016,13667.583089412614,0.9710121652547477,0.0023286626249648694,0.02665917212028747,116,1248,80,190,48180,38,0.21613559322033898,0.4432203389830508
680836.984016,13667.583089412614,0.9710121652547477,0.0023286626249648694,0.02665917212028747,116,1248,80,190,48180,38,0.21613559322033898,0.45423728813559316
680836.984016,13667.583089412614,0.9710121652547477,0.0023286626249648694,0.02665917212028747,116,1248,80,190,48180,38,0.21613559322033898,0.46525423728813553
680836.984016,13667.583089412614,0.9710121652547477,0.0023286626249648694,0.02665917212028747,116,1248,80,190,48180,38,0.21613559322033898,0.4762711864406779
680836.984016,13667.583089412614,0.9710121652547477,0.0023286626249648694,0.02665917212028747,116,1248,80,190,48180,38,0.21613559322033898,0.48728813559322026
680836.984016,13667.583089412614,0.9710121652547477,0.0023286626249648694,0.02665917212028747,116,1248,80,190,48180,38,0.21613559322033898,0.4983050847457626
679336.2642079999,13637.456622796803,0.9710121652547477,0.0024892600473762397,0.026498574697876098,124,1244,76,190,48180,42,0.21613559322033898,0.5093220338983051
679336.2642079999,13637.456622796803,0.9710121652547477,0.0024892600473762397,0.026498574697876098,124,1244,76,190,48180,42,0.21613559322033898,0.5203389830508474
679336.2642079999,13637.456622796803,0.9710121652547477,0.0024892600473762397,0.026498574697876098,124,1244,76,190,48180,42,0.21613559322033898,0.5313559322033898
679336.2642079999,13637.456622796803,0.9710121652547477,0.0024892600473762397,0.026498574697876098,124,1244,76,190,48180,42,0.21613559322033898,0.5423728813559321
679336.2642079999,13637.456622796803,0.9710121652547477,0.0024892600473762397,0.026498574697876098,124,1244,76,190,48180,42,0.21613559322033898,0.5533898305084746
679336.2642079999,13637.456622796803,0.9710121652547477,0.0024892600473762397,0.026498574697876098,124,1244,76,190,48180,42,0.21613559322033898,0.5644067796610168
679336.2642079999,13637.456622796803,0.9710121652547477,0.0024892600473762397,0.026498574697876098,124,1244,76,190,48180,42,0.21613559322033898,0.5754237288135593
679336.2642079999,13637.456622796803,0.9710121652547477,0.0024892600473762397,0.026498574697876098,124,1244,76,190,48180,42,0.21613559322033898,0.5864406779661016
679336.2642079999,13637.456622796803,0.9710121652547477,0.0024892600473762397,0.026498574697876098,124,1244,76,190,48180,42,0.21613559322033898,0.597457627118644
683327.936784,13717.588163648774,0.9710121652547477,0.0026900068253904526,0.026297827919861887,134,1238,72,190,48180,48,0.21613559322033898,0.6084745762711864
683327.936784,13717.588163648774,0.9710121652547477,0.0026900068253904526,0.026297827919861887,134,1238,72,190,48180,48,0.21613559322033898,0.6194915254237288
683327.936784,13717.588163648774,0.9710121652547477,0.0026900068253904526,0.026297827919861887,134,1238,72,190,48180,48,0.21613559322033898,0.6305084745762711
683327.936784,13717.588163648774,0.9710121652547477,0.0026900068253904526,0.026297827919861887,134,1238,72,190,48180,48,0.21613559322033898,0.6415254237288135
683327.936784,13717.588163648774,0.9710121652547477,0.0026900068253904526,0.026297827919861887,134,1238,72,190,48180,48,0.21613559322033898,0.6525423728813559
696132.0218079999,13974.626045047575,0.9710121652547477,0.0032119484482274058,0.025775886297024934,160,1221,63,190,48180,65,0.21613559322033898,0.6635593220338982
696132.0218079999,13974.626045047575,0.9710121652547477,0.0032119484482274058,0.025775886297024934,160,1221,63,190,48180,65,0.21613559322033898,0.6745762711864406
696132.0218079999,13974.626045047575,0.9710121652547477,0.0032119484482274058,0.025775886297024934,160,1221,63,190,48180,65,0.21613559322033898,0.685593220338983
696132.0218079999,13974.626045047575,0.9710121652547477,0.0032119484482274058,0.025775886297024934,160,1221,63,190,48180,65,0.21613559322033898,0.6966101694915253
696132.0218079999,13974.626045047575,0.9710121652547477,0.0032119484482274058,0.025775886297024934,160,1221,63,190,48180,65,0.21613559322033898,0.7076271186440677
704667.3020639999,14145.969046131608,0.9710121652547477,0.003834263460071466,0.02515357128518087,191,1199,54,190,48180,87,0.21613559322033898,0.7186440677966102
704667.3020639999,14145.969046131608,0.9710121652547477,0.003834263460071466,0.02515357128518087,191,1199,54,190,48180,87,0.21613559322033898,0.7296610169491524
704667.3020639999,14145.969046131608,0.9710121652547477,0.003834263460071466,0.02515357128518087,191,1199,54,190,48180,87,0.21613559322033898,0.7406779661016949
704667.3020639999,14145.969046131608,0.9710121652547477,0.003834263460071466,0.02515357128518087,191,1199,54,190,48180,87,0.21613559322033898,0.7516949152542372
704667.3020639999,14145.969046131608,0.9710121652547477,0.003834263460071466,0.02515357128518087,191,1199,54,190,48180,87,0.21613559322033898,0.7627118644067796
742051.9028640001,14896.452861926367,0.9710121652547477,0.00451680250531979,0.02447103223993255,225,1173,46,190,48180,113,0.21613559322033898,0.7737288135593219
742051.9028640001,14896.452861926367,0.9710121652547477,0.00451680250531979,0.02447103223993255,225,1173,46,190,48180,113,0.21613559322033898,0.7847457627118644
742051.9028640001,14896.452861926367,0.9710121652547477,0.00451680250531979,0.02447103223993255,225,1173,46,190,48180,113,0.21613559322033898,0.7957627118644066
742051.9028640001,14896.452861926367,0.9710121652547477,0.00451680250531979,0.02447103223993255,225,1173,46,190,48180,113,0.21613559322033898,0.8067796610169491
742051.9028640001,14896.452861926367,0.9710121652547477,0.00451680250531979,0.02447103223993255,225,1173,46,190,48180,113,0.21613559322033898,0.8177966101694913
742051.9028640001,14896.452861926367,0.9710121652547477,0.00451680250531979,0.02447103223993255,225,1173,46,190,48180,113,0.21613559322033898,0.8288135593220338
742051.9028640001,14896.452861926367,0.9710121652547477,0.00451680250531979,0.02447103223993255,225,1173,46,190,48180,113,0.21613559322033898,0.8398305084745761
742051.9028640001,14896.452861926367,0.9710121652547477,0.00451680250531979,0.02447103223993255,225,1173,46,190,48180,113,0.21613559322033898,0.8508474576271186
750657.777808,15069.213028626491,0.9710121652547477,0.0050788934837595855,0.023908941261492754,253,1149,42,190,48180,137,0.21613559322033898,0.8618644067796608
750657.777808,15069.213028626491,0.9710121652547477,0.0050788934837595855,0.023908941261492754,253,1149,42,190,48180,137,0.21613559322033898,0.8728813559322033
750657.777808,15069.213028626491,0.9710121652547477,0.0050788934837595855,0.023908941261492754,253,1149,42,190,48180,137,0.21613559322033898,0.8838983050847455
750657.777808,15069.213028626491,0.9710121652547477,0.0050788934837595855,0.023908941261492754,253,1149,42,190,48180,137,0.21613559322033898,0.894915254237288
750657.777808,15069.213028626491,0.9710121652547477,0.0050788934837595855,0.023908941261492754,253,1149,42,190,48180,137,0.21613559322033898,0.9059322033898305
750657.777808,15069.213028626491,0.9710121652547477,0.0050788934837595855,0.023908941261492754,253,1149,42,190,48180,137,0.21613559322033898,0.9169491525423727
750657.777808,15069.213028626491,0.9710121652547477,0.0050788934837595855,0.023908941261492754,253,1149,42,190,48180,137,0.21613559322033898,0.9279661016949152
750657.777808,15069.213028626491,0.9710121652547477,0.0050788934837595855,0.023908941261492754,253,1149,42,190,48180,137,0.21613559322033898,0.9389830508474575
823300.77608,16527.497813466096,0.9710121652547477,0.007869273698157144,0.021118561047095193,392,1017,35,190,48180,269,0.21613559322033898,0.95
695353.295664,13958.993368611233,0.9710121652547477,0.0008230617898582728,0.028164772955394067,41,1274,129,190,48180,12,0.2262372881355932,0.3
695353.295664,13958.993368611233,0.9710121652547477,0.0008230617898582728,0.028164772955394067,41,1274,129,190,48180,12,0.2262372881355932,0.31101694915254235
689503.111632,13841.552809089813,0.9710121652547477,0.0011442566346810134,0.027843578110571324,57,1269,118,190,48180,17,0.2262372881355932,0.3220338983050847
689503.111632,13841.552809089813,0.9710121652547477,0.0011442566346810134,0.027843578110571324,57,1269,118,190,48180,17,0.2262372881355932,0.3330508474576271
676602.167568,13582.570513670855,0.9710121652547477,0.002047617135744971,0.026940217609507367,102,1254,88,190,48180,32,0.2262372881355932,0.34406779661016945
676602.167568,13582.570513670855,0.9710121652547477,0.002047617135744971,0.026940217609507367,102,1254,88,190,48180,32,0.2262372881355932,0.3550847457627119
676602.167568,13582.570513670855,0.9710121652547477,0.002047617135744971,0.026940217609507367,102,1254,88,190,48180,32,0.2262372881355932,0.36610169491525424
676602.167568,13582.570513670855,0.9710121652547477,0.002047617135744971,0.026940217609507367,102,1254,88,190,48180,32,0.2262372881355932,0.3771186440677966
676602.167568,13582.570513670855,0.9710121652547477,0.002047617135744971,0.026940217609507367,102,1254,88,190,48180,32,0.2262372881355932,0.38813559322033897
676602.167568,13582.570513670855,0.9710121652547477,0.002047617135744971,0.026940217609507367,102,1254,88,190,48180,32,0.2262372881355932,0.39915254237288134
676602.167568,13582.570513670855,0.9710121652547477,0.002047617135744971,0.026940217609507367,102,1254,88,190,48180,32,0.2262372881355932,0.4101694915254237
676602.167568,13582.570513670855,0.9710121652547477,0.002047617135744971,0.026940217609507367,102,1254,88,190,48180,32,0.2262372881355932,0.42118644067796607
680836.984016,13667.583089412614,0.9710121652547477,0.0023286626249648694,0.02665917212028747,116,1248,80,190,48180,38,0.2262372881355932,0.43220338983050843
680836.984016,13667.583089412614,0.9710121652547477,0.0023286626249648694,0.02665917212028747,116,1248,80,190,48180,38,0.2262372881355932,0.4432203389830508
680836.984016,13667.583089412614,0.9710121652547477,0.0023286626249648694,0.02665917212028747,116,1248,80,190,48180,38,0.2262372881355932,0.45423728813559316
680836.984016,13667.583089412614,0.9710121652547477,0.0023286626249648694,0.02665917212028747,116,1248,80,190,48180,38,0.2262372881355932,0.46525423728813553
680836.984016,13667.583089412614,0.9710121652547477,0.0023286626249648694,0.02665917212028747,116,1248,80,190,48180,38,0.2262372881355932,0.4762711864406779
680836.984016,13667.583089412614,0.9710121652547477,0.0023286626249648694,0.02665917212028747,116,1248,80,190,48180,38,0.2262372881355932,0.48728813559322026
680836.984016,13667.583089412614,0.9710121652547477,0.0023286626249648694,0.02665917212028747,116,1248,80,190,48180,38,0.2262372881355932,0.4983050847457626
679336.2642079999,13637.456622796803,0.9710121652547477,0.0024892600473762397,0.026498574697876098,124,1244,76,190,48180,42,0.2262372881355932,0.5093220338983051
679336.2642079999,13637.456622796803,0.9710121652547477,0.0024892600473762397,0.026498574697876098,124,1244,76,190,48180,42,0.2262372881355932,0.5203389830508474
679336.2642079999,13637.456622796803,0.9710121652547477,0.0024892600473762397,0.026498574697876098,124,1244,76,190,48180,42,0.2262372881355932,0.5313559322033898
679336.2642079999,13637.456622796803,0.9710121652547477,0.0024892600473762397,0.026498574697876098,124,1244,76,190,48180,42,0.2262372881355932,0.5423728813559321
679336.2642079999,13637.456622796803,0.9710121652547477,0.0024892600473762397,0.026498574697876098,124,1244,76,190,48180,42,0.2262372881355932,0.5533898305084746
679336.2642079999,13637.456622796803,0.9710121652547477,0.0024892600473762397,0.026498574697876098,124,1244,76,190,48180,42,0.2262372881355932,0.5644067796610168
679336.2642079999,13637.456622796803,0.9710121652547477,0.0024892600473762397,0.026498574697876098,124,1244,76,190,48180,42,0.2262372881355932,0.5754237288135593
679336.2642079999,13637.456622796803,0.9710121652547477,0.0024892600473762397,0.026498574697876098,124,1244,76,190,48180,42,0.2262372881355932,0.5864406779661016
679336.2642079999,13637.456622796803,0.9710121652547477,0.0024892600473762397,0.026498574697876098,124,1244,76,190,48180,42,0.2262372881355932,0.597457627118644
683327.936784,13717.588163648774,0.9710121652547477,0.0026900068253904526,0.026297827919861887,134,1238,72,190,48180,48,0.2262372881355932,0.6084745762711864
683327.936784,13717.588163648774,0.9710121652547477,0.0026900068253904526,0.026297827919861887,134,1238,72,190,48180,48,0.2262372881355932,0.6194915254237288
683327.936784,13717.588163648774,0.9710121652547477,0.0026900068253904526,0.026297827919861887,134,1238,72,190,48180,48,0.2262372881355932,0.6305084745762711
683327.936784,13717.588163648774,0.9710121652547477,0.0026900068253904526,0.026297827919861887,134,1238,72,190,48180,48,0.2262372881355932,0.6415254237288135
683327.936784,13717.588163648774,0.9710121652547477,0.0026900068253904526,0.026297827919861887,134,1238,72,190,48180,48,0.2262372881355932,0.6525423728813559
696132.0218079999,13974.626045047575,0.9710121652547477,0.0032119484482274058,0.025775886297024934,160,1221,63,190,48180,65,0.2262372881355932,0.6635593220338982
696132.0218079999,13974.626045047575,0.9710121652547477,0.0032119484482274058,0.025775886297024934,160,1221,63,190,48180,65,0.2262372881355932,0.6745762711864406
696132.0218079999,13974.626045047575,0.9710121652547477,0.0032119484482274058,0.025775886297024934,160,1221,63,190,48180,65,0.2262372881355932,0.685593220338983
696132.0218079999,13974.626045047575,0.9710121652547477,0.0032119484482274058,0.025775886297024934,160,1221,63,190,48180,65,0.2262372881355932,0.6966101694915253
696132.0218079999,13974.626045047575,0.9710121652547477,0.0032119484482274058,0.025775886297024934,160,1221,63,190,48180,65,0.2262372881355932,0.7076271186440677
704667.3020639999,14145.969046131608,0.9710121652547477,0.003834263460071466,0.02515357128518087,191,1199,54,190,48180,87,0.2262372881355932,0.7186440677966102
704667.3020639999,14145.969046131608,0.9710121652547477,0.003834263460071466,0.02515357128518087,191,1199,54,190,48180,87,0.2262372881355932,0.7296610169491524
704667.3020639999,14145.969046131608,0.9710121652547477,0.003834263460071466,0.02515357128518087,191,1199,54,190,48180,87,0.2262372881355932,0.7406779661016949
704667.3020639999,14145.969046131608,0.9710121652547477,0.003834263460071466,0.02515357128518087,191,1199,54,190,48180,87,0.2262372881355932,0.7516949152542372
704667.3020639999,14145.969046131608,0.9710121652547477,0.003834263460071466,0.02515357128518087,191,1199,54,190,48180,87,0.2262372881355932,0.7627118644067796
742051.9028640001,14896.452861926367,0.9710121652547477,0.00451680250531979,0.02447103223993255,225,1173,46,190,48180,113,0.2262372881355932,0.7737288135593219
742051.9028640001,14896.452861926367,0.9710121652547477,0.00451680250531979,0.02447103223993255,225,1173,46,190,48180,113,0.2262372881355932,0.7847457627118644
742051.9028640001,14896.452861926367,0.9710121652547477,0.00451680250531979,0.02447103223993255,225,1173,46,190,48180,113,0.2262372881355932,0.7957627118644066
742051.9028640001,14896.452861926367,0.9710121652547477,0.00451680250531979,0.02447103223993255,225,1173,46,190,48180,113,0.2262372881355932,0.8067796610169491
742051.9028640001,14896.452861926367,0.9710121652547477,0.00451680250531979,0.02447103223993255,225,1173,46,190,48180,113,0.2262372881355932,0.8177966101694913
742051.9028640001,14896.452861926367,0.9710121652547477,0.00451680250531979,0.02447103223993255,225,1173,46,190,48180,113,0.2262372881355932,0.8288135593220338
742051.9028640001,14896.452861926367,0.9710121652547477,0.00451680250531979,0.02447103223993255,225,1173,46,190,48180,113,0.2262372881355932,0.8398305084745761
742051.9028640001,14896.452861926367,0.9710121652547477,0.00451680250531979,0.02447103223993255,225,1173,46,190,48180,113,0.2262372881355932,0.8508474576271186
750657.777808,15069.213028626491,0.9710121652547477,0.0050788934837595855,0.023908941261492754,253,1149,42,190,48180,137,0.2262372881355932,0.8618644067796608
750657.777808,15069.213028626491,0.9710121652547477,0.0050788934837595855,0.023908941261492754,253,1149,42,190,48180,137,0.2262372881355932,0.8728813559322033
750657.777808,15069.213028626491,0.9710121652547477,0.0050788934837595855,0.023908941261492754,253,1149,42,190,48180,137,0.2262372881355932,0.8838983050847455
750657.777808,15069.213028626491,0.9710121652547477,0.0050788934837595855,0.023908941261492754,253,1149,42,190,48180,137,0.2262372881355932,0.894915254237288
750657.777808,15069.213028626491,0.9710121652547477,0.0050788934837595855,0.023908941261492754,253,1149,42,190,48180,137,0.2262372881355932,0.9059322033898305
750657.777808,15069.213028626491,0.9710121652547477,0.0050788934837595855,0.023908941261492754,253,1149,42,190,48180,137,0.2262372881355932,0.9169491525423727
750657.777808,15069.213028626491,0.9710121652547477,0.0050788934837595855,0.023908941261492754,253,1149,42,190,48180,137,0.2262372881355932,0.9279661016949152
750657.777808,15069.213028626491,0.9710121652547477,0.0050788934837595855,0.023908941261492754,253,1149,42,190,48180,137,0.2262372881355932,0.9389830508474575
823300.77608,16527.497813466096,0.9710121652547477,0.007869273698157144,0.021118561047095193,392,1017,35,190,48180,269,0.2262372881355932,0.95
695353.295664,13958.993368611233,0.9710121652547477,0.0008230617898582728,0.028164772955394067,41,1274,129,190,48180,12,0.23633898305084744,0.3
695353.295664,13958.993368611233,0.9710121652547477,0.0008230617898582728,0.028164772955394067,41,1274,129,190,48180,12,0.23633898305084744,0.31101694915254235
689503.111632,13841.552809089813,0.9710121652547477,0.0011442566346810134,0.027843578110571324,57,1269,118,190,48180,17,0.23633898305084744,0.3220338983050847
689503.111632,13841.552809089813,0.9710121652547477,0.0011442566346810134,0.027843578110571324,57,1269,118,190,48180,17,0.23633898305084744,0.3330508474576271
676602.167568,13582.570513670855,0.9710121652547477,0.002047617135744971,0.026940217609507367,102,1254,88,190,48180,32,0.23633898305084744,0.34406779661016945
676602.167568,13582.570513670855,0.9710121652547477,0.002047617135744971,0.026940217609507367,102,1254,88,190,48180,32,0.23633898305084744,0.3550847457627119
676602.167568,13582.570513670855,0.9710121652547477,0.002047617135744971,0.026940217609507367,102,1254,88,190,48180,32,0.23633898305084744,0.36610169491525424
676602.167568,13582.570513670855,0.9710121652547477,0.002047617135744971,0.026940217609507367,102,1254,88,190,48180,32,0.23633898305084744,0.3771186440677966
676602.167568,13582.570513670855,0.9710121652547477,0.002047617135744971,0.026940217609507367,102,1254,88,190,48180,32,0.23633898305084744,0.38813559322033897
676602.167568,13582.570513670855,0.9710121652547477,0.002047617135744971,0.026940217609507367,102,1254,88,190,48180,32,0.23633898305084744,0.39915254237288134
676602.167568,13582.570513670855,0.9710121652547477,0.002047617135744971,0.026940217609507367,102,1254,88,190,48180,32,0.23633898305084744,0.4101694915254237
676602.167568,13582.570513670855,0.9710121652547477,0.002047617135744971,0.026940217609507367,102,1254,88,190,48180,32,0.23633898305084744,0.42118644067796607
680836.984016,13667.583089412614,0.9710121652547477,0.0023286626249648694,0.02665917212028747,116,1248,80,190,48180,38,0.23633898305084744,0.43220338983050843
680836.984016,13667.583089412614,0.9710121652547477,0.0023286626249648694,0.02665917212028747,116,1248,80,190,48180,38,0.23633898305084744,0.4432203389830508
680836.984016,13667.583089412614,0.9710121652547477,0.0023286626249648694,0.02665917212028747,116,1248,80,190,48180,38,0.23633898305084744,0.45423728813559316
680836.984016,13667.583089412614,0.9710121652547477,0.0023286626249648694,0.02665917212028747,116,1248,80,190,48180,38,0.23633898305084744,0.46525423728813553
680836.984016,13667.583089412614,0.9710121652547477,0.0023286626249648694,0.02665917212028747,116,1248,80,190,48180,38,0.23633898305084744,0.4762711864406779
680836.984016,13667.583089412614,0.9710121652547477,0.0023286626249648694,0.02665917212028747,116,1248,80,190,48180,38,0.23633898305084744,0.48728813559322026
680836.984016,13667.583089412614,0.9710121652547477,0.0023286626249648694,0.02665917212028747,116,1248,80,190,48180,38,0.23633898305084744,0.4983050847457626
679336.2642079999,13637.456622796803,0.9710121652547477,0.0024892600473762397,0.026498574697876098,124,1244,76,190,48180,42,0.23633898305084744,0.5093220338983051
679336.2642079999,13637.456622796803,0.9710121652547477,0.0024892600473762397,0.026498574697876098,124,1244,76,190,48180,42,0.23633898305084744,0.5203389830508474
679336.2642079999,13637.456622796803,0.9710121652547477,0.0024892600473762397,0.026498574697876098,124,1244,76,190,48180,42,0.23633898305084744,0.5313559322033898
679336.2642079999,13637.456622796803,0.9710121652547477,0.0024892600473762397,0.026498574697876098,124,1244,76,190,48180,42,0.23633898305084744,0.5423728813559321
679336.2642079999,13637.456622796803,0.9710121652547477,0.0024892600473762397,0.026498574697876098,124,1244,76,190,48180,42,0.23633898305084744,0.5533898305084746
679336.2642079999,13637.456622796803,0.9710121652547477,0.0024892600473762397,0.026498574697876098,124,1244,76,190,48180,42,0.23633898305084744,0.5644067796610168
679336.2642079999,13637.456622796803,0.9710121652547477,0.0024892600473762397,0.026498574697876098,124,1244,76,190,48180,42,0.23633898305084744,0.5754237288135593
679336.2642079999,13637.456622796803,0.9710121652547477,0.0024892600473762397,0.026498574697876098,124,1244,76,190,48180,42,0.23633898305084744,0.5864406779661016
679336.2642079999,13637.456622796803,0.9710121652547477,0.0024892600473762397,0.026498574697876098,124,1244,76,190,48180,42,0.23633898305084744,0.597457627118644
683327.936784,13717.588163648774,0.9710121652547477,0.0026900068253904526,0.026297827919861887,134,1238,72,190,48180,48,0.23633898305084744,0.6084745762711864
683327.936784,13717.588163648774,0.9710121652547477,0.0026900068253904526,0.026297827919861887,134,1238,72,190,48180,48,0.23633898305084744,0.6194915254237288
683327.936784,13717.588163648774,0.9710121652547477,0.0026900068253904526,0.026297827919861887,134,1238,72,190,48180,48,0.23633898305084744,0.6305084745762711
683327.936784,13717.588163648774,0.9710121652547477,0.0026900068253904526,0.026297827919861887,134,1238,72,190,48180,48,0.23633898305084744,0.6415254237288135
683327.936784,13717.588163648774,0.9710121652547477,0.0026900068253904526,0.026297827919861887,134,1238,72,190,48180,48,0.23633898305084744,0.6525423728813559
696132.0218079999,13974.626045047575,0.9710121652547477,0.0032119484482274058,0.025775886297024934,160,1221,63,190,48180,65,0.23633898305084744,0.6635593220338982
696132.0218079999,13974.626045047575,0.9710121652547477,0.0032119484482274058,0.025775886297024934,160,1221,63,190,48180,65,0.23633898305084744,0.6745762711864406
696132.0218079999,13974.626045047575,0.9710121652547477,0.0032119484482274058,0.025775886297024934,160,1221,63,190,48180,65,0.23633898305084744,0.685593220338983
696132.0218079999,13974.626045047575,0.9710121652547477,0.0032119484482274058,0.025775886297024934,160,1221,63,190,48180,65,0.23633898305084744,0.6966101694915253
696132.0218079999,13974.626045047575,0.9710121652547477,0.0032119484482274058,0.025775886297024934,160,1221,63,190,48180,65,0.23633898305084744,0.7076271186440677
704667.3020639999,14145.969046131608,0.9710121652547477,0.003834263460071466,0.02515357128518087,191,1199,54,190,48180,87,0.23633898305084744,0.7186440677966102
704667.3020639999,14145.969046131608,0.9710121652547477,0.003834263460071466,0.02515357128518087,191,1199,54,190,48180,87,0.23633898305084744,0.7296610169491524
704667.3020639999,14145.969046131608,0.9710121652547477,0.003834263460071466,0.02515357128518087,191,1199,54,190,48180,87,0.23633898305084744,0.7406779661016949
704667.3020639999,14145.969046131608,0.9710121652547477,0.003834263460071466,0.02515357128518087,191,1199,54,190,48180,87,0.23633898305084744,0.7516949152542372
704667.3020639999,14145.969046131608,0.9710121652547477,0.003834263460071466,0.02515357128518087,191,1199,54,190,48180,87,0.23633898305084744,0.7627118644067796
742051.9028640001,14896.452861926367,0.9710121652547477,0.00451680250531979,0.02447103223993255,225,1173,46,190,48180,113,0.23633898305084744,0.7737288135593219
742051.9028640001,14896.452861926367,0.9710121652547477,0.00451680250531979,0.02447103223993255,225,1173,46,190,48180,113,0.23633898305084744,0.7847457627118644
742051.9028640001,14896.452861926367,0.9710121652547477,0.00451680250531979,0.02447103223993255,225,1173,46,190,48180,113,0.23633898305084744,0.7957627118644066
742051.9028640001,14896.452861926367,0.9710121652547477,0.00451680250531979,0.02447103223993255,225,1173,46,190,48180,113,0.23633898305084744,0.8067796610169491
742051.9028640001,14896.452861926367,0.9710121652547477,0.00451680250531979,0.02447103223993255,225,1173,46,190,48180,113,0.23633898305084744,0.8177966101694913
742051.9028640001,14896.452861926367,0.9710121652547477,0.00451680250531979,0.02447103223993255,225,1173,46,190,48180,113,0.23633898305084744,0.8288135593220338
742051.9028640001,14896.452861926367,0.9710121652547477,0.00451680250531979,0.02447103223993255,225,1173,46,190,48180,113,0.23633898305084744,0.8398305084745761
742051.9028640001,14896.452861926367,0.9710121652547477,0.00451680250531979,0.02447103223993255,225,1173,46,190,48180,113,0.23633898305084744,0.8508474576271186
750657.777808,15069.213028626491,0.9710121652547477,0.0050788934837595855,0.023908941261492754,253,1149,42,190,48180,137,0.23633898305084744,0.8618644067796608
750657.777808,15069.213028626491,0.9710121652547477,0.0050788934837595855,0.023908941261492754,253,1149,42,190,48180,137,0.23633898305084744,0.8728813559322033
750657.777808,15069.213028626491,0.9710121652547477,0.0050788934837595855,0.023908941261492754,253,1149,42,190,48180,137,0.23633898305084744,0.8838983050847455
750657.777808,15069.213028626491,0.9710121652547477,0.0050788934837595855,0.023908941261492754,253,1149,42,190,48180,137,0.23633898305084744,0.894915254237288
750657.777808,15069.213028626491,0.9710121652547477,0.0050788934837595855,0.023908941261492754,253,1149,42,190,48180,137,0.23633898305084744,0.9059322033898305
750657.777808,15069.213028626491,0.9710121652547477,0.0050788934837595855,0.023908941261492754,253,1149,42,190,48180,137,0.23633898305084744,0.9169491525423727
750657.777808,15069.213028626491,0.9710121652547477,0.0050788934837595855,0.023908941261492754,253,1149,42,190,48180,137,0.23633898305084744,0.9279661016949152
750657.777808,15069.213028626491,0.9710121652547477,0.0050788934837595855,0.023908941261492754,253,1149,42,190,48180,137,0.23633898305084744,0.9389830508474575
823300.77608,16527.497813466096,0.9710121652547477,0.007869273698157144,0.021118561047095193,392,1017,35,190,48180,269,0.23633898305084744,0.95
695353.295664,13958.993368611233,0.9710121652547477,0.0008230617898582728,0.028164772955394067,41,1274,129,190,48180,12,0.2464406779661017,0.3
695353.295664,13958.993368611233,0.9710121652547477,0.0008230617898582728,0.028164772955394067,41,1274,129,190,48180,12,0.2464406779661017,0.31101694915254235
689503.111632,13841.552809089813,0.9710121652547477,0.0011442566346810134,0.027843578110571324,57,1269,118,190,48180,17,0.2464406779661017,0.3220338983050847
689503.111632,13841.552809089813,0.9710121652547477,0.0011442566346810134,0.027843578110571324,57,1269,118,190,48180,17,0.2464406779661017,0.3330508474576271
676602.167568,13582.570513670855,0.9710121652547477,0.002047617135744971,0.026940217609507367,102,1254,88,190,48180,32,0.2464406779661017,0.34406779661016945
676602.167568,13582.570513670855,0.9710121652547477,0.002047617135744971,0.026940217609507367,102,1254,88,190,48180,32,0.2464406779661017,0.3550847457627119
676602.167568,13582.570513670855,0.9710121652547477,0.002047617135744971,0.026940217609507367,102,1254,88,190,48180,32,0.2464406779661017,0.36610169491525424
676602.167568,13582.570513670855,0.9710121652547477,0.002047617135744971,0.026940217609507367,102,1254,88,190,48180,32,0.2464406779661017,0.3771186440677966
676602.167568,13582.570513670855,0.9710121652547477,0.002047617135744971,0.026940217609507367,102,1254,88,190,48180,32,0.2464406779661017,0.38813559322033897
676602.167568,13582.570513670855,0.9710121652547477,0.002047617135744971,0.026940217609507367,102,1254,88,190,48180,32,0.2464406779661017,0.39915254237288134
676602.167568,13582.570513670855,0.9710121652547477,0.002047617135744971,0.026940217609507367,102,1254,88,190,48180,32,0.2464406779661017,0.4101694915254237
676602.167568,13582.570513670855,0.9710121652547477,0.002047617135744971,0.026940217609507367,102,1254,88,190,48180,32,0.2464406779661017,0.42118644067796607
680836.984016,13667.583089412614,0.9710121652547477,0.0023286626249648694,0.02665917212028747,116,1248,80,190,48180,38,0.2464406779661017,0.43220338983050843
680836.984016,13667.583089412614,0.9710121652547477,0.0023286626249648694,0.02665917212028747,116,1248,80,190,48180,38,0.2464406779661017,0.4432203389830508
680836.984016,13667.583089412614,0.9710121652547477,0.0023286626249648694,0.02665917212028747,116,1248,80,190,48180,38,0.2464406779661017,0.45423728813559316
680836.984016,13667.583089412614,0.9710121652547477,0.0023286626249648694,0.02665917212028747,116,1248,80,190,48180,38,0.2464406779661017,0.46525423728813553
680836.984016,13667.583089412614,0.9710121652547477,0.0023286626249648694,0.02665917212028747,116,1248,80,190,48180,38,0.2464406779661017,0.4762711864406779
680836.984016,13667.583089412614,0.9710121652547477,0.0023286626249648694,0.02665917212028747,116,1248,80,190,48180,38,0.2464406779661017,0.48728813559322026
680836.984016,13667.583089412614,0.9710121652547477,0.0023286626249648694,0.02665917212028747,116,1248,80,190,48180,38,0.2464406779661017,0.4983050847457626
679336.2642079999,13637.456622796803,0.9710121652547477,0.0024892600473762397,0.026498574697876098,124,1244,76,190,48180,42,0.2464406779661017,0.5093220338983051
679336.2642079999,13637.456622796803,0.9710121652547477,0.0024892600473762397,0.026498574697876098,124,1244,76,190,48180,42,0.2464406779661017,0.5203389830508474
679336.2642079999,13637.456622796803,0.9710121652547477,0.0024892600473762397,0.026498574697876098,124,1244,76,190,48180,42,0.2464406779661017,0.5313559322033898
679336.2642079999,13637.456622796803,0.9710121652547477,0.0024892600473762397,0.026498574697876098,124,1244,76,190,48180,42,0.2464406779661017,0.5423728813559321
679336.2642079999,13637.456622796803,0.9710121652547477,0.0024892600473762397,0.026498574697876098,124,1244,76,190,48180,42,0.2464406779661017,0.5533898305084746
679336.2642079999,13637.456622796803,0.9710121652547477,0.0024892600473762397,0.026498574697876098,124,1244,76,190,48180,42,0.2464406779661017,0.5644067796610168
679336.2642079999,13637.456622796803,0.9710121652547477,0.0024892600473762397,0.026498574697876098,124,1244,76,190,48180,42,0.2464406779661017,0.5754237288135593
679336.2642079999,13637.456622796803,0.9710121652547477,0.0024892600473762397,0.026498574697876098,124,1244,76,190,48180,42,0.2464406779661017,0.5864406779661016
679336.2642079999,13637.456622796803,0.9710121652547477,0.0024892600473762397,0.026498574697876098,124,1244,76,190,48180,42,0.2464406779661017,0.597457627118644
683327.936784,13717.588163648774,0.9710121652547477,0.0026900068253904526,0.026297827919861887,134,1238,72,190,48180,48,0.2464406779661017,0.6084745762711864
683327.936784,13717.588163648774,0.9710121652547477,0.0026900068253904526,0.026297827919861887,134,1238,72,190,48180,48,0.2464406779661017,0.6194915254237288
683327.936784,13717.588163648774,0.9710121652547477,0.0026900068253904526,0.026297827919861887,134,1238,72,190,48180,48,0.2464406779661017,0.6305084745762711
683327.936784,13717.588163648774,0.9710121652547477,0.0026900068253904526,0.026297827919861887,134,1238,72,190,48180,48,0.2464406779661017,0.6415254237288135
683327.936784,13717.588163648774,0.9710121652547477,0.0026900068253904526,0.026297827919861887,134,1238,72,190,48180,48,0.2464406779661017,0.6525423728813559
696132.0218079999,13974.626045047575,0.9710121652547477,0.0032119484482274058,0.025775886297024934,160,1221,63,190,48180,65,0.2464406779661017,0.6635593220338982
696132.0218079999,13974.626045047575,0.9710121652547477,0.0032119484482274058,0.025775886297024934,160,1221,63,190,48180,65,0.2464406779661017,0.6745762711864406
696132.0218079999,13974.626045047575,0.9710121652547477,0.0032119484482274058,0.025775886297024934,160,1221,63,190,48180,65,0.2464406779661017,0.685593220338983
696132.0218079999,13974.626045047575,0.9710121652547477,0.0032119484482274058,0.025775886297024934,160,1221,63,190,48180,65,0.2464406779661017,0.6966101694915253
696132.0218079999,13974.626045047575,0.9710121652547477,0.0032119484482274058,0.025775886297024934,160,1221,63,190,48180,65,0.2464406779661017,0.7076271186440677
704667.3020639999,14145.969046131608,0.9710121652547477,0.003834263460071466,0.02515357128518087,191,1199,54,190,48180,87,0.2464406779661017,0.7186440677966102
704667.3020639999,14145.969046131608,0.9710121652547477,0.003834263460071466,0.02515357128518087,191,1199,54,190,48180,87,0.2464406779661017,0.7296610169491524
704667.3020639999,14145.969046131608,0.9710121652547477,0.003834263460071466,0.02515357128518087,191,1199,54,190,48180,87,0.2464406779661017,0.7406779661016949
704667.3020639999,14145.969046131608,0.9710121652547477,0.003834263460071466,0.02515357128518087,191,1199,54,190,48180,87,0.2464406779661017,0.7516949152542372
704667.3020639999,14145.969046131608,0.9710121652547477,0.003834263460071466,0.02515357128518087,191,1199,54,190,48180,87,0.2464406779661017,0.7627118644067796
742051.9028640001,14896.452861926367,0.9710121652547477,0.00451680250531979,0.02447103223993255,225,1173,46,190,48180,113,0.2464406779661017,0.7737288135593219
742051.9028640001,14896.452861926367,0.9710121652547477,0.00451680250531979,0.02447103223993255,225,1173,46,190,48180,113,0.2464406779661017,0.7847457627118644
742051.9028640001,14896.452861926367,0.9710121652547477,0.00451680250531979,0.02447103223993255,225,1173,46,190,48180,113,0.2464406779661017,0.7957627118644066
742051.9028640001,14896.452861926367,0.9710121652547477,0.00451680250531979,0.02447103223993255,225,1173,46,190,48180,113,0.2464406779661017,0.8067796610169491
742051.9028640001,14896.452861926367,0.9710121652547477,0.00451680250531979,0.02447103223993255,225,1173,46,190,48180,113,0.2464406779661017,0.8177966101694913
742051.9028640001,14896.452861926367,0.9710121652547477,0.00451680250531979,0.02447103223993255,225,1173,46,190,48180,113,0.2464406779661017,0.8288135593220338
742051.9028640001,14896.452861926367,0.9710121652547477,0.00451680250531979,0.02447103223993255,225,1173,46,190,48180,113,0.2464406779661017,0.8398305084745761
742051.9028640001,14896.452861926367,0.9710121652547477,0.00451680250531979,0.02447103223993255,225,1173,46,190,48180,113,0.2464406779661017,0.8508474576271186
750657.777808,15069.213028626491,0.9710121652547477,0.0050788934837595855,0.023908941261492754,253,1149,42,190,48180,137,0.2464406779661017,0.8618644067796608
750657.777808,15069.213028626491,0.9710121652547477,0.0050788934837595855,0.023908941261492754,253,1149,42,190,48180,137,0.2464406779661017,0.8728813559322033
750657.777808,15069.213028626491,0.9710121652547477,0.0050788934837595855,0.023908941261492754,253,1149,42,190,48180,137,0.2464406779661017,0.8838983050847455
750657.777808,15069.213028626491,0.9710121652547477,0.0050788934837595855,0.023908941261492754,253,1149,42,190,48180,137,0.2464406779661017,0.894915254237288
750657.777808,15069.213028626491,0.9710121652547477,0.0050788934837595855,0.023908941261492754,253,1149,42,190,48180,137,0.2464406779661017,0.9059322033898305
750657.777808,15069.213028626491,0.9710121652547477,0.0050788934837595855,0.023908941261492754,253,1149,42,190,48180,137,0.2464406779661017,0.9169491525423727
750657.777808,15069.213028626491,0.9710121652547477,0.0050788934837595855,0.023908941261492754,253,1149,42,190,48180,137,0.2464406779661017,0.9279661016949152
750657.777808,15069.213028626491,0.9710121652547477,0.0050788934837595855,0.023908941261492754,253,1149,42,190,48180,137,0.2464406779661017,0.9389830508474575
823300.77608,16527.497813466096,0.9710121652547477,0.007869273698157144,0.021118561047095193,392,1017,35,190,48180,269,0.2464406779661017,0.95
695353.295664,13958.993368611233,0.9710121652547477,0.0008230617898582728,0.028164772955394067,41,1274,129,190,48180,12,0.2565423728813559,0.3
695353.295664,13958.993368611233,0.9710121652547477,0.0008230617898582728,0.028164772955394067,41,1274,129,190,48180,12,0.2565423728813559,0.31101694915254235
689503.111632,13841.552809089813,0.9710121652547477,0.0011442566346810134,0.027843578110571324,57,1269,118,190,48180,17,0.2565423728813559,0.3220338983050847
689503.111632,13841.552809089813,0.9710121652547477,0.0011442566346810134,0.027843578110571324,57,1269,118,190,48180,17,0.2565423728813559,0.3330508474576271
676602.167568,13582.570513670855,0.9710121652547477,0.002047617135744971,0.026940217609507367,102,1254,88,190,48180,32,0.2565423728813559,0.34406779661016945
676602.167568,13582.570513670855,0.9710121652547477,0.002047617135744971,0.026940217609507367,102,1254,88,190,48180,32,0.2565423728813559,0.3550847457627119
676602.167568,13582.570513670855,0.9710121652547477,0.002047617135744971,0.026940217609507367,102,1254,88,190,48180,32,0.2565423728813559,0.36610169491525424
676602.167568,13582.570513670855,0.9710121652547477,0.002047617135744971,0.026940217609507367,102,1254,88,190,48180,32,0.2565423728813559,0.3771186440677966
676602.167568,13582.570513670855,0.9710121652547477,0.002047617135744971,0.026940217609507367,102,1254,88,190,48180,32,0.2565423728813559,0.38813559322033897
676602.167568,13582.570513670855,0.9710121652547477,0.002047617135744971,0.026940217609507367,102,1254,88,190,48180,32,0.2565423728813559,0.39915254237288134
676602.167568,13582.570513670855,0.9710121652547477,0.002047617135744971,0.026940217609507367,102,1254,88,190,48180,32,0.2565423728813559,0.4101694915254237
676602.167568,13582.570513670855,0.9710121652547477,0.002047617135744971,0.026940217609507367,102,1254,88,190,48180,32,0.2565423728813559,0.42118644067796607
680836.984016,13667.583089412614,0.9710121652547477,0.0023286626249648694,0.02665917212028747,116,1248,80,190,48180,38,0.2565423728813559,0.43220338983050843
680836.984016,13667.583089412614,0.9710121652547477,0.0023286626249648694,0.02665917212028747,116,1248,80,190,48180,38,0.2565423728813559,0.4432203389830508
680836.984016,13667.583089412614,0.9710121652547477,0.0023286626249648694,0.02665917212028747,116,1248,80,190,48180,38,0.2565423728813559,0.45423728813559316
680836.984016,13667.583089412614,0.9710121652547477,0.0023286626249648694,0.02665917212028747,116,1248,80,190,48180,38,0.2565423728813559,0.46525423728813553
680836.984016,13667.583089412614,0.9710121652547477,0.0023286626249648694,0.02665917212028747,116,1248,80,190,48180,38,0.2565423728813559,0.4762711864406779
680836.984016,13667.583089412614,0.9710121652547477,0.0023286626249648694,0.02665917212028747,116,1248,80,190,48180,38,0.2565423728813559,0.48728813559322026
680836.984016,13667.583089412614,0.9710121652547477,0.0023286626249648694,0.02665917212028747,116,1248,80,190,48180,38,0.2565423728813559,0.4983050847457626
679336.2642079999,13637.456622796803,0.9710121652547477,0.0024892600473762397,0.026498574697876098,124,1244,76,190,48180,42,0.2565423728813559,0.5093220338983051
679336.2642079999,13637.456622796803,0.9710121652547477,0.0024892600473762397,0.026498574697876098,124,1244,76,190,48180,42,0.2565423728813559,0.5203389830508474
679336.2642079999,13637.456622796803,0.9710121652547477,0.0024892600473762397,0.026498574697876098,124,1244,76,190,48180,42,0.2565423728813559,0.5313559322033898
679336.2642079999,13637.456622796803,0.9710121652547477,0.0024892600473762397,0.026498574697876098,124,1244,76,190,48180,42,0.2565423728813559,0.5423728813559321
679336.2642079999,13637.456622796803,0.9710121652547477,0.0024892600473762397,0.026498574697876098,124,1244,76,190,48180,42,0.2565423728813559,0.5533898305084746
679336.2642079999,13637.456622796803,0.9710121652547477,0.0024892600473762397,0.026498574697876098,124,1244,76,190,48180,42,0.2565423728813559,0.5644067796610168
679336.2642079999,13637.456622796803,0.9710121652547477,0.0024892600473762397,0.026498574697876098,124,1244,76,190,48180,42,0.2565423728813559,0.5754237288135593
679336.2642079999,13637.456622796803,0.9710121652547477,0.0024892600473762397,0.026498574697876098,124,1244,76,190,48180,42,0.2565423728813559,0.5864406779661016
679336.2642079999,13637.456622796803,0.9710121652547477,0.0024892600473762397,0.026498574697876098,124,1244,76,190,48180,42,0.2565423728813559,0.597457627118644
683327.936784,13717.588163648774,0.9710121652547477,0.0026900068253904526,0.026297827919861887,134,1238,72,190,48180,48,0.2565423728813559,0.6084745762711864
683327.936784,13717.588163648774,0.9710121652547477,0.0026900068253904526,0.026297827919861887,134,1238,72,190,48180,48,0.2565423728813559,0.6194915254237288
683327.936784,13717.588163648774,0.9710121652547477,0.0026900068253904526,0.026297827919861887,134,1238,72,190,48180,48,0.2565423728813559,0.6305084745762711
683327.936784,13717.588163648774,0.9710121652547477,0.0026900068253904526,0.026297827919861887,134,1238,72,190,48180,48,0.2565423728813559,0.6415254237288135
683327.936784,13717.588163648774,0.9710121652547477,0.0026900068253904526,0.026297827919861887,134,1238,72,190,48180,48,0.2565423728813559,0.6525423728813559
696132.0218079999,13974.626045047575,0.9710121652547477,0.0032119484482274058,0.025775886297024934,160,1221,63,190,48180,65,0.2565423728813559,0.6635593220338982
696132.0218079999,13974.626045047575,0.9710121652547477,0.0032119484482274058,0.025775886297024934,160,1221,63,190,48180,65,0.2565423728813559,0.6745762711864406
696132.0218079999,13974.626045047575,0.9710121652547477,0.0032119484482274058,0.025775886297024934,160,1221,63,190,48180,65,0.2565423728813559,0.685593220338983
696132.0218079999,13974.626045047575,0.9710121652547477,0.0032119484482274058,0.025775886297024934,160,1221,63,190,48180,65,0.2565423728813559,0.6966101694915253
696132.0218079999,13974.626045047575,0.9710121652547477,0.0032119484482274058,0.025775886297024934,160,1221,63,190,48180,65,0.2565423728813559,0.7076271186440677
704667.3020639999,14145.969046131608,0.9710121652547477,0.003834263460071466,0.02515357128518087,191,1199,54,190,48180,87,0.2565423728813559,0.7186440677966102
704667.3020639999,14145.969046131608,0.9710121652547477,0.003834263460071466,0.02515357128518087,191,1199,54,190,48180,87,0.2565423728813559,0.7296610169491524
704667.3020639999,14145.969046131608,0.9710121652547477,0.003834263460071466,0.02515357128518087,191,1199,54,190,48180,87,0.2565423728813559,0.7406779661016949
704667.3020639999,14145.969046131608,0.9710121652547477,0.003834263460071466,0.02515357128518087,191,1199,54,190,48180,87,0.2565423728813559,0.7516949152542372
704667.3020639999,14145.969046131608,0.9710121652547477,0.003834263460071466,0.02515357128518087,191,1199,54,190,48180,87,0.2565423728813559,0.7627118644067796
742051.9028640001,14896.452861926367,0.9710121652547477,0.00451680250531979,0.02447103223993255,225,1173,46,190,48180,113,0.2565423728813559,0.7737288135593219
742051.9028640001,14896.452861926367,0.9710121652547477,0.00451680250531979,0.02447103223993255,225,1173,46,190,48180,113,0.2565423728813559,0.7847457627118644
742051.9028640001,14896.452861926367,0.9710121652547477,0.00451680250531979,0.02447103223993255,225,1173,46,190,48180,113,0.2565423728813559,0.7957627118644066
742051.9028640001,14896.452861926367,0.9710121652547477,0.00451680250531979,0.02447103223993255,225,1173,46,190,48180,113,0.2565423728813559,0.8067796610169491
742051.9028640001,14896.452861926367,0.9710121652547477,0.00451680250531979,0.02447103223993255,225,1173,46,190,48180,113,0.2565423728813559,0.8177966101694913
742051.9028640001,14896.452861926367,0.9710121652547477,0.00451680250531979,0.02447103223993255,225,1173,46,190,48180,113,0.2565423728813559,0.8288135593220338
742051.9028640001,14896.452861926367,0.9710121652547477,0.00451680250531979,0.02447103223993255,225,1173,46,190,48180,113,0.2565423728813559,0.8398305084745761
742051.9028640001,14896.452861926367,0.9710121652547477,0.00451680250531979,0.02447103223993255,225,1173,46,190,48180,113,0.2565423728813559,0.8508474576271186
750657.777808,15069.213028626491,0.9710121652547477,0.0050788934837595855,0.023908941261492754,253,1149,42,190,48180,137,0.2565423728813559,0.8618644067796608
750657.777808,15069.213028626491,0.9710121652547477,0.0050788934837595855,0.023908941261492754,253,1149,42,190,48180,137,0.2565423728813559,0.8728813559322033
750657.777808,15069.213028626491,0.9710121652547477,0.0050788934837595855,0.023908941261492754,253,1149,42,190,48180,137,0.2565423728813559,0.8838983050847455
750657.777808,15069.213028626491,0.9710121652547477,0.0050788934837595855,0.023908941261492754,253,1149,42,190,48180,137,0.2565423728813559,0.894915254237288
750657.777808,15069.213028626491,0.9710121652547477,0.0050788934837595855,0.023908941261492754,253,1149,42,190,48180,137,0.2565423728813559,0.9059322033898305
750657.777808,15069.213028626491,0.9710121652547477,0.0050788934837595855,0.023908941261492754,253,1149,42,190,48180,137,0.2565423728813559,0.9169491525423727
750657.777808,15069.213028626491,0.9710121652547477,0.0050788934837595855,0.023908941261492754,253,1149,42,190,48180,137,0.2565423728813559,0.9279661016949152
750657.777808,15069.213028626491,0.9710121652547477,0.0050788934837595855,0.023908941261492754,253,1149,42,190,48180,137,0.2565423728813559,0.9389830508474575
823300.77608,16527.497813466096,0.9710121652547477,0.007869273698157144,0.021118561047095193,392,1017,35,190,48180,269,0.2565423728813559,0.95
695353.295664,13958.993368611233,0.9710121652547477,0.0008230617898582728,0.028164772955394067,41,1274,129,190,48180,12,0.26664406779661015,0.3
695353.295664,13958.993368611233,0.9710121652547477,0.0008230617898582728,0.028164772955394067,41,1274,129,190,48180,12,0.26664406779661015,0.31101694915254235
689503.111632,13841.552809089813,0.9710121652547477,0.0011442566346810134,0.027843578110571324,57,1269,118,190,48180,17,0.26664406779661015,0.3220338983050847
689503.111632,13841.552809089813,0.9710121652547477,0.0011442566346810134,0.027843578110571324,57,1269,118,190,48180,17,0.26664406779661015,0.3330508474576271
676602.167568,13582.570513670855,0.9710121652547477,0.002047617135744971,0.026940217609507367,102,1254,88,190,48180,32,0.26664406779661015,0.34406779661016945
676602.167568,13582.570513670855,0.9710121652547477,0.002047617135744971,0.026940217609507367,102,1254,88,190,48180,32,0.26664406779661015,0.3550847457627119
676602.167568,13582.570513670855,0.9710121652547477,0.002047617135744971,0.026940217609507367,102,1254,88,190,48180,32,0.26664406779661015,0.36610169491525424
676602.167568,13582.570513670855,0.9710121652547477,0.002047617135744971,0.026940217609507367,102,1254,88,190,48180,32,0.26664406779661015,0.3771186440677966
676602.167568,13582.570513670855,0.9710121652547477,0.002047617135744971,0.026940217609507367,102,1254,88,190,48180,32,0.26664406779661015,0.38813559322033897
676602.167568,13582.570513670855,0.9710121652547477,0.002047617135744971,0.026940217609507367,102,1254,88,190,48180,32,0.26664406779661015,0.39915254237288134
676602.167568,13582.570513670855,0.9710121652547477,0.002047617135744971,0.026940217609507367,102,1254,88,190,48180,32,0.26664406779661015,0.4101694915254237
676602.167568,13582.570513670855,0.9710121652547477,0.002047617135744971,0.026940217609507367,102,1254,88,190,48180,32,0.26664406779661015,0.42118644067796607
680836.984016,13667.583089412614,0.9710121652547477,0.0023286626249648694,0.02665917212028747,116,1248,80,190,48180,38,0.26664406779661015,0.43220338983050843
680836.984016,13667.583089412614,0.9710121652547477,0.0023286626249648694,0.02665917212028747,116,1248,80,190,48180,38,0.26664406779661015,0.4432203389830508
680836.984016,13667.583089412614,0.9710121652547477,0.0023286626249648694,0.02665917212028747,116,1248,80,190,48180,38,0.26664406779661015,0.45423728813559316
680836.984016,13667.583089412614,0.9710121652547477,0.0023286626249648694,0.02665917212028747,116,1248,80,190,48180,38,0.26664406779661015,0.46525423728813553
680836.984016,13667.583089412614,0.9710121652547477,0.0023286626249648694,0.02665917212028747,116,1248,80,190,48180,38,0.26664406779661015,0.4762711864406779
680836.984016,13667.583089412614,0.9710121652547477,0.0023286626249648694,0.02665917212028747,116,1248,80,190,48180,38,0.26664406779661015,0.48728813559322026
680836.984016,13667.583089412614,0.9710121652547477,0.0023286626249648694,0.02665917212028747,116,1248,80,190,48180,38,0.26664406779661015,0.4983050847457626
679336.2642079999,13637.456622796803,0.9710121652547477,0.0024892600473762397,0.026498574697876098,124,1244,76,190,48180,42,0.26664406779661015,0.5093220338983051
679336.2642079999,13637.456622796803,0.9710121652547477,0.0024892600473762397,0.026498574697876098,124,1244,76,190,48180,42,0.26664406779661015,0.5203389830508474
679336.2642079999,13637.456622796803,0.9710121652547477,0.0024892600473762397,0.026498574697876098,124,1244,76,190,48180,42,0.26664406779661015,0.5313559322033898
679336.2642079999,13637.456622796803,0.9710121652547477,0.0024892600473762397,0.026498574697876098,124,1244,76,190,48180,42,0.26664406779661015,0.5423728813559321
679336.2642079999,13637.456622796803,0.9710121652547477,0.0024892600473762397,0.026498574697876098,124,1244,76,190,48180,42,0.26664406779661015,0.5533898305084746
679336.2642079999,13637.456622796803,0.9710121652547477,0.0024892600473762397,0.026498574697876098,124,1244,76,190,48180,42,0.26664406779661015,0.5644067796610168
679336.2642079999,13637.456622796803,0.9710121652547477,0.0024892600473762397,0.026498574697876098,124,1244,76,190,48180,42,0.26664406779661015,0.5754237288135593
679336.2642079999,13637.456622796803,0.9710121652547477,0.0024892600473762397,0.026498574697876098,124,1244,76,190,48180,42,0.26664406779661015,0.5864406779661016
679336.2642079999,13637.456622796803,0.9710121652547477,0.0024892600473762397,0.026498574697876098,124,1244,76,190,48180,42,0.26664406779661015,0.597457627118644
683327.936784,13717.588163648774,0.9710121652547477,0.0026900068253904526,0.026297827919861887,134,1238,72,190,48180,48,0.26664406779661015,0.6084745762711864
683327.936784,13717.588163648774,0.9710121652547477,0.0026900068253904526,0.026297827919861887,134,1238,72,190,48180,48,0.26664406779661015,0.6194915254237288
683327.936784,13717.588163648774,0.9710121652547477,0.0026900068253904526,0.026297827919861887,134,1238,72,190,48180,48,0.26664406779661015,0.6305084745762711
683327.936784,13717.588163648774,0.9710121652547477,0.0026900068253904526,0.026297827919861887,134,1238,72,190,48180,48,0.26664406779661015,0.6415254237288135
683327.936784,13717.588163648774,0.9710121652547477,0.0026900068253904526,0.026297827919861887,134,1238,72,190,48180,48,0.26664406779661015,0.6525423728813559
696132.0218079999,13974.626045047575,0.9710121652547477,0.0032119484482274058,0.025775886297024934,160,1221,63,190,48180,65,0.26664406779661015,0.6635593220338982
696132.0218079999,13974.626045047575,0.9710121652547477,0.0032119484482274058,0.025775886297024934,160,1221,63,190,48180,65,0.26664406779661015,0.6745762711864406
696132.0218079999,13974.626045047575,0.9710121652547477,0.0032119484482274058,0.025775886297024934,160,1221,63,190,48180,65,0.26664406779661015,0.685593220338983
696132.0218079999,13974.626045047575,0.9710121652547477,0.0032119484482274058,0.025775886297024934,160,1221,63,190,48180,65,0.26664406779661015,0.6966101694915253
696132.0218079999,13974.626045047575,0.9710121652547477,0.0032119484482274058,0.025775886297024934,160,1221,63,190,48180,65,0.26664406779661015,0.7076271186440677
704667.3020639999,14145.969046131608,0.9710121652547477,0.003834263460071466,0.02515357128518087,191,1199,54,190,48180,87,0.26664406779661015,0.7186440677966102
704667.3020639999,14145.969046131608,0.9710121652547477,0.003834263460071466,0.02515357128518087,191,1199,54,190,48180,87,0.26664406779661015,0.7296610169491524
704667.3020639999,14145.969046131608,0.9710121652547477,0.003834263460071466,0.02515357128518087,191,1199,54,190,48180,87,0.26664406779661015,0.7406779661016949
704667.3020639999,14145.969046131608,0.9710121652547477,0.003834263460071466,0.02515357128518087,191,1199,54,190,48180,87,0.26664406779661015,0.7516949152542372
704667.3020639999,14145.969046131608,0.9710121652547477,0.003834263460071466,0.02515357128518087,191,1199,54,190,48180,87,0.26664406779661015,0.7627118644067796
742051.9028640001,14896.452861926367,0.9710121652547477,0.00451680250531979,0.02447103223993255,225,1173,46,190,48180,113,0.26664406779661015,0.7737288135593219
742051.9028640001,14896.452861926367,0.9710121652547477,0.00451680250531979,0.02447103223993255,225,1173,46,190,48180,113,0.26664406779661015,0.7847457627118644
742051.9028640001,14896.452861926367,0.9710121652547477,0.00451680250531979,0.02447103223993255,225,1173,46,190,48180,113,0.26664406779661015,0.7957627118644066
742051.9028640001,14896.452861926367,0.9710121652547477,0.00451680250531979,0.02447103223993255,225,1173,46,190,48180,113,0.26664406779661015,0.8067796610169491
742051.9028640001,14896.452861926367,0.9710121652547477,0.00451680250531979,0.02447103223993255,225,1173,46,190,48180,113,0.26664406779661015,0.8177966101694913
742051.9028640001,14896.452861926367,0.9710121652547477,0.00451680250531979,0.02447103223993255,225,1173,46,190,48180,113,0.26664406779661015,0.8288135593220338
742051.9028640001,14896.452861926367,0.9710121652547477,0.00451680250531979,0.02447103223993255,225,1173,46,190,48180,113,0.26664406779661015,0.8398305084745761
742051.9028640001,14896.452861926367,0.9710121652547477,0.00451680250531979,0.02447103223993255,225,1173,46,190,48180,113,0.26664406779661015,0.8508474576271186
750657.777808,15069.213028626491,0.9710121652547477,0.0050788934837595855,0.023908941261492754,253,1149,42,190,48180,137,0.26664406779661015,0.8618644067796608
750657.777808,15069.213028626491,0.9710121652547477,0.0050788934837595855,0.023908941261492754,253,1149,42,190,48180,137,0.26664406779661015,0.8728813559322033
750657.777808,15069.213028626491,0.9710121652547477,0.0050788934837595855,0.023908941261492754,253,1149,42,190,48180,137,0.26664406779661015,0.8838983050847455
750657.777808,15069.213028626491,0.9710121652547477,0.0050788934837595855,0.023908941261492754,253,1149,42,190,48180,137,0.26664406779661015,0.894915254237288
750657.777808,15069.213028626491,0.9710121652547477,0.0050788934837595855,0.023908941261492754,253,1149,42,190,48180,137,0.26664406779661015,0.9059322033898305
750657.777808,15069.213028626491,0.9710121652547477,0.0050788934837595855,0.023908941261492754,253,1149,42,190,48180,137,0.26664406779661015,0.9169491525423727
750657.777808,15069.213028626491,0.9710121652547477,0.0050788934837595855,0.023908941261492754,253,1149,42,190,48180,137,0.26664406779661015,0.9279661016949152
750657.777808,15069.213028626491,0.9710121652547477,0.0050788934837595855,0.023908941261492754,253,1149,42,190,48180,137,0.26664406779661015,0.9389830508474575
823300.77608,16527.497813466096,0.9710121652547477,0.007869273698157144,0.021118561047095193,392,1017,35,190,48180,269,0.26664406779661015,0.95
695353.295664,13958.993368611233,0.9710121652547477,0.0008230617898582728,0.028164772955394067,41,1274,129,190,48180,12,0.2767457627118644,0.3
695353.295664,13958.993368611233,0.9710121652547477,0.0008230617898582728,0.028164772955394067,41,1274,129,190,48180,12,0.2767457627118644,0.31101694915254235
689503.111632,13841.552809089813,0.9710121652547477,0.0011442566346810134,0.027843578110571324,57,1269,118,190,48180,17,0.2767457627118644,0.3220338983050847
689503.111632,13841.552809089813,0.9710121652547477,0.0011442566346810134,0.027843578110571324,57,1269,118,190,48180,17,0.2767457627118644,0.3330508474576271
676602.167568,13582.570513670855,0.9710121652547477,0.002047617135744971,0.026940217609507367,102,1254,88,190,48180,32,0.2767457627118644,0.34406779661016945
676602.167568,13582.570513670855,0.9710121652547477,0.002047617135744971,0.026940217609507367,102,1254,88,190,48180,32,0.2767457627118644,0.3550847457627119
676602.167568,13582.570513670855,0.9710121652547477,0.002047617135744971,0.026940217609507367,102,1254,88,190,48180,32,0.2767457627118644,0.36610169491525424
676602.167568,13582.570513670855,0.9710121652547477,0.002047617135744971,0.026940217609507367,102,1254,88,190,48180,32,0.2767457627118644,0.3771186440677966
676602.167568,13582.570513670855,0.9710121652547477,0.002047617135744971,0.026940217609507367,102,1254,88,190,48180,32,0.2767457627118644,0.38813559322033897
676602.167568,13582.570513670855,0.9710121652547477,0.002047617135744971,0.026940217609507367,102,1254,88,190,48180,32,0.2767457627118644,0.39915254237288134
676602.167568,13582.570513670855,0.9710121652547477,0.002047617135744971,0.026940217609507367,102,1254,88,190,48180,32,0.2767457627118644,0.4101694915254237
676602.167568,13582.570513670855,0.9710121652547477,0.002047617135744971,0.026940217609507367,102,1254,88,190,48180,32,0.2767457627118644,0.42118644067796607
680836.984016,13667.583089412614,0.9710121652547477,0.0023286626249648694,0.02665917212028747,116,1248,80,190,48180,38,0.2767457627118644,0.43220338983050843
680836.984016,13667.583089412614,0.9710121652547477,0.0023286626249648694,0.02665917212028747,116,1248,80,190,48180,38,0.2767457627118644,0.4432203389830508
680836.984016,13667.583089412614,0.9710121652547477,0.0023286626249648694,0.02665917212028747,116,1248,80,190,48180,38,0.2767457627118644,0.45423728813559316
680836.984016,13667.583089412614,0.9710121652547477,0.0023286626249648694,0.02665917212028747,116,1248,80,190,48180,38,0.2767457627118644,0.46525423728813553
680836.984016,13667.583089412614,0.9710121652547477,0.0023286626249648694,0.02665917212028747,116,1248,80,190,48180,38,0.2767457627118644,0.4762711864406779
680836.984016,13667.583089412614,0.9710121652547477,0.0023286626249648694,0.02665917212028747,116,1248,80,190,48180,38,0.2767457627118644,0.48728813559322026
680836.984016,13667.583089412614,0.9710121652547477,0.0023286626249648694,0.02665917212028747,116,1248,80,190,48180,38,0.2767457627118644,0.4983050847457626
679336.2642079999,13637.456622796803,0.9710121652547477,0.0024892600473762397,0.026498574697876098,124,1244,76,190,48180,42,0.2767457627118644,0.5093220338983051
679336.2642079999,13637.456622796803,0.9710121652547477,0.0024892600473762397,0.026498574697876098,124,1244,76,190,48180,42,0.2767457627118644,0.5203389830508474
679336.2642079999,13637.456622796803,0.9710121652547477,0.0024892600473762397,0.026498574697876098,124,1244,76,190,48180,42,0.2767457627118644,0.5313559322033898
679336.2642079999,13637.456622796803,0.9710121652547477,0.0024892600473762397,0.026498574697876098,124,1244,76,190,48180,42,0.2767457627118644,0.5423728813559321
679336.2642079999,13637.456622796803,0.9710121652547477,0.0024892600473762397,0.026498574697876098,124,1244,76,190,48180,42,0.2767457627118644,0.5533898305084746
679336.2642079999,13637.456622796803,0.9710121652547477,0.0024892600473762397,0.026498574697876098,124,1244,76,190,48180,42,0.2767457627118644,0.5644067796610168
679336.2642079999,13637.456622796803,0.9710121652547477,0.0024892600473762397,0.026498574697876098,124,1244,76,190,48180,42,0.2767457627118644,0.5754237288135593
679336.2642079999,13637.456622796803,0.9710121652547477,0.0024892600473762397,0.026498574697876098,124,1244,76,190,48180,42,0.2767457627118644,0.5864406779661016
679336.2642079999,13637.456622796803,0.9710121652547477,0.0024892600473762397,0.026498574697876098,124,1244,76,190,48180,42,0.2767457627118644,0.597457627118644
683327.936784,13717.588163648774,0.9710121652547477,0.0026900068253904526,0.026297827919861887,134,1238,72,190,48180,48,0.2767457627118644,0.6084745762711864
683327.936784,13717.588163648774,0.9710121652547477,0.0026900068253904526,0.026297827919861887,134,1238,72,190,48180,48,0.2767457627118644,0.6194915254237288
683327.936784,13717.588163648774,0.9710121652547477,0.0026900068253904526,0.026297827919861887,134,1238,72,190,48180,48,0.2767457627118644,0.6305084745762711
683327.936784,13717.588163648774,0.9710121652547477,0.0026900068253904526,0.026297827919861887,134,1238,72,190,48180,48,0.2767457627118644,0.6415254237288135
683327.936784,13717.588163648774,0.9710121652547477,0.0026900068253904526,0.026297827919861887,134,1238,72,190,48180,48,0.2767457627118644,0.6525423728813559
696132.0218079999,13974.626045047575,0.9710121652547477,0.0032119484482274058,0.025775886297024934,160,1221,63,190,48180,65,0.2767457627118644,0.6635593220338982
696132.0218079999,13974.626045047575,0.9710121652547477,0.0032119484482274058,0.025775886297024934,160,1221,63,190,48180,65,0.2767457627118644,0.6745762711864406
696132.0218079999,13974.626045047575,0.9710121652547477,0.0032119484482274058,0.025775886297024934,160,1221,63,190,48180,65,0.2767457627118644,0.685593220338983
696132.0218079999,13974.626045047575,0.9710121652547477,0.0032119484482274058,0.025775886297024934,160,1221,63,190,48180,65,0.2767457627118644,0.6966101694915253
696132.0218079999,13974.626045047575,0.9710121652547477,0.0032119484482274058,0.025775886297024934,160,1221,63,190,48180,65,0.2767457627118644,0.7076271186440677
704667.3020639999,14145.969046131608,0.9710121652547477,0.003834263460071466,0.02515357128518087,191,1199,54,190,48180,87,0.2767457627118644,0.7186440677966102
704667.3020639999,14145.969046131608,0.9710121652547477,0.003834263460071466,0.02515357128518087,191,1199,54,190,48180,87,0.2767457627118644,0.7296610169491524
704667.3020639999,14145.969046131608,0.9710121652547477,0.003834263460071466,0.02515357128518087,191,1199,54,190,48180,87,0.2767457627118644,0.7406779661016949
704667.3020639999,14145.969046131608,0.9710121652547477,0.003834263460071466,0.02515357128518087,191,1199,54,190,48180,87,0.2767457627118644,0.7516949152542372
704667.3020639999,14145.969046131608,0.9710121652547477,0.003834263460071466,0.02515357128518087,191,1199,54,190,48180,87,0.2767457627118644,0.7627118644067796
742051.9028640001,14896.452861926367,0.9710121652547477,0.00451680250531979,0.02447103223993255,225,1173,46,190,48180,113,0.2767457627118644,0.7737288135593219
742051.9028640001,14896.452861926367,0.9710121652547477,0.00451680250531979,0.02447103223993255,225,1173,46,190,48180,113,0.2767457627118644,0.7847457627118644
742051.9028640001,14896.452861926367,0.9710121652547477,0.00451680250531979,0.02447103223993255,225,1173,46,190,48180,113,0.2767457627118644,0.7957627118644066
742051.9028640001,14896.452861926367,0.9710121652547477,0.00451680250531979,0.02447103223993255,225,1173,46,190,48180,113,0.2767457627118644,0.8067796610169491
742051.9028640001,14896.452861926367,0.9710121652547477,0.00451680250531979,0.02447103223993255,225,1173,46,190,48180,113,0.2767457627118644,0.8177966101694913
742051.9028640001,14896.452861926367,0.9710121652547477,0.00451680250531979,0.02447103223993255,225,1173,46,190,48180,113,0.2767457627118644,0.8288135593220338
742051.9028640001,14896.452861926367,0.9710121652547477,0.00451680250531979,0.02447103223993255,225,1173,46,190,48180,113,0.2767457627118644,0.8398305084745761
742051.9028640001,14896.452861926367,0.9710121652547477,0.00451680250531979,0.02447103223993255,225,1173,46,190,48180,113,0.2767457627118644,0.8508474576271186
750657.777808,15069.213028626491,0.9710121652547477,0.0050788934837595855,0.023908941261492754,253,1149,42,190,48180,137,0.2767457627118644,0.8618644067796608
750657.777808,15069.213028626491,0.9710121652547477,0.0050788934837595855,0.023908941261492754,253,1149,42,190,48180,137,0.2767457627118644,0.8728813559322033
750657.777808,15069.213028626491,0.9710121652547477,0.0050788934837595855,0.023908941261492754,253,1149,42,190,48180,137,0.2767457627118644,0.8838983050847455
750657.777808,15069.213028626491,0.9710121652547477,0.0050788934837595855,0.023908941261492754,253,1149,42,190,48180,137,0.2767457627118644,0.894915254237288
750657.777808,15069.213028626491,0.9710121652547477,0.0050788934837595855,0.023908941261492754,253,1149,42,190,48180,137,0.2767457627118644,0.9059322033898305
750657.777808,15069.213028626491,0.9710121652547477,0.0050788934837595855,0.023908941261492754,253,1149,42,190,48180,137,0.2767457627118644,0.9169491525423727
750657.777808,15069.213028626491,0.9710121652547477,0.0050788934837595855,0.023908941261492754,253,1149,42,190,48180,137,0.2767457627118644,0.9279661016949152
750657.777808,15069.213028626491,0.9710121652547477,0.0050788934837595855,0.023908941261492754,253,1149,42,190,48180,137,0.2767457627118644,0.9389830508474575
823300.77608,16527.497813466096,0.9710121652547477,0.007869273698157144,0.021118561047095193,392,1017,35,190,48180,269,0.2767457627118644,0.95
695353.295664,13958.993368611233,0.9710121652547477,0.0008230617898582728,0.028164772955394067,41,1274,129,190,48180,12,0.2868474576271186,0.3
695353.295664,13958.993368611233,0.9710121652547477,0.0008230617898582728,0.028164772955394067,41,1274,129,190,48180,12,0.2868474576271186,0.31101694915254235
689503.111632,13841.552809089813,0.9710121652547477,0.0011442566346810134,0.027843578110571324,57,1269,118,190,48180,17,0.2868474576271186,0.3220338983050847
689503.111632,13841.552809089813,0.9710121652547477,0.0011442566346810134,0.027843578110571324,57,1269,118,190,48180,17,0.2868474576271186,0.3330508474576271
676602.167568,13582.570513670855,0.9710121652547477,0.002047617135744971,0.026940217609507367,102,1254,88,190,48180,32,0.2868474576271186,0.34406779661016945
676602.167568,13582.570513670855,0.9710121652547477,0.002047617135744971,0.026940217609507367,102,1254,88,190,48180,32,0.2868474576271186,0.3550847457627119
676602.167568,13582.570513670855,0.9710121652547477,0.002047617135744971,0.026940217609507367,102,1254,88,190,48180,32,0.2868474576271186,0.36610169491525424
676602.167568,13582.570513670855,0.9710121652547477,0.002047617135744971,0.026940217609507367,102,1254,88,190,48180,32,0.2868474576271186,0.3771186440677966
676602.167568,13582.570513670855,0.9710121652547477,0.002047617135744971,0.026940217609507367,102,1254,88,190,48180,32,0.2868474576271186,0.38813559322033897
676602.167568,13582.570513670855,0.9710121652547477,0.002047617135744971,0.026940217609507367,102,1254,88,190,48180,32,0.2868474576271186,0.39915254237288134
676602.167568,13582.570513670855,0.9710121652547477,0.002047617135744971,0.026940217609507367,102,1254,88,190,48180,32,0.2868474576271186,0.4101694915254237
676602.167568,13582.570513670855,0.9710121652547477,0.002047617135744971,0.026940217609507367,102,1254,88,190,48180,32,0.2868474576271186,0.42118644067796607
680836.984016,13667.583089412614,0.9710121652547477,0.0023286626249648694,0.02665917212028747,116,1248,80,190,48180,38,0.2868474576271186,0.43220338983050843
680836.984016,13667.583089412614,0.9710121652547477,0.0023286626249648694,0.02665917212028747,116,1248,80,190,48180,38,0.2868474576271186,0.4432203389830508
680836.984016,13667.583089412614,0.9710121652547477,0.0023286626249648694,0.02665917212028747,116,1248,80,190,48180,38,0.2868474576271186,0.45423728813559316
680836.984016,13667.583089412614,0.9710121652547477,0.0023286626249648694,0.02665917212028747,116,1248,80,190,48180,38,0.2868474576271186,0.46525423728813553
680836.984016,13667.583089412614,0.9710121652547477,0.0023286626249648694,0.02665917212028747,116,1248,80,190,48180,38,0.2868474576271186,0.4762711864406779
680836.984016,13667.583089412614,0.9710121652547477,0.0023286626249648694,0.02665917212028747,116,1248,80,190,48180,38,0.2868474576271186,0.48728813559322026
680836.984016,13667.583089412614,0.9710121652547477,0.0023286626249648694,0.02665917212028747,116,1248,80,190,48180,38,0.2868474576271186,0.4983050847457626
679336.2642079999,13637.456622796803,0.9710121652547477,0.0024892600473762397,0.026498574697876098,124,1244,76,190,48180,42,0.2868474576271186,0.5093220338983051
679336.2642079999,13637.456622796803,0.9710121652547477,0.0024892600473762397,0.026498574697876098,124,1244,76,190,48180,42,0.2868474576271186,0.5203389830508474
679336.2642079999,13637.456622796803,0.9710121652547477,0.0024892600473762397,0.026498574697876098,124,1244,76,190,48180,42,0.2868474576271186,0.5313559322033898
679336.2642079999,13637.456622796803,0.9710121652547477,0.0024892600473762397,0.026498574697876098,124,1244,76,190,48180,42,0.2868474576271186,0.5423728813559321
679336.2642079999,13637.456622796803,0.9710121652547477,0.0024892600473762397,0.026498574697876098,124,1244,76,190,48180,42,0.2868474576271186,0.5533898305084746
679336.2642079999,13637.456622796803,0.9710121652547477,0.0024892600473762397,0.026498574697876098,124,1244,76,190,48180,42,0.2868474576271186,0.5644067796610168
679336.2642079999,13637.456622796803,0.9710121652547477,0.0024892600473762397,0.026498574697876098,124,1244,76,190,48180,42,0.2868474576271186,0.5754237288135593
679336.2642079999,13637.456622796803,0.9710121652547477,0.0024892600473762397,0.026498574697876098,124,1244,76,190,48180,42,0.2868474576271186,0.5864406779661016
679336.2642079999,13637.456622796803,0.9710121652547477,0.0024892600473762397,0.026498574697876098,124,1244,76,190,48180,42,0.2868474576271186,0.597457627118644
683327.936784,13717.588163648774,0.9710121652547477,0.0026900068253904526,0.026297827919861887,134,1238,72,190,48180,48,0.2868474576271186,0.6084745762711864
683327.936784,13717.588163648774,0.9710121652547477,0.0026900068253904526,0.026297827919861887,134,1238,72,190,48180,48,0.2868474576271186,0.6194915254237288
683327.936784,13717.588163648774,0.9710121652547477,0.0026900068253904526,0.026297827919861887,134,1238,72,190,48180,48,0.2868474576271186,0.6305084745762711
683327.936784,13717.588163648774,0.9710121652547477,0.0026900068253904526,0.026297827919861887,134,1238,72,190,48180,48,0.2868474576271186,0.6415254237288135
683327.936784,13717.588163648774,0.9710121652547477,0.0026900068253904526,0.026297827919861887,134,1238,72,190,48180,48,0.2868474576271186,0.6525423728813559
696132.0218079999,13974.626045047575,0.9710121652547477,0.0032119484482274058,0.025775886297024934,160,1221,63,190,48180,65,0.2868474576271186,0.6635593220338982
696132.0218079999,13974.626045047575,0.9710121652547477,0.0032119484482274058,0.025775886297024934,160,1221,63,190,48180,65,0.2868474576271186,0.6745762711864406
696132.0218079999,13974.626045047575,0.9710121652547477,0.0032119484482274058,0.025775886297024934,160,1221,63,190,48180,65,0.2868474576271186,0.685593220338983
696132.0218079999,13974.626045047575,0.9710121652547477,0.0032119484482274058,0.025775886297024934,160,1221,63,190,48180,65,0.2868474576271186,0.6966101694915253
696132.0218079999,13974.626045047575,0.9710121652547477,0.0032119484482274058,0.025775886297024934,160,1221,63,190,48180,65,0.2868474576271186,0.7076271186440677
704667.3020639999,14145.969046131608,0.9710121652547477,0.003834263460071466,0.02515357128518087,191,1199,54,190,48180,87,0.2868474576271186,0.7186440677966102
704667.3020639999,14145.969046131608,0.9710121652547477,0.003834263460071466,0.02515357128518087,191,1199,54,190,48180,87,0.2868474576271186,0.7296610169491524
704667.3020639999,14145.969046131608,0.9710121652547477,0.003834263460071466,0.02515357128518087,191,1199,54,190,48180,87,0.2868474576271186,0.7406779661016949
704667.3020639999,14145.969046131608,0.9710121652547477,0.003834263460071466,0.02515357128518087,191,1199,54,190,48180,87,0.2868474576271186,0.7516949152542372
704667.3020639999,14145.969046131608,0.9710121652547477,0.003834263460071466,0.02515357128518087,191,1199,54,190,48180,87,0.2868474576271186,0.7627118644067796
742051.9028640001,14896.452861926367,0.9710121652547477,0.00451680250531979,0.02447103223993255,225,1173,46,190,48180,113,0.2868474576271186,0.7737288135593219
742051.9028640001,14896.452861926367,0.9710121652547477,0.00451680250531979,0.02447103223993255,225,1173,46,190,48180,113,0.2868474576271186,0.7847457627118644
742051.9028640001,14896.452861926367,0.9710121652547477,0.00451680250531979,0.02447103223993255,225,1173,46,190,48180,113,0.2868474576271186,0.7957627118644066
742051.9028640001,14896.452861926367,0.9710121652547477,0.00451680250531979,0.02447103223993255,225,1173,46,190,48180,113,0.2868474576271186,0.8067796610169491
742051.9028640001,14896.452861926367,0.9710121652547477,0.00451680250531979,0.02447103223993255,225,1173,46,190,48180,113,0.2868474576271186,0.8177966101694913
742051.9028640001,14896.452861926367,0.9710121652547477,0.00451680250531979,0.02447103223993255,225,1173,46,190,48180,113,0.2868474576271186,0.8288135593220338
742051.9028640001,14896.452861926367,0.9710121652547477,0.00451680250531979,0.02447103223993255,225,1173,46,190,48180,113,0.2868474576271186,0.8398305084745761
742051.9028640001,14896.452861926367,0.9710121652547477,0.00451680250531979,0.02447103223993255,225,1173,46,190,48180,113,0.2868474576271186,0.8508474576271186
750657.777808,15069.213028626491,0.9710121652547477,0.0050788934837595855,0.023908941261492754,253,1149,42,190,48180,137,0.2868474576271186,0.8618644067796608
750657.777808,15069.213028626491,0.9710121652547477,0.0050788934837595855,0.023908941261492754,253,1149,42,190,48180,137,0.2868474576271186,0.8728813559322033
750657.777808,15069.213028626491,0.9710121652547477,0.0050788934837595855,0.023908941261492754,253,1149,42,190,48180,137,0.2868474576271186,0.8838983050847455
750657.777808,15069.213028626491,0.9710121652547477,0.0050788934837595855,0.023908941261492754,253,1149,42,190,48180,137,0.2868474576271186,0.894915254237288
750657.777808,15069.213028626491,0.9710121652547477,0.0050788934837595855,0.023908941261492754,253,1149,42,190,48180,137,0.2868474576271186,0.9059322033898305
750657.777808,15069.213028626491,0.9710121652547477,0.0050788934837595855,0.023908941261492754,253,1149,42,190,48180,137,0.2868474576271186,0.9169491525423727
750657.777808,15069.213028626491,0.9710121652547477,0.0050788934837595855,0.023908941261492754,253,1149,42,190,48180,137,0.2868474576271186,0.9279661016949152
750657.777808,15069.213028626491,0.9710121652547477,0.0050788934837595855,0.023908941261492754,253,1149,42,190,48180,137,0.2868474576271186,0.9389830508474575
823300.77608,16527.497813466096,0.9710121652547477,0.007869273698157144,0.021118561047095193,392,1017,35,190,48180,269,0.2868474576271186,0.95
740225.1403999999,14859.781194041832,0.9718352270446059,0.0,0.028164772955394067,0,1274,129,202,48209,0,0.29694915254237286,0.3
740225.1403999999,14859.781194041832,0.9718352270446059,0.0,0.028164772955394067,0,1274,129,202,48209,0,0.29694915254237286,0.31101694915254235
734374.956368,14742.340634520417,0.9718352270446059,0.0003211948448227406,0.027843578110571324,16,1269,118,202,48209,5,0.29694915254237286,0.3220338983050847
734374.956368,14742.340634520417,0.9718352270446059,0.0003211948448227406,0.027843578110571324,16,1269,118,202,48209,5,0.29694915254237286,0.3330508474576271
721474.012304,14483.358339101456,0.9718352270446059,0.0012245553458866986,0.026940217609507367,61,1254,88,202,48209,20,0.29694915254237286,0.34406779661016945
721474.012304,14483.358339101456,0.9718352270446059,0.0012245553458866986,0.026940217609507367,61,1254,88,202,48209,20,0.29694915254237286,0.3550847457627119
721474.012304,14483.358339101456,0.9718352270446059,0.0012245553458866986,0.026940217609507367,61,1254,88,202,48209,20,0.29694915254237286,0.36610169491525424
721474.012304,14483.358339101456,0.9718352270446059,0.0012245553458866986,0.026940217609507367,61,1254,88,202,48209,20,0.29694915254237286,0.3771186440677966
721474.012304,14483.358339101456,0.9718352270446059,0.0012245553458866986,0.026940217609507367,61,1254,88,202,48209,20,0.29694915254237286,0.38813559322033897
721474.012304,14483.358339101456,0.9718352270446059,0.0012245553458866986,0.026940217609507367,61,1254,88,202,48209,20,0.29694915254237286,0.39915254237288134
721474.012304,14483.358339101456,0.9718352270446059,0.0012245553458866986,0.026940217609507367,61,1254,88,202,48209,20,0.29694915254237286,0.4101694915254237
721474.012304,14483.358339101456,0.9718352270446059,0.0012245553458866986,0.026940217609507367,61,1254,88,202,48209,20,0.29694915254237286,0.42118644067796607
725708.828752,14568.370914843215,0.9718352270446059,0.0015056008351065965,0.02665917212028747,75,1248,80,202,48209,26,0.29694915254237286,0.43220338983050843
725708.828752,14568.370914843215,0.9718352270446059,0.0015056008351065965,0.02665917212028747,75,1248,80,202,48209,26,0.29694915254237286,0.4432203389830508
725708.828752,14568.370914843215,0.9718352270446059,0.0015056008351065965,0.02665917212028747,75,1248,80,202,48209,26,0.29694915254237286,0.45423728813559316
725708.828752,14568.370914843215,0.9718352270446059,0.0015056008351065965,0.02665917212028747,75,1248,80,202,48209,26,0.29694915254237286,0.46525423728813553
725708.828752,14568.370914843215,0.9718352270446059,0.0015056008351065965,0.02665917212028747,75,1248,80,202,48209,26,0.29694915254237286,0.4762711864406779
725708.828752,14568.370914843215,0.9718352270446059,0.0015056008351065965,0.02665917212028747,75,1248,80,202,48209,26,0.29694915254237286,0.48728813559322026
725708.828752,14568.370914843215,0.9718352270446059,0.0015056008351065965,0.02665917212028747,75,1248,80,202,48209,26,0.29694915254237286,0.4983050847457626
724208.108944,14538.244448227406,0.9718352270446059,0.0016661982575179668,0.026498574697876098,83,1244,76,202,48209,30,0.29694915254237286,0.5093220338983051
724208.108944,14538.244448227406,0.9718352270446059,0.0016661982575179668,0.026498574697876098,83,1244,76,202,48209,30,0.29694915254237286,0.5203389830508474
724208.108944,14538.244448227406,0.9718352270446059,0.0016661982575179668,0.026498574697876098,83,1244,76,202,48209,30,0.29694915254237286,0.5313559322033898
724208.108944,14538.244448227406,0.9718352270446059,0.0016661982575179668,0.026498574697876098,83,1244,76,202,48209,30,0.29694915254237286,0.5423728813559321
724208.108944,14538.244448227406,0.9718352270446059,0.0016661982575179668,0.026498574697876098,83,1244,76,202,48209,30,0.29694915254237286,0.5533898305084746
724208.108944,14538.244448227406,0.9718352270446059,0.0016661982575179668,0.026498574697876098,83,1244,76,202,48209,30,0.29694915254237286,0.5644067796610168
724208.108944,14538.244448227406,0.9718352270446059,0.0016661982575179668,0.026498574697876098,83,1244,76,202,48209,30,0.29694915254237286,0.5754237288135593
724208.108944,14538.244448227406,0.9718352270446059,0.0016661982575179668,0.026498574697876098,83,1244,76,202,48209,30,0.29694915254237286,0.5864406779661016
724208.108944,14538.244448227406,0.9718352270446059,0.0016661982575179668,0.026498574697876098,83,1244,76,202,48209,30,0.29694915254237286,0.597457627118644
728199.7815200001,14618.375989079377,0.9718352270446059,0.0018669450355321797,0.026297827919861887,93,1238,72,202,48209,36,0.29694915254237286,0.6084745762711864
728199.7815200001,14618.375989079377,0.9718352270446059,0.0018669450355321797,0.026297827919861887,93,1238,72,202,48209,36,0.29694915254237286,0.6194915254237288
728199.7815200001,14618.375989079377,0.9718352270446059,0.0018669450355321797,0.026297827919861887,93,1238,72,202,48209,36,0.29694915254237286,0.6305084745762711
728199.7815200001,14618.375989079377,0.9718352270446059,0.0018669450355321797,0.026297827919861887,93,1238,72,202,48209,36,0.29694915254237286,0.6415254237288135
728199.7815200001,14618.375989079377,0.9718352270446059,0.0018669450355321797,0.026297827919861887,93,1238,72,202,48209,36,0.29694915254237286,0.6525423728813559
741003.866544,14875.413870478178,0.9718352270446059,0.0023888866583691333,0.025775886297024934,119,1221,63,202,48209,53,0.29694915254237286,0.6635593220338982
741003.866544,14875.413870478178,0.9718352270446059,0.0023888866583691333,0.025775886297024934,119,1221,63,202,48209,53,0.29694915254237286,0.6745762711864406
741003.866544,14875.413870478178,0.9718352270446059,0.0023888866583691333,0.025775886297024934,119,1221,63,202,48209,53,0.29694915254237286,0.685593220338983
741003.866544,14875.413870478178,0.9718352270446059,0.0023888866583691333,0.025775886297024934,119,1221,63,202,48209,53,0.29694915254237286,0.6966101694915253
741003.866544,14875.413870478178,0.9718352270446059,0.0023888866583691333,0.025775886297024934,119,1221,63,202,48209,53,0.29694915254237286,0.7076271186440677
749539.1468,15046.756871562211,0.9718352270446059,0.003011201670213193,0.02515357128518087,150,1199,54,202,48209,75,0.29694915254237286,0.7186440677966102
749539.1468,15046.756871562211,0.9718352270446059,0.003011201670213193,0.02515357128518087,150,1199,54,202,48209,75,0.29694915254237286,0.7296610169491524
749539.1468,15046.756871562211,0.9718352270446059,0.003011201670213193,0.02515357128518087,150,1199,54,202,48209,75,0.29694915254237286,0.7406779661016949
749539.1468,15046.756871562211,0.9718352270446059,0.003011201670213193,0.02515357128518087,150,1199,54,202,48209,75,0.29694915254237286,0.7516949152542372
749539.1468,15046.756871562211,0.9718352270446059,0.003011201670213193,0.02515357128518087,150,1199,54,202,48209,75,0.29694915254237286,0.7627118644067796
786923.7476000001,15797.24068735697,0.9718352270446059,0.003693740715461517,0.02447103223993255,184,1173,46,202,48209,101,0.29694915254237286,0.7737288135593219
786923.7476000001,15797.24068735697,0.9718352270446059,0.003693740715461517,0.02447103223993255,184,1173,46,202,48209,101,0.29694915254237286,0.7847457627118644
786923.7476000001,15797.24068735697,0.9718352270446059,0.003693740715461517,0.02447103223993255,184,1173,46,202,48209,101,0.29694915254237286,0.7957627118644066
786923.7476000001,15797.24068735697,0.9718352270446059,0.003693740715461517,0.02447103223993255,184,1173,46,202,48209,101,0.29694915254237286,0.8067796610169491
786923.7476000001,15797.24068735697,0.9718352270446059,0.003693740715461517,0.02447103223993255,184,1173,46,202,48209,101,0.29694915254237286,0.8177966101694913
786923.7476000001,15797.24068735697,0.9718352270446059,0.003693740715461517,0.02447103223993255,184,1173,46,202,48209,101,0.29694915254237286,0.8288135593220338
786923.7476000001,15797.24068735697,0.9718352270446059,0.003693740715461517,0.02447103223993255,184,1173,46,202,48209,101,0.29694915254237286,0.8398305084745761
786923.7476000001,15797.24068735697,0.9718352270446059,0.003693740715461517,0.02447103223993255,184,1173,46,202,48209,101,0.29694915254237286,0.8508474576271186
795529.622544,15970.000854057093,0.9718352270446059,0.004255831693901313,0.023908941261492754,212,1149,42,202,48209,125,0.29694915254237286,0.8618644067796608
795529.622544,15970.000854057093,0.9718352270446059,0.004255831693901313,0.023908941261492754,212,1149,42,202,48209,125,0.29694915254237286,0.8728813559322033
795529.622544,15970.000854057093,0.9718352270446059,0.004255831693901313,0.023908941261492754,212,1149,42,202,48209,125,0.29694915254237286,0.8838983050847455
795529.622544,15970.000854057093,0.9718352270446059,0.004255831693901313,0.023908941261492754,212,1149,42,202,48209,125,0.29694915254237286,0.894915254237288
795529.622544,15970.000854057093,0.9718352270446059,0.004255831693901313,0.023908941261492754,212,1149,42,202,48209,125,0.29694915254237286,0.9059322033898305
795529.622544,15970.000854057093,0.9718352270446059,0.004255831693901313,0.023908941261492754,212,1149,42,202,48209,125,0.29694915254237286,0.9169491525423727
795529.622544,15970.000854057093,0.9718352270446059,0.004255831693901313,0.023908941261492754,212,1149,42,202,48209,125,0.29694915254237286,0.9279661016949152
795529.622544,15970.000854057093,0.9718352270446059,0.004255831693901313,0.023908941261492754,212,1149,42,202,48209,125,0.29694915254237286,0.9389830508474575
868172.620816,17428.285638896697,0.9718352270446059,0.007046211908298872,0.021118561047095193,351,1017,35,202,48209,257,0.29694915254237286,0.95
740225.1403999999,14859.781194041832,0.9718352270446059,0.0,0.028164772955394067,0,1274,129,202,48209,0,0.3070508474576271,0.31101694915254235
734374.956368,14742.340634520417,0.9718352270446059,0.0003211948448227406,0.027843578110571324,16,1269,118,202,48209,5,0.3070508474576271,0.3220338983050847
734374.956368,14742.340634520417,0.9718352270446059,0.0003211948448227406,0.027843578110571324,16,1269,118,202,48209,5,0.3070508474576271,0.3330508474576271
721474.012304,14483.358339101456,0.9718352270446059,0.0012245553458866986,0.026940217609507367,61,1254,88,202,48209,20,0.3070508474576271,0.34406779661016945
721474.012304,14483.358339101456,0.9718352270446059,0.0012245553458866986,0.026940217609507367,61,1254,88,202,48209,20,0.3070508474576271,0.3550847457627119
721474.012304,14483.358339101456,0.9718352270446059,0.0012245553458866986,0.026940217609507367,61,1254,88,202,48209,20,0.3070508474576271,0.36610169491525424
721474.012304,14483.358339101456,0.9718352270446059,0.0012245553458866986,0.026940217609507367,61,1254,88,202,48209,20,0.3070508474576271,0.3771186440677966
721474.012304,14483.358339101456,0.9718352270446059,0.0012245553458866986,0.026940217609507367,61,1254,88,202,48209,20,0.3070508474576271,0.38813559322033897
721474.012304,14483.358339101456,0.9718352270446059,0.0012245553458866986,0.026940217609507367,61,1254,88,202,48209,20,0.3070508474576271,0.39915254237288134
721474.012304,14483.358339101456,0.9718352270446059,0.0012245553458866986,0.026940217609507367,61,1254,88,202,48209,20,0.3070508474576271,0.4101694915254237
721474.012304,14483.358339101456,0.9718352270446059,0.0012245553458866986,0.026940217609507367,61,1254,88,202,48209,20,0.3070508474576271,0.42118644067796607
725708.828752,14568.370914843215,0.9718352270446059,0.0015056008351065965,0.02665917212028747,75,1248,80,202,48209,26,0.3070508474576271,0.43220338983050843
725708.828752,14568.370914843215,0.9718352270446059,0.0015056008351065965,0.02665917212028747,75,1248,80,202,48209,26,0.3070508474576271,0.4432203389830508
725708.828752,14568.370914843215,0.9718352270446059,0.0015056008351065965,0.02665917212028747,75,1248,80,202,48209,26,0.3070508474576271,0.45423728813559316
725708.828752,14568.370914843215,0.9718352270446059,0.0015056008351065965,0.02665917212028747,75,1248,80,202,48209,26,0.3070508474576271,0.46525423728813553
725708.828752,14568.370914843215,0.9718352270446059,0.0015056008351065965,0.02665917212028747,75,1248,80,202,48209,26,0.3070508474576271,0.4762711864406779
725708.828752,14568.370914843215,0.9718352270446059,0.0015056008351065965,0.02665917212028747,75,1248,80,202,48209,26,0.3070508474576271,0.48728813559322026
725708.828752,14568.370914843215,0.9718352270446059,0.0015056008351065965,0.02665917212028747,75,1248,80,202,48209,26,0.3070508474576271,0.4983050847457626
724208.108944,14538.244448227406,0.9718352270446059,0.0016661982575179668,0.026498574697876098,83,1244,76,202,48209,30,0.3070508474576271,0.5093220338983051
724208.108944,14538.244448227406,0.9718352270446059,0.0016661982575179668,0.026498574697876098,83,1244,76,202,48209,30,0.3070508474576271,0.5203389830508474
724208.108944,14538.244448227406,0.9718352270446059,0.0016661982575179668,0.026498574697876098,83,1244,76,202,48209,30,0.3070508474576271,0.5313559322033898
724208.108944,14538.244448227406,0.9718352270446059,0.0016661982575179668,0.026498574697876098,83,1244,76,202,48209,30,0.3070508474576271,0.5423728813559321
724208.108944,14538.244448227406,0.9718352270446059,0.0016661982575179668,0.026498574697876098,83,1244,76,202,48209,30,0.3070508474576271,0.5533898305084746
724208.108944,14538.244448227406,0.9718352270446059,0.0016661982575179668,0.026498574697876098,83,1244,76,202,48209,30,0.3070508474576271,0.5644067796610168
724208.108944,14538.244448227406,0.9718352270446059,0.0016661982575179668,0.026498574697876098,83,1244,76,202,48209,30,0.3070508474576271,0.5754237288135593
724208.108944,14538.244448227406,0.9718352270446059,0.0016661982575179668,0.026498574697876098,83,1244,76,202,48209,30,0.3070508474576271,0.5864406779661016
724208.108944,14538.244448227406,0.9718352270446059,0.0016661982575179668,0.026498574697876098,83,1244,76,202,48209,30,0.3070508474576271,0.597457627118644
728199.7815200001,14618.375989079377,0.9718352270446059,0.0018669450355321797,0.026297827919861887,93,1238,72,202,48209,36,0.3070508474576271,0.6084745762711864
728199.7815200001,14618.375989079377,0.9718352270446059,0.0018669450355321797,0.026297827919861887,93,1238,72,202,48209,36,0.3070508474576271,0.6194915254237288
728199.7815200001,14618.375989079377,0.9718352270446059,0.0018669450355321797,0.026297827919861887,93,1238,72,202,48209,36,0.3070508474576271,0.6305084745762711
728199.7815200001,14618.375989079377,0.9718352270446059,0.0018669450355321797,0.026297827919861887,93,1238,72,202,48209,36,0.3070508474576271,0.6415254237288135
728199.7815200001,14618.375989079377,0.9718352270446059,0.0018669450355321797,0.026297827919861887,93,1238,72,202,48209,36,0.3070508474576271,0.6525423728813559
741003.866544,14875.413870478178,0.9718352270446059,0.0023888866583691333,0.025775886297024934,119,1221,63,202,48209,53,0.3070508474576271,0.6635593220338982
741003.866544,14875.413870478178,0.9718352270446059,0.0023888866583691333,0.025775886297024934,119,1221,63,202,48209,53,0.3070508474576271,0.6745762711864406
741003.866544,14875.413870478178,0.9718352270446059,0.0023888866583691333,0.025775886297024934,119,1221,63,202,48209,53,0.3070508474576271,0.685593220338983
741003.866544,14875.413870478178,0.9718352270446059,0.0023888866583691333,0.025775886297024934,119,1221,63,202,48209,53,0.3070508474576271,0.6966101694915253
741003.866544,14875.413870478178,0.9718352270446059,0.0023888866583691333,0.025775886297024934,119,1221,63,202,48209,53,0.3070508474576271,0.7076271186440677
749539.1468,15046.756871562211,0.9718352270446059,0.003011201670213193,0.02515357128518087,150,1199,54,202,48209,75,0.3070508474576271,0.7186440677966102
749539.1468,15046.756871562211,0.9718352270446059,0.003011201670213193,0.02515357128518087,150,1199,54,202,48209,75,0.3070508474576271,0.7296610169491524
749539.1468,15046.756871562211,0.9718352270446059,0.003011201670213193,0.02515357128518087,150,1199,54,202,48209,75,0.3070508474576271,0.7406779661016949
749539.1468,15046.756871562211,0.9718352270446059,0.003011201670213193,0.02515357128518087,150,1199,54,202,48209,75,0.3070508474576271,0.7516949152542372
749539.1468,15046.756871562211,0.9718352270446059,0.003011201670213193,0.02515357128518087,150,1199,54,202,48209,75,0.3070508474576271,0.7627118644067796
786923.7476000001,15797.24068735697,0.9718352270446059,0.003693740715461517,0.02447103223993255,184,1173,46,202,48209,101,0.3070508474576271,0.7737288135593219
786923.7476000001,15797.24068735697,0.9718352270446059,0.003693740715461517,0.02447103223993255,184,1173,46,202,48209,101,0.3070508474576271,0.7847457627118644
786923.7476000001,15797.24068735697,0.9718352270446059,0.003693740715461517,0.02447103223993255,184,1173,46,202,48209,101,0.3070508474576271,0.7957627118644066
786923.7476000001,15797.24068735697,0.9718352270446059,0.003693740715461517,0.02447103223993255,184,1173,46,202,48209,101,0.3070508474576271,0.8067796610169491
786923.7476000001,15797.24068735697,0.9718352270446059,0.003693740715461517,0.02447103223993255,184,1173,46,202,48209,101,0.3070508474576271,0.8177966101694913
786923.7476000001,15797.24068735697,0.9718352270446059,0.003693740715461517,0.02447103223993255,184,1173,46,202,48209,101,0.3070508474576271,0.8288135593220338
786923.7476000001,15797.24068735697,0.9718352270446059,0.003693740715461517,0.02447103223993255,184,1173,46,202,48209,101,0.3070508474576271,0.8398305084745761
786923.7476000001,15797.24068735697,0.9718352270446059,0.003693740715461517,0.02447103223993255,184,1173,46,202,48209,101,0.3070508474576271,0.8508474576271186
795529.622544,15970.000854057093,0.9718352270446059,0.004255831693901313,0.023908941261492754,212,1149,42,202,48209,125,0.3070508474576271,0.8618644067796608
795529.622544,15970.000854057093,0.9718352270446059,0.004255831693901313,0.023908941261492754,212,1149,42,202,48209,125,0.3070508474576271,0.8728813559322033
795529.622544,15970.000854057093,0.9718352270446059,0.004255831693901313,0.023908941261492754,212,1149,42,202,48209,125,0.3070508474576271,0.8838983050847455
795529.622544,15970.000854057093,0.9718352270446059,0.004255831693901313,0.023908941261492754,212,1149,42,202,48209,125,0.3070508474576271,0.894915254237288
795529.622544,15970.000854057093,0.9718352270446059,0.004255831693901313,0.023908941261492754,212,1149,42,202,48209,125,0.3070508474576271,0.9059322033898305
795529.622544,15970.000854057093,0.9718352270446059,0.004255831693901313,0.023908941261492754,212,1149,42,202,48209,125,0.3070508474576271,0.9169491525423727
795529.622544,15970.000854057093,0.9718352270446059,0.004255831693901313,0.023908941261492754,212,1149,42,202,48209,125,0.3070508474576271,0.9279661016949152
795529.622544,15970.000854057093,0.9718352270446059,0.004255831693901313,0.023908941261492754,212,1149,42,202,48209,125,0.3070508474576271,0.9389830508474575
868172.620816,17428.285638896697,0.9718352270446059,0.007046211908298872,0.021118561047095193,351,1017,35,202,48209,257,0.3070508474576271,0.95
746096.4039999999,14977.644919099046,0.9721564218894286,0.0,0.027843578110571324,0,1269,118,207,48220,0,0.3171525423728813,0.3220338983050847
746096.4039999999,14977.644919099046,0.9721564218894286,0.0,0.027843578110571324,0,1269,118,207,48220,0,0.3171525423728813,0.3330508474576271
733195.459936,14718.662623680091,0.9721564218894286,0.0009033605010639579,0.026940217609507367,45,1254,88,207,48220,15,0.3171525423728813,0.34406779661016945
733195.459936,14718.662623680091,0.9721564218894286,0.0009033605010639579,0.026940217609507367,45,1254,88,207,48220,15,0.3171525423728813,0.3550847457627119
733195.459936,14718.662623680091,0.9721564218894286,0.0009033605010639579,0.026940217609507367,45,1254,88,207,48220,15,0.3171525423728813,0.36610169491525424
733195.459936,14718.662623680091,0.9721564218894286,0.0009033605010639579,0.026940217609507367,45,1254,88,207,48220,15,0.3171525423728813,0.3771186440677966
733195.459936,14718.662623680091,0.9721564218894286,0.0009033605010639579,0.026940217609507367,45,1254,88,207,48220,15,0.3171525423728813,0.38813559322033897
733195.459936,14718.662623680091,0.9721564218894286,0.0009033605010639579,0.026940217609507367,45,1254,88,207,48220,15,0.3171525423728813,0.39915254237288134
733195.459936,14718.662623680091,0.9721564218894286,0.0009033605010639579,0.026940217609507367,45,1254,88,207,48220,15,0.3171525423728813,0.4101694915254237
733195.459936,14718.662623680091,0.9721564218894286,0.0009033605010639579,0.026940217609507367,45,1254,88,207,48220,15,0.3171525423728813,0.42118644067796607
737430.276384,14803.675199421848,0.9721564218894286,0.001184405990283856,0.02665917212028747,59,1248,80,207,48220,21,0.3171525423728813,0.43220338983050843
737430.276384,14803.675199421848,0.9721564218894286,0.001184405990283856,0.02665917212028747,59,1248,80,207,48220,21,0.3171525423728813,0.4432203389830508
737430.276384,14803.675199421848,0.9721564218894286,0.001184405990283856,0.02665917212028747,59,1248,80,207,48220,21,0.3171525423728813,0.45423728813559316
737430.276384,14803.675199421848,0.9721564218894286,0.001184405990283856,0.02665917212028747,59,1248,80,207,48220,21,0.3171525423728813,0.46525423728813553
737430.276384,14803.675199421848,0.9721564218894286,0.001184405990283856,0.02665917212028747,59,1248,80,207,48220,21,0.3171525423728813,0.4762711864406779
737430.276384,14803.675199421848,0.9721564218894286,0.001184405990283856,0.02665917212028747,59,1248,80,207,48220,21,0.3171525423728813,0.48728813559322026
737430.276384,14803.675199421848,0.9721564218894286,0.001184405990283856,0.02665917212028747,59,1248,80,207,48220,21,0.3171525423728813,0.4983050847457626
735929.5565760001,14773.548732806039,0.9721564218894286,0.0013450034126952263,0.026498574697876098,67,1244,76,207,48220,25,0.3171525423728813,0.5093220338983051
735929.5565760001,14773.548732806039,0.9721564218894286,0.0013450034126952263,0.026498574697876098,67,1244,76,207,48220,25,0.3171525423728813,0.5203389830508474
735929.5565760001,14773.548732806039,0.9721564218894286,0.0013450034126952263,0.026498574697876098,67,1244,76,207,48220,25,0.3171525423728813,0.5313559322033898
735929.5565760001,14773.548732806039,0.9721564218894286,0.0013450034126952263,0.026498574697876098,67,1244,76,207,48220,25,0.3171525423728813,0.5423728813559321
735929.5565760001,14773.548732806039,0.9721564218894286,0.0013450034126952263,0.026498574697876098,67,1244,76,207,48220,25,0.3171525423728813,0.5533898305084746
735929.5565760001,14773.548732806039,0.9721564218894286,0.0013450034126952263,0.026498574697876098,67,1244,76,207,48220,25,0.3171525423728813,0.5644067796610168
735929.5565760001,14773.548732806039,0.9721564218894286,0.0013450034126952263,0.026498574697876098,67,1244,76,207,48220,25,0.3171525423728813,0.5754237288135593
735929.5565760001,14773.548732806039,0.9721564218894286,0.0013450034126952263,0.026498574697876098,67,1244,76,207,48220,25,0.3171525423728813,0.5864406779661016
735929.5565760001,14773.548732806039,0.9721564218894286,0.0013450034126952263,0.026498574697876098,67,1244,76,207,48220,25,0.3171525423728813,0.597457627118644
739921.229152,14853.680273658008,0.9721564218894286,0.0015457501907094392,0.026297827919861887,77,1238,72,207,48220,31,0.3171525423728813,0.6084745762711864
739921.229152,14853.680273658008,0.9721564218894286,0.0015457501907094392,0.026297827919861887,77,1238,72,207,48220,31,0.3171525423728813,0.6194915254237288
739921.229152,14853.680273658008,0.9721564218894286,0.0015457501907094392,0.026297827919861887,77,1238,72,207,48220,31,0.3171525423728813,0.6305084745762711
739921.229152,14853.680273658008,0.9721564218894286,0.0015457501907094392,0.026297827919861887,77,1238,72,207,48220,31,0.3171525423728813,0.6415254237288135
739921.229152,14853.680273658008,0.9721564218894286,0.0015457501907094392,0.026297827919861887,77,1238,72,207,48220,31,0.3171525423728813,0.6525423728813559
752725.314176,15110.718155056811,0.9721564218894286,0.0020676918135463926,0.025775886297024934,103,1221,63,207,48220,48,0.3171525423728813,0.6635593220338982
752725.314176,15110.718155056811,0.9721564218894286,0.0020676918135463926,0.025775886297024934,103,1221,63,207,48220,48,0.3171525423728813,0.6745762711864406
752725.314176,15110.718155056811,0.9721564218894286,0.0020676918135463926,0.025775886297024934,103,1221,63,207,48220,48,0.3171525423728813,0.685593220338983
752725.314176,15110.718155056811,0.9721564218894286,0.0020676918135463926,0.025775886297024934,103,1221,63,207,48220,48,0.3171525423728813,0.6966101694915253
752725.314176,15110.718155056811,0.9721564218894286,0.0020676918135463926,0.025775886297024934,103,1221,63,207,48220,48,0.3171525423728813,0.7076271186440677
761260.5944320001,15282.061156140844,0.9721564218894286,0.0026900068253904526,0.02515357128518087,134,1199,54,207,48220,70,0.3171525423728813,0.7186440677966102
761260.5944320001,15282.061156140844,0.9721564218894286,0.0026900068253904526,0.02515357128518087,134,1199,54,207,48220,70,0.3171525423728813,0.7296610169491524
761260.5944320001,15282.061156140844,0.9721564218894286,0.0026900068253904526,0.02515357128518087,134,1199,54,207,48220,70,0.3171525423728813,0.7406779661016949
761260.5944320001,15282.061156140844,0.9721564218894286,0.0026900068253904526,0.02515357128518087,134,1199,54,207,48220,70,0.3171525423728813,0.7516949152542372
761260.5944320001,15282.061156140844,0.9721564218894286,0.0026900068253904526,0.02515357128518087,134,1199,54,207,48220,70,0.3171525423728813,0.7627118644067796
798645.195232,16032.5449719356,0.9721564218894286,0.003372545870638776,0.02447103223993255,168,1173,46,207,48220,96,0.3171525423728813,0.7737288135593219
798645.195232,16032.5449719356,0.9721564218894286,0.003372545870638776,0.02447103223993255,168,1173,46,207,48220,96,0.3171525423728813,0.7847457627118644
798645.195232,16032.5449719356,0.9721564218894286,0.003372545870638776,0.02447103223993255,168,1173,46,207,48220,96,0.3171525423728813,0.7957627118644066
798645.195232,16032.5449719356,0.9721564218894286,0.003372545870638776,0.02447103223993255,168,1173,46,207,48220,96,0.3171525423728813,0.8067796610169491
798645.195232,16032.5449719356,0.9721564218894286,0.003372545870638776,0.02447103223993255,168,1173,46,207,48220,96,0.3171525423728813,0.8177966101694913
798645.195232,16032.5449719356,0.9721564218894286,0.003372545870638776,0.02447103223993255,168,1173,46,207,48220,96,0.3171525423728813,0.8288135593220338
798645.195232,16032.5449719356,0.9721564218894286,0.003372545870638776,0.02447103223993255,168,1173,46,207,48220,96,0.3171525423728813,0.8398305084745761
798645.195232,16032.5449719356,0.9721564218894286,0.003372545870638776,0.02447103223993255,168,1173,46,207,48220,96,0.3171525423728813,0.8508474576271186
807251.070176,16205.305138635726,0.9721564218894286,0.003934636849078572,0.023908941261492754,196,1149,42,207,48220,120,0.3171525423728813,0.8618644067796608
807251.070176,16205.305138635726,0.9721564218894286,0.003934636849078572,0.023908941261492754,196,1149,42,207,48220,120,0.3171525423728813,0.8728813559322033
807251.070176,16205.305138635726,0.9721564218894286,0.003934636849078572,0.023908941261492754,196,1149,42,207,48220,120,0.3171525423728813,0.8838983050847455
807251.070176,16205.305138635726,0.9721564218894286,0.003934636849078572,0.023908941261492754,196,1149,42,207,48220,120,0.3171525423728813,0.894915254237288
807251.070176,16205.305138635726,0.9721564218894286,0.003934636849078572,0.023908941261492754,196,1149,42,207,48220,120,0.3171525423728813,0.9059322033898305
807251.070176,16205.305138635726,0.9721564218894286,0.003934636849078572,0.023908941261492754,196,1149,42,207,48220,120,0.3171525423728813,0.9169491525423727
807251.070176,16205.305138635726,0.9721564218894286,0.003934636849078572,0.023908941261492754,196,1149,42,207,48220,120,0.3171525423728813,0.9279661016949152
807251.070176,16205.305138635726,0.9721564218894286,0.003934636849078572,0.023908941261492754,196,1149,42,207,48220,120,0.3171525423728813,0.9389830508474575
879894.068448,17663.589923475327,0.9721564218894286,0.006725017063476131,0.021118561047095193,335,1017,35,207,48220,252,0.3171525423728813,0.95
746096.4039999999,14977.644919099046,0.9721564218894286,0.0,0.027843578110571324,0,1269,118,207,48220,0,0.3272542372881356,0.3330508474576271
733195.459936,14718.662623680091,0.9721564218894286,0.0009033605010639579,0.026940217609507367,45,1254,88,207,48220,15,0.3272542372881356,0.34406779661016945
733195.459936,14718.662623680091,0.9721564218894286,0.0009033605010639579,0.026940217609507367,45,1254,88,207,48220,15,0.3272542372881356,0.3550847457627119
733195.459936,14718.662623680091,0.9721564218894286,0.0009033605010639579,0.026940217609507367,45,1254,88,207,48220,15,0.3272542372881356,0.36610169491525424
733195.459936,14718.662623680091,0.9721564218894286,0.0009033605010639579,0.026940217609507367,45,1254,88,207,48220,15,0.3272542372881356,0.3771186440677966
733195.459936,14718.662623680091,0.9721564218894286,0.0009033605010639579,0.026940217609507367,45,1254,88,207,48220,15,0.3272542372881356,0.38813559322033897
733195.459936,14718.662623680091,0.9721564218894286,0.0009033605010639579,0.026940217609507367,45,1254,88,207,48220,15,0.3272542372881356,0.39915254237288134
733195.459936,14718.662623680091,0.9721564218894286,0.0009033605010639579,0.026940217609507367,45,1254,88,207,48220,15,0.3272542372881356,0.4101694915254237
733195.459936,14718.662623680091,0.9721564218894286,0.0009033605010639579,0.026940217609507367,45,1254,88,207,48220,15,0.3272542372881356,0.42118644067796607
737430.276384,14803.675199421848,0.9721564218894286,0.001184405990283856,0.02665917212028747,59,1248,80,207,48220,21,0.3272542372881356,0.43220338983050843
737430.276384,14803.675199421848,0.9721564218894286,0.001184405990283856,0.02665917212028747,59,1248,80,207,48220,21,0.3272542372881356,0.4432203389830508
737430.276384,14803.675199421848,0.9721564218894286,0.001184405990283856,0.02665917212028747,59,1248,80,207,48220,21,0.3272542372881356,0.45423728813559316
737430.276384,14803.675199421848,0.9721564218894286,0.001184405990283856,0.02665917212028747,59,1248,80,207,48220,21,0.3272542372881356,0.46525423728813553
737430.276384,14803.675199421848,0.9721564218894286,0.001184405990283856,0.02665917212028747,59,1248,80,207,48220,21,0.3272542372881356,0.4762711864406779
737430.276384,14803.675199421848,0.9721564218894286,0.001184405990283856,0.02665917212028747,59,1248,80,207,48220,21,0.3272542372881356,0.48728813559322026
737430.276384,14803.675199421848,0.9721564218894286,0.001184405990283856,0.02665917212028747,59,1248,80,207,48220,21,0.3272542372881356,0.4983050847457626
735929.5565760001,14773.548732806039,0.9721564218894286,0.0013450034126952263,0.026498574697876098,67,1244,76,207,48220,25,0.3272542372881356,0.5093220338983051
735929.5565760001,14773.548732806039,0.9721564218894286,0.0013450034126952263,0.026498574697876098,67,1244,76,207,48220,25,0.3272542372881356,0.5203389830508474
735929.5565760001,14773.548732806039,0.9721564218894286,0.0013450034126952263,0.026498574697876098,67,1244,76,207,48220,25,0.3272542372881356,0.5313559322033898
735929.5565760001,14773.548732806039,0.9721564218894286,0.0013450034126952263,0.026498574697876098,67,1244,76,207,48220,25,0.3272542372881356,0.5423728813559321
735929.5565760001,14773.548732806039,0.9721564218894286,0.0013450034126952263,0.026498574697876098,67,1244,76,207,48220,25,0.3272542372881356,0.5533898305084746
735929.5565760001,14773.548732806039,0.9721564218894286,0.0013450034126952263,0.026498574697876098,67,1244,76,207,48220,25,0.3272542372881356,0.5644067796610168
735929.5565760001,14773.548732806039,0.9721564218894286,0.0013450034126952263,0.026498574697876098,67,1244,76,207,48220,25,0.3272542372881356,0.5754237288135593
735929.5565760001,14773.548732806039,0.9721564218894286,0.0013450034126952263,0.026498574697876098,67,1244,76,207,48220,25,0.3272542372881356,0.5864406779661016
735929.5565760001,14773.548732806039,0.9721564218894286,0.0013450034126952263,0.026498574697876098,67,1244,76,207,48220,25,0.3272542372881356,0.597457627118644
739921.229152,14853.680273658008,0.9721564218894286,0.0015457501907094392,0.026297827919861887,77,1238,72,207,48220,31,0.3272542372881356,0.6084745762711864
739921.229152,14853.680273658008,0.9721564218894286,0.0015457501907094392,0.026297827919861887,77,1238,72,207,48220,31,0.3272542372881356,0.6194915254237288
739921.229152,14853.680273658008,0.9721564218894286,0.0015457501907094392,0.026297827919861887,77,1238,72,207,48220,31,0.3272542372881356,0.6305084745762711
739921.229152,14853.680273658008,0.9721564218894286,0.0015457501907094392,0.026297827919861887,77,1238,72,207,48220,31,0.3272542372881356,0.6415254237288135
739921.229152,14853.680273658008,0.9721564218894286,0.0015457501907094392,0.026297827919861887,77,1238,72,207,48220,31,0.3272542372881356,0.6525423728813559
752725.314176,15110.718155056811,0.9721564218894286,0.0020676918135463926,0.025775886297024934,103,1221,63,207,48220,48,0.3272542372881356,0.6635593220338982
752725.314176,15110.718155056811,0.9721564218894286,0.0020676918135463926,0.025775886297024934,103,1221,63,207,48220,48,0.3272542372881356,0.6745762711864406
752725.314176,15110.718155056811,0.9721564218894286,0.0020676918135463926,0.025775886297024934,103,1221,63,207,48220,48,0.3272542372881356,0.685593220338983
752725.314176,15110.718155056811,0.9721564218894286,0.0020676918135463926,0.025775886297024934,103,1221,63,207,48220,48,0.3272542372881356,0.6966101694915253
752725.314176,15110.718155056811,0.9721564218894286,0.0020676918135463926,0.025775886297024934,103,1221,63,207,48220,48,0.3272542372881356,0.7076271186440677
761260.5944320001,15282.061156140844,0.9721564218894286,0.0026900068253904526,0.02515357128518087,134,1199,54,207,48220,70,0.3272542372881356,0.7186440677966102
761260.5944320001,15282.061156140844,0.9721564218894286,0.0026900068253904526,0.02515357128518087,134,1199,54,207,48220,70,0.3272542372881356,0.7296610169491524
761260.5944320001,15282.061156140844,0.9721564218894286,0.0026900068253904526,0.02515357128518087,134,1199,54,207,48220,70,0.3272542372881356,0.7406779661016949
761260.5944320001,15282.061156140844,0.9721564218894286,0.0026900068253904526,0.02515357128518087,134,1199,54,207,48220,70,0.3272542372881356,0.7516949152542372
761260.5944320001,15282.061156140844,0.9721564218894286,0.0026900068253904526,0.02515357128518087,134,1199,54,207,48220,70,0.3272542372881356,0.7627118644067796
798645.195232,16032.5449719356,0.9721564218894286,0.003372545870638776,0.02447103223993255,168,1173,46,207,48220,96,0.3272542372881356,0.7737288135593219
798645.195232,16032.5449719356,0.9721564218894286,0.003372545870638776,0.02447103223993255,168,1173,46,207,48220,96,0.3272542372881356,0.7847457627118644
798645.195232,16032.5449719356,0.9721564218894286,0.003372545870638776,0.02447103223993255,168,1173,46,207,48220,96,0.3272542372881356,0.7957627118644066
798645.195232,16032.5449719356,0.9721564218894286,0.003372545870638776,0.02447103223993255,168,1173,46,207,48220,96,0.3272542372881356,0.8067796610169491
798645.195232,16032.5449719356,0.9721564218894286,0.003372545870638776,0.02447103223993255,168,1173,46,207,48220,96,0.3272542372881356,0.8177966101694913
798645.195232,16032.5449719356,0.9721564218894286,0.003372545870638776,0.02447103223993255,168,1173,46,207,48220,96,0.3272542372881356,0.8288135593220338
798645.195232,16032.5449719356,0.9721564218894286,0.003372545870638776,0.02447103223993255,168,1173,46,207,48220,96,0.3272542372881356,0.8398305084745761
798645.195232,16032.5449719356,0.9721564218894286,0.003372545870638776,0.02447103223993255,168,1173,46,207,48220,96,0.3272542372881356,0.8508474576271186
807251.070176,16205.305138635726,0.9721564218894286,0.003934636849078572,0.023908941261492754,196,1149,42,207,48220,120,0.3272542372881356,0.8618644067796608
807251.070176,16205.305138635726,0.9721564218894286,0.003934636849078572,0.023908941261492754,196,1149,42,207,48220,120,0.3272542372881356,0.8728813559322033
807251.070176,16205.305138635726,0.9721564218894286,0.003934636849078572,0.023908941261492754,196,1149,42,207,48220,120,0.3272542372881356,0.8838983050847455
807251.070176,16205.305138635726,0.9721564218894286,0.003934636849078572,0.023908941261492754,196,1149,42,207,48220,120,0.3272542372881356,0.894915254237288
807251.070176,16205.305138635726,0.9721564218894286,0.003934636849078572,0.023908941261492754,196,1149,42,207,48220,120,0.3272542372881356,0.9059322033898305
807251.070176,16205.305138635726,0.9721564218894286,0.003934636849078572,0.023908941261492754,196,1149,42,207,48220,120,0.3272542372881356,0.9169491525423727
807251.070176,16205.305138635726,0.9721564218894286,0.003934636849078572,0.023908941261492754,196,1149,42,207,48220,120,0.3272542372881356,0.9279661016949152
807251.070176,16205.305138635726,0.9721564218894286,0.003934636849078572,0.023908941261492754,196,1149,42,207,48220,120,0.3272542372881356,0.9389830508474575
879894.068448,17663.589923475327,0.9721564218894286,0.006725017063476131,0.021118561047095193,335,1017,35,207,48220,252,0.3272542372881356,0.95
800026.5711999999,16060.275649415826,0.9730597823904926,0.0,0.026940217609507367,0,1254,88,222,48250,0,0.33735593220338983,0.34406779661016945
800026.5711999999,16060.275649415826,0.9730597823904926,0.0,0.026940217609507367,0,1254,88,222,48250,0,0.33735593220338983,0.3550847457627119
800026.5711999999,16060.275649415826,0.9730597823904926,0.0,0.026940217609507367,0,1254,88,222,48250,0,0.33735593220338983,0.36610169491525424
800026.5711999999,16060.275649415826,0.9730597823904926,0.0,0.026940217609507367,0,1254,88,222,48250,0,0.33735593220338983,0.3771186440677966
800026.5711999999,16060.275649415826,0.9730597823904926,0.0,0.026940217609507367,0,1254,88,222,48250,0,0.33735593220338983,0.38813559322033897
800026.5711999999,16060.275649415826,0.9730597823904926,0.0,0.026940217609507367,0,1254,88,222,48250,0,0.33735593220338983,0.39915254237288134
800026.5711999999,16060.275649415826,0.9730597823904926,0.0,0.026940217609507367,0,1254,88,222,48250,0,0.33735593220338983,0.4101694915254237
800026.5711999999,16060.275649415826,0.9730597823904926,0.0,0.026940217609507367,0,1254,88,222,48250,0,0.33735593220338983,0.42118644067796607
804261.3876479999,16145.288225157587,0.9730597823904926,0.000281045489219898,0.02665917212028747,14,1248,80,222,48250,6,0.33735593220338983,0.43220338983050843
804261.3876479999,16145.288225157587,0.9730597823904926,0.000281045489219898,0.02665917212028747,14,1248,80,222,48250,6,0.33735593220338983,0.4432203389830508
804261.3876479999,16145.288225157587,0.9730597823904926,0.000281045489219898,0.02665917212028747,14,1248,80,222,48250,6,0.33735593220338983,0.45423728813559316
804261.3876479999,16145.288225157587,0.9730597823904926,0.000281045489219898,0.02665917212028747,14,1248,80,222,48250,6,0.33735593220338983,0.46525423728813553
804261.3876479999,16145.288225157587,0.9730597823904926,0.000281045489219898,0.02665917212028747,14,1248,80,222,48250,6,0.33735593220338983,0.4762711864406779
804261.3876479999,16145.288225157587,0.9730597823904926,0.000281045489219898,0.02665917212028747,14,1248,80,222,48250,6,0.33735593220338983,0.48728813559322026
804261.3876479999,16145.288225157587,0.9730597823904926,0.000281045489219898,0.02665917212028747,14,1248,80,222,48250,6,0.33735593220338983,0.4983050847457626
802760.66784,16115.161758541773,0.9730597823904926,0.0004416429116312683,0.026498574697876098,22,1244,76,222,48250,10,0.33735593220338983,0.5093220338983051
802760.66784,16115.161758541773,0.9730597823904926,0.0004416429116312683,0.026498574697876098,22,1244,76,222,48250,10,0.33735593220338983,0.5203389830508474
802760.66784,16115.161758541773,0.9730597823904926,0.0004416429116312683,0.026498574697876098,22,1244,76,222,48250,10,0.33735593220338983,0.5313559322033898
802760.66784,16115.161758541773,0.9730597823904926,0.0004416429116312683,0.026498574697876098,22,1244,76,222,48250,10,0.33735593220338983,0.5423728813559321
802760.66784,16115.161758541773,0.9730597823904926,0.0004416429116312683,0.026498574697876098,22,1244,76,222,48250,10,0.33735593220338983,0.5533898305084746
802760.66784,16115.161758541773,0.9730597823904926,0.0004416429116312683,0.026498574697876098,22,1244,76,222,48250,10,0.33735593220338983,0.5644067796610168
802760.66784,16115.161758541773,0.9730597823904926,0.0004416429116312683,0.026498574697876098,22,1244,76,222,48250,10,0.33735593220338983,0.5754237288135593
802760.66784,16115.161758541773,0.9730597823904926,0.0004416429116312683,0.026498574697876098,22,1244,76,222,48250,10,0.33735593220338983,0.5864406779661016
802760.66784,16115.161758541773,0.9730597823904926,0.0004416429116312683,0.026498574697876098,22,1244,76,222,48250,10,0.33735593220338983,0.597457627118644
806752.340416,16195.293299393743,0.9730597823904926,0.0006423896896454812,0.026297827919861887,32,1238,72,222,48250,16,0.33735593220338983,0.6084745762711864
806752.340416,16195.293299393743,0.9730597823904926,0.0006423896896454812,0.026297827919861887,32,1238,72,222,48250,16,0.33735593220338983,0.6194915254237288
806752.340416,16195.293299393743,0.9730597823904926,0.0006423896896454812,0.026297827919861887,32,1238,72,222,48250,16,0.33735593220338983,0.6305084745762711
806752.340416,16195.293299393743,0.9730597823904926,0.0006423896896454812,0.026297827919861887,32,1238,72,222,48250,16,0.33735593220338983,0.6415254237288135
806752.340416,16195.293299393743,0.9730597823904926,0.0006423896896454812,0.026297827919861887,32,1238,72,222,48250,16,0.33735593220338983,0.6525423728813559
819556.4254399999,16452.33118079255,0.9730597823904926,0.0011643313124824347,0.025775886297024934,58,1221,63,222,48250,33,0.33735593220338983,0.6635593220338982
819556.4254399999,16452.33118079255,0.9730597823904926,0.0011643313124824347,0.025775886297024934,58,1221,63,222,48250,33,0.33735593220338983,0.6745762711864406
819556.4254399999,16452.33118079255,0.9730597823904926,0.0011643313124824347,0.025775886297024934,58,1221,63,222,48250,33,0.33735593220338983,0.685593220338983
819556.4254399999,16452.33118079255,0.9730597823904926,0.0011643313124824347,0.025775886297024934,58,1221,63,222,48250,33,0.33735593220338983,0.6966101694915253
819556.4254399999,16452.33118079255,0.9730597823904926,0.0011643313124824347,0.025775886297024934,58,1221,63,222,48250,33,0.33735593220338983,0.7076271186440677
828091.705696,16623.67418187658,0.9730597823904926,0.0017866463243264945,0.02515357128518087,89,1199,54,222,48250,55,0.33735593220338983,0.7186440677966102
828091.705696,16623.67418187658,0.9730597823904926,0.0017866463243264945,0.02515357128518087,89,1199,54,222,48250,55,0.33735593220338983,0.7296610169491524
828091.705696,16623.67418187658,0.9730597823904926,0.0017866463243264945,0.02515357128518087,89,1199,54,222,48250,55,0.33735593220338983,0.7406779661016949
828091.705696,16623.67418187658,0.9730597823904926,0.0017866463243264945,0.02515357128518087,89,1199,54,222,48250,55,0.33735593220338983,0.7516949152542372
828091.705696,16623.67418187658,0.9730597823904926,0.0017866463243264945,0.02515357128518087,89,1199,54,222,48250,55,0.33735593220338983,0.7627118644067796
865476.3064959999,17374.157997671336,0.9730597823904926,0.0024691853695748183,0.02447103223993255,123,1173,46,222,48250,81,0.33735593220338983,0.7737288135593219
865476.3064959999,17374.157997671336,0.9730597823904926,0.0024691853695748183,0.02447103223993255,123,1173,46,222,48250,81,0.33735593220338983,0.7847457627118644
865476.3064959999,17374.157997671336,0.9730597823904926,0.0024691853695748183,0.02447103223993255,123,1173,46,222,48250,81,0.33735593220338983,0.7957627118644066
865476.3064959999,17374.157997671336,0.9730597823904926,0.0024691853695748183,0.02447103223993255,123,1173,46,222,48250,81,0.33735593220338983,0.8067796610169491
865476.3064959999,17374.157997671336,0.9730597823904926,0.0024691853695748183,0.02447103223993255,123,1173,46,222,48250,81,0.33735593220338983,0.8177966101694913
865476.3064959999,17374.157997671336,0.9730597823904926,0.0024691853695748183,0.02447103223993255,123,1173,46,222,48250,81,0.33735593220338983,0.8288135593220338
865476.3064959999,17374.157997671336,0.9730597823904926,0.0024691853695748183,0.02447103223993255,123,1173,46,222,48250,81,0.33735593220338983,0.8398305084745761
865476.3064959999,17374.157997671336,0.9730597823904926,0.0024691853695748183,0.02447103223993255,123,1173,46,222,48250,81,0.33735593220338983,0.8508474576271186
874082.1814400001,17546.918164371462,0.9730597823904926,0.0030312763480146144,0.023908941261492754,151,1149,42,222,48250,105,0.33735593220338983,0.8618644067796608
874082.1814400001,17546.918164371462,0.9730597823904926,0.0030312763480146144,0.023908941261492754,151,1149,42,222,48250,105,0.33735593220338983,0.8728813559322033
874082.1814400001,17546.918164371462,0.9730597823904926,0.0030312763480146144,0.023908941261492754,151,1149,42,222,48250,105,0.33735593220338983,0.8838983050847455
874082.1814400001,17546.918164371462,0.9730597823904926,0.0030312763480146144,0.023908941261492754,151,1149,42,222,48250,105,0.33735593220338983,0.894915254237288
874082.1814400001,17546.918164371462,0.9730597823904926,0.0030312763480146144,0.023908941261492754,151,1149,42,222,48250,105,0.33735593220338983,0.9059322033898305
874082.1814400001,17546.918164371462,0.9730597823904926,0.0030312763480146144,0.023908941261492754,151,1149,42,222,48250,105,0.33735593220338983,0.9169491525423727
874082.1814400001,17546.918164371462,0.9730597823904926,0.0030312763480146144,0.023908941261492754,151,1149,42,222,48250,105,0.33735593220338983,0.9279661016949152
874082.1814400001,17546.918164371462,0.9730597823904926,0.0030312763480146144,0.023908941261492754,151,1149,42,222,48250,105,0.33735593220338983,0.9389830508474575
946725.179712,19005.202949211063,0.9730597823904926,0.005821656562412173,0.021118561047095193,290,1017,35,222,48250,237,0.33735593220338983,0.95
800026.5711999999,16060.275649415826,0.9730597823904926,0.0,0.026940217609507367,0,1254,88,222,48250,0,0.34745762711864403,0.3550847457627119
800026.5711999999,16060.275649415826,0.9730597823904926,0.0,0.026940217609507367,0,1254,88,222,48250,0,0.34745762711864403,0.36610169491525424
800026.5711999999,16060.275649415826,0.9730597823904926,0.0,0.026940217609507367,0,1254,88,222,48250,0,0.34745762711864403,0.3771186440677966
800026.5711999999,16060.275649415826,0.9730597823904926,0.0,0.026940217609507367,0,1254,88,222,48250,0,0.34745762711864403,0.38813559322033897
800026.5711999999,16060.275649415826,0.9730597823904926,0.0,0.026940217609507367,0,1254,88,222,48250,0,0.34745762711864403,0.39915254237288134
800026.5711999999,16060.275649415826,0.9730597823904926,0.0,0.026940217609507367,0,1254,88,222,48250,0,0.34745762711864403,0.4101694915254237
800026.5711999999,16060.275649415826,0.9730597823904926,0.0,0.026940217609507367,0,1254,88,222,48250,0,0.34745762711864403,0.42118644067796607
804261.3876479999,16145.288225157587,0.9730597823904926,0.000281045489219898,0.02665917212028747,14,1248,80,222,48250,6,0.34745762711864403,0.43220338983050843
804261.3876479999,16145.288225157587,0.9730597823904926,0.000281045489219898,0.02665917212028747,14,1248,80,222,48250,6,0.34745762711864403,0.4432203389830508
804261.3876479999,16145.288225157587,0.9730597823904926,0.000281045489219898,0.02665917212028747,14,1248,80,222,48250,6,0.34745762711864403,0.45423728813559316
804261.3876479999,16145.288225157587,0.9730597823904926,0.000281045489219898,0.02665917212028747,14,1248,80,222,48250,6,0.34745762711864403,0.46525423728813553
804261.3876479999,16145.288225157587,0.9730597823904926,0.000281045489219898,0.02665917212028747,14,1248,80,222,48250,6,0.34745762711864403,0.4762711864406779
804261.3876479999,16145.288225157587,0.9730597823904926,0.000281045489219898,0.02665917212028747,14,1248,80,222,48250,6,0.34745762711864403,0.48728813559322026
804261.3876479999,16145.288225157587,0.9730597823904926,0.000281045489219898,0.02665917212028747,14,1248,80,222,48250,6,0.34745762711864403,0.4983050847457626
802760.66784,16115.161758541773,0.9730597823904926,0.0004416429116312683,0.026498574697876098,22,1244,76,222,48250,10,0.34745762711864403,0.5093220338983051
802760.66784,16115.161758541773,0.9730597823904926,0.0004416429116312683,0.026498574697876098,22,1244,76,222,48250,10,0.34745762711864403,0.5203389830508474
802760.66784,16115.161758541773,0.9730597823904926,0.0004416429116312683,0.026498574697876098,22,1244,76,222,48250,10,0.34745762711864403,0.5313559322033898
802760.66784,16115.161758541773,0.9730597823904926,0.0004416429116312683,0.026498574697876098,22,1244,76,222,48250,10,0.34745762711864403,0.5423728813559321
802760.66784,16115.161758541773,0.9730597823904926,0.0004416429116312683,0.026498574697876098,22,1244,76,222,48250,10,0.34745762711864403,0.5533898305084746
802760.66784,16115.161758541773,0.9730597823904926,0.0004416429116312683,0.026498574697876098,22,1244,76,222,48250,10,0.34745762711864403,0.5644067796610168
802760.66784,16115.161758541773,0.9730597823904926,0.0004416429116312683,0.026498574697876098,22,1244,76,222,48250,10,0.34745762711864403,0.5754237288135593
802760.66784,16115.161758541773,0.9730597823904926,0.0004416429116312683,0.026498574697876098,22,1244,76,222,48250,10,0.34745762711864403,0.5864406779661016
802760.66784,16115.161758541773,0.9730597823904926,0.0004416429116312683,0.026498574697876098,22,1244,76,222,48250,10,0.34745762711864403,0.597457627118644
806752.340416,16195.293299393743,0.9730597823904926,0.0006423896896454812,0.026297827919861887,32,1238,72,222,48250,16,0.34745762711864403,0.6084745762711864
806752.340416,16195.293299393743,0.9730597823904926,0.0006423896896454812,0.026297827919861887,32,1238,72,222,48250,16,0.34745762711864403,0.6194915254237288
806752.340416,16195.293299393743,0.9730597823904926,0.0006423896896454812,0.026297827919861887,32,1238,72,222,48250,16,0.34745762711864403,0.6305084745762711
806752.340416,16195.293299393743,0.9730597823904926,0.0006423896896454812,0.026297827919861887,32,1238,72,222,48250,16,0.34745762711864403,0.6415254237288135
806752.340416,16195.293299393743,0.9730597823904926,0.0006423896896454812,0.026297827919861887,32,1238,72,222,48250,16,0.34745762711864403,0.6525423728813559
819556.4254399999,16452.33118079255,0.9730597823904926,0.0011643313124824347,0.025775886297024934,58,1221,63,222,48250,33,0.34745762711864403,0.6635593220338982
819556.4254399999,16452.33118079255,0.9730597823904926,0.0011643313124824347,0.025775886297024934,58,1221,63,222,48250,33,0.34745762711864403,0.6745762711864406
819556.4254399999,16452.33118079255,0.9730597823904926,0.0011643313124824347,0.025775886297024934,58,1221,63,222,48250,33,0.34745762711864403,0.685593220338983
819556.4254399999,16452.33118079255,0.9730597823904926,0.0011643313124824347,0.025775886297024934,58,1221,63,222,48250,33,0.34745762711864403,0.6966101694915253
819556.4254399999,16452.33118079255,0.9730597823904926,0.0011643313124824347,0.025775886297024934,58,1221,63,222,48250,33,0.34745762711864403,0.7076271186440677
828091.705696,16623.67418187658,0.9730597823904926,0.0017866463243264945,0.02515357128518087,89,1199,54,222,48250,55,0.34745762711864403,0.7186440677966102
828091.705696,16623.67418187658,0.9730597823904926,0.0017866463243264945,0.02515357128518087,89,1199,54,222,48250,55,0.34745762711864403,0.7296610169491524
828091.705696,16623.67418187658,0.9730597823904926,0.0017866463243264945,0.02515357128518087,89,1199,54,222,48250,55,0.34745762711864403,0.7406779661016949
828091.705696,16623.67418187658,0.9730597823904926,0.0017866463243264945,0.02515357128518087,89,1199,54,222,48250,55,0.34745762711864403,0.7516949152542372
828091.705696,16623.67418187658,0.9730597823904926,0.0017866463243264945,0.02515357128518087,89,1199,54,222,48250,55,0.34745762711864403,0.7627118644067796
865476.3064959999,17374.157997671336,0.9730597823904926,0.0024691853695748183,0.02447103223993255,123,1173,46,222,48250,81,0.34745762711864403,0.7737288135593219
865476.3064959999,17374.157997671336,0.9730597823904926,0.0024691853695748183,0.02447103223993255,123,1173,46,222,48250,81,0.34745762711864403,0.7847457627118644
865476.3064959999,17374.157997671336,0.9730597823904926,0.0024691853695748183,0.02447103223993255,123,1173,46,222,48250,81,0.34745762711864403,0.7957627118644066
865476.3064959999,17374.157997671336,0.9730597823904926,0.0024691853695748183,0.02447103223993255,123,1173,46,222,48250,81,0.34745762711864403,0.8067796610169491
865476.3064959999,17374.157997671336,0.9730597823904926,0.0024691853695748183,0.02447103223993255,123,1173,46,222,48250,81,0.34745762711864403,0.8177966101694913
865476.3064959999,17374.157997671336,0.9730597823904926,0.0024691853695748183,0.02447103223993255,123,1173,46,222,48250,81,0.34745762711864403,0.8288135593220338
865476.3064959999,17374.157997671336,0.9730597823904926,0.0024691853695748183,0.02447103223993255,123,1173,46,222,48250,81,0.34745762711864403,0.8398305084745761
865476.3064959999,17374.157997671336,0.9730597823904926,0.0024691853695748183,0.02447103223993255,123,1173,46,222,48250,81,0.34745762711864403,0.8508474576271186
874082.1814400001,17546.918164371462,0.9730597823904926,0.0030312763480146144,0.023908941261492754,151,1149,42,222,48250,105,0.34745762711864403,0.8618644067796608
874082.1814400001,17546.918164371462,0.9730597823904926,0.0030312763480146144,0.023908941261492754,151,1149,42,222,48250,105,0.34745762711864403,0.8728813559322033
874082.1814400001,17546.918164371462,0.9730597823904926,0.0030312763480146144,0.023908941261492754,151,1149,42,222,48250,105,0.34745762711864403,0.8838983050847455
874082.1814400001,17546.918164371462,0.9730597823904926,0.0030312763480146144,0.023908941261492754,151,1149,42,222,48250,105,0.34745762711864403,0.894915254237288
874082.1814400001,17546.918164371462,0.9730597823904926,0.0030312763480146144,0.023908941261492754,151,1149,42,222,48250,105,0.34745762711864403,0.9059322033898305
874082.1814400001,17546.918164371462,0.9730597823904926,0.0030312763480146144,0.023908941261492754,151,1149,42,222,48250,105,0.34745762711864403,0.9169491525423727
874082.1814400001,17546.918164371462,0.9730597823904926,0.0030312763480146144,0.023908941261492754,151,1149,42,222,48250,105,0.34745762711864403,0.9279661016949152
874082.1814400001,17546.918164371462,0.9730597823904926,0.0030312763480146144,0.023908941261492754,151,1149,42,222,48250,105,0.34745762711864403,0.9389830508474575
946725.179712,19005.202949211063,0.9730597823904926,0.005821656562412173,0.021118561047095193,290,1017,35,222,48250,237,0.34745762711864403,0.95
800026.5711999999,16060.275649415826,0.9730597823904926,0.0,0.026940217609507367,0,1254,88,222,48250,0,0.3575593220338983,0.36610169491525424
800026.5711999999,16060.275649415826,0.9730597823904926,0.0,0.026940217609507367,0,1254,88,222,48250,0,0.3575593220338983,0.3771186440677966
800026.5711999999,16060.275649415826,0.9730597823904926,0.0,0.026940217609507367,0,1254,88,222,48250,0,0.3575593220338983,0.38813559322033897
800026.5711999999,16060.275649415826,0.9730597823904926,0.0,0.026940217609507367,0,1254,88,222,48250,0,0.3575593220338983,0.39915254237288134
800026.5711999999,16060.275649415826,0.9730597823904926,0.0,0.026940217609507367,0,1254,88,222,48250,0,0.3575593220338983,0.4101694915254237
800026.5711999999,16060.275649415826,0.9730597823904926,0.0,0.026940217609507367,0,1254,88,222,48250,0,0.3575593220338983,0.42118644067796607
804261.3876479999,16145.288225157587,0.9730597823904926,0.000281045489219898,0.02665917212028747,14,1248,80,222,48250,6,0.3575593220338983,0.43220338983050843
804261.3876479999,16145.288225157587,0.9730597823904926,0.000281045489219898,0.02665917212028747,14,1248,80,222,48250,6,0.3575593220338983,0.4432203389830508
804261.3876479999,16145.288225157587,0.9730597823904926,0.000281045489219898,0.02665917212028747,14,1248,80,222,48250,6,0.3575593220338983,0.45423728813559316
804261.3876479999,16145.288225157587,0.9730597823904926,0.000281045489219898,0.02665917212028747,14,1248,80,222,48250,6,0.3575593220338983,0.46525423728813553
804261.3876479999,16145.288225157587,0.9730597823904926,0.000281045489219898,0.02665917212028747,14,1248,80,222,48250,6,0.3575593220338983,0.4762711864406779
804261.3876479999,16145.288225157587,0.9730597823904926,0.000281045489219898,0.02665917212028747,14,1248,80,222,48250,6,0.3575593220338983,0.48728813559322026
804261.3876479999,16145.288225157587,0.9730597823904926,0.000281045489219898,0.02665917212028747,14,1248,80,222,48250,6,0.3575593220338983,0.4983050847457626
802760.66784,16115.161758541773,0.9730597823904926,0.0004416429116312683,0.026498574697876098,22,1244,76,222,48250,10,0.3575593220338983,0.5093220338983051
802760.66784,16115.161758541773,0.9730597823904926,0.0004416429116312683,0.026498574697876098,22,1244,76,222,48250,10,0.3575593220338983,0.5203389830508474
802760.66784,16115.161758541773,0.9730597823904926,0.0004416429116312683,0.026498574697876098,22,1244,76,222,48250,10,0.3575593220338983,0.5313559322033898
802760.66784,16115.161758541773,0.9730597823904926,0.0004416429116312683,0.026498574697876098,22,1244,76,222,48250,10,0.3575593220338983,0.5423728813559321
802760.66784,16115.161758541773,0.9730597823904926,0.0004416429116312683,0.026498574697876098,22,1244,76,222,48250,10,0.3575593220338983,0.5533898305084746
802760.66784,16115.161758541773,0.9730597823904926,0.0004416429116312683,0.026498574697876098,22,1244,76,222,48250,10,0.3575593220338983,0.5644067796610168
802760.66784,16115.161758541773,0.9730597823904926,0.0004416429116312683,0.026498574697876098,22,1244,76,222,48250,10,0.3575593220338983,0.5754237288135593
802760.66784,16115.161758541773,0.9730597823904926,0.0004416429116312683,0.026498574697876098,22,1244,76,222,48250,10,0.3575593220338983,0.5864406779661016
802760.66784,16115.161758541773,0.9730597823904926,0.0004416429116312683,0.026498574697876098,22,1244,76,222,48250,10,0.3575593220338983,0.597457627118644
806752.340416,16195.293299393743,0.9730597823904926,0.0006423896896454812,0.026297827919861887,32,1238,72,222,48250,16,0.3575593220338983,0.6084745762711864
806752.340416,16195.293299393743,0.9730597823904926,0.0006423896896454812,0.026297827919861887,32,1238,72,222,48250,16,0.3575593220338983,0.6194915254237288
806752.340416,16195.293299393743,0.9730597823904926,0.0006423896896454812,0.026297827919861887,32,1238,72,222,48250,16,0.3575593220338983,0.6305084745762711
806752.340416,16195.293299393743,0.9730597823904926,0.0006423896896454812,0.026297827919861887,32,1238,72,222,48250,16,0.3575593220338983,0.6415254237288135
806752.340416,16195.293299393743,0.9730597823904926,0.0006423896896454812,0.026297827919861887,32,1238,72,222,48250,16,0.3575593220338983,0.6525423728813559
819556.4254399999,16452.33118079255,0.9730597823904926,0.0011643313124824347,0.025775886297024934,58,1221,63,222,48250,33,0.3575593220338983,0.6635593220338982
819556.4254399999,16452.33118079255,0.9730597823904926,0.0011643313124824347,0.025775886297024934,58,1221,63,222,48250,33,0.3575593220338983,0.6745762711864406
819556.4254399999,16452.33118079255,0.9730597823904926,0.0011643313124824347,0.025775886297024934,58,1221,63,222,48250,33,0.3575593220338983,0.685593220338983
819556.4254399999,16452.33118079255,0.9730597823904926,0.0011643313124824347,0.025775886297024934,58,1221,63,222,48250,33,0.3575593220338983,0.6966101694915253
819556.4254399999,16452.33118079255,0.9730597823904926,0.0011643313124824347,0.025775886297024934,58,1221,63,222,48250,33,0.3575593220338983,0.7076271186440677
828091.705696,16623.67418187658,0.9730597823904926,0.0017866463243264945,0.02515357128518087,89,1199,54,222,48250,55,0.3575593220338983,0.7186440677966102
828091.705696,16623.67418187658,0.9730597823904926,0.0017866463243264945,0.02515357128518087,89,1199,54,222,48250,55,0.3575593220338983,0.7296610169491524
828091.705696,16623.67418187658,0.9730597823904926,0.0017866463243264945,0.02515357128518087,89,1199,54,222,48250,55,0.3575593220338983,0.7406779661016949
828091.705696,16623.67418187658,0.9730597823904926,0.0017866463243264945,0.02515357128518087,89,1199,54,222,48250,55,0.3575593220338983,0.7516949152542372
828091.705696,16623.67418187658,0.9730597823904926,0.0017866463243264945,0.02515357128518087,89,1199,54,222,48250,55,0.3575593220338983,0.7627118644067796
865476.3064959999,17374.157997671336,0.9730597823904926,0.0024691853695748183,0.02447103223993255,123,1173,46,222,48250,81,0.3575593220338983,0.7737288135593219
865476.3064959999,17374.157997671336,0.9730597823904926,0.0024691853695748183,0.02447103223993255,123,1173,46,222,48250,81,0.3575593220338983,0.7847457627118644
865476.3064959999,17374.157997671336,0.9730597823904926,0.0024691853695748183,0.02447103223993255,123,1173,46,222,48250,81,0.3575593220338983,0.7957627118644066
865476.3064959999,17374.157997671336,0.9730597823904926,0.0024691853695748183,0.02447103223993255,123,1173,46,222,48250,81,0.3575593220338983,0.8067796610169491
865476.3064959999,17374.157997671336,0.9730597823904926,0.0024691853695748183,0.02447103223993255,123,1173,46,222,48250,81,0.3575593220338983,0.8177966101694913
865476.3064959999,17374.157997671336,0.9730597823904926,0.0024691853695748183,0.02447103223993255,123,1173,46,222,48250,81,0.3575593220338983,0.8288135593220338
865476.3064959999,17374.157997671336,0.9730597823904926,0.0024691853695748183,0.02447103223993255,123,1173,46,222,48250,81,0.3575593220338983,0.8398305084745761
865476.3064959999,17374.157997671336,0.9730597823904926,0.0024691853695748183,0.02447103223993255,123,1173,46,222,48250,81,0.3575593220338983,0.8508474576271186
874082.1814400001,17546.918164371462,0.9730597823904926,0.0030312763480146144,0.023908941261492754,151,1149,42,222,48250,105,0.3575593220338983,0.8618644067796608
874082.1814400001,17546.918164371462,0.9730597823904926,0.0030312763480146144,0.023908941261492754,151,1149,42,222,48250,105,0.3575593220338983,0.8728813559322033
874082.1814400001,17546.918164371462,0.9730597823904926,0.0030312763480146144,0.023908941261492754,151,1149,42,222,48250,105,0.3575593220338983,0.8838983050847455
874082.1814400001,17546.918164371462,0.9730597823904926,0.0030312763480146144,0.023908941261492754,151,1149,42,222,48250,105,0.3575593220338983,0.894915254237288
874082.1814400001,17546.918164371462,0.9730597823904926,0.0030312763480146144,0.023908941261492754,151,1149,42,222,48250,105,0.3575593220338983,0.9059322033898305
874082.1814400001,17546.918164371462,0.9730597823904926,0.0030312763480146144,0.023908941261492754,151,1149,42,222,48250,105,0.3575593220338983,0.9169491525423727
874082.1814400001,17546.918164371462,0.9730597823904926,0.0030312763480146144,0.023908941261492754,151,1149,42,222,48250,105,0.3575593220338983,0.9279661016949152
874082.1814400001,17546.918164371462,0.9730597823904926,0.0030312763480146144,0.023908941261492754,151,1149,42,222,48250,105,0.3575593220338983,0.9389830508474575
946725.179712,19005.202949211063,0.9730597823904926,0.005821656562412173,0.021118561047095193,290,1017,35,222,48250,237,0.3575593220338983,0.95
800026.5711999999,16060.275649415826,0.9730597823904926,0.0,0.026940217609507367,0,1254,88,222,48250,0,0.36766101694915254,0.3771186440677966
800026.5711999999,16060.275649415826,0.9730597823904926,0.0,0.026940217609507367,0,1254,88,222,48250,0,0.36766101694915254,0.38813559322033897
800026.5711999999,16060.275649415826,0.9730597823904926,0.0,0.026940217609507367,0,1254,88,222,48250,0,0.36766101694915254,0.39915254237288134
800026.5711999999,16060.275649415826,0.9730597823904926,0.0,0.026940217609507367,0,1254,88,222,48250,0,0.36766101694915254,0.4101694915254237
800026.5711999999,16060.275649415826,0.9730597823904926,0.0,0.026940217609507367,0,1254,88,222,48250,0,0.36766101694915254,0.42118644067796607
804261.3876479999,16145.288225157587,0.9730597823904926,0.000281045489219898,0.02665917212028747,14,1248,80,222,48250,6,0.36766101694915254,0.43220338983050843
804261.3876479999,16145.288225157587,0.9730597823904926,0.000281045489219898,0.02665917212028747,14,1248,80,222,48250,6,0.36766101694915254,0.4432203389830508
804261.3876479999,16145.288225157587,0.9730597823904926,0.000281045489219898,0.02665917212028747,14,1248,80,222,48250,6,0.36766101694915254,0.45423728813559316
804261.3876479999,16145.288225157587,0.9730597823904926,0.000281045489219898,0.02665917212028747,14,1248,80,222,48250,6,0.36766101694915254,0.46525423728813553
804261.3876479999,16145.288225157587,0.9730597823904926,0.000281045489219898,0.02665917212028747,14,1248,80,222,48250,6,0.36766101694915254,0.4762711864406779
804261.3876479999,16145.288225157587,0.9730597823904926,0.000281045489219898,0.02665917212028747,14,1248,80,222,48250,6,0.36766101694915254,0.48728813559322026
804261.3876479999,16145.288225157587,0.9730597823904926,0.000281045489219898,0.02665917212028747,14,1248,80,222,48250,6,0.36766101694915254,0.4983050847457626
802760.66784,16115.161758541773,0.9730597823904926,0.0004416429116312683,0.026498574697876098,22,1244,76,222,48250,10,0.36766101694915254,0.5093220338983051
802760.66784,16115.161758541773,0.9730597823904926,0.0004416429116312683,0.026498574697876098,22,1244,76,222,48250,10,0.36766101694915254,0.5203389830508474
802760.66784,16115.161758541773,0.9730597823904926,0.0004416429116312683,0.026498574697876098,22,1244,76,222,48250,10,0.36766101694915254,0.5313559322033898
802760.66784,16115.161758541773,0.9730597823904926,0.0004416429116312683,0.026498574697876098,22,1244,76,222,48250,10,0.36766101694915254,0.5423728813559321
802760.66784,16115.161758541773,0.9730597823904926,0.0004416429116312683,0.026498574697876098,22,1244,76,222,48250,10,0.36766101694915254,0.5533898305084746
802760.66784,16115.161758541773,0.9730597823904926,0.0004416429116312683,0.026498574697876098,22,1244,76,222,48250,10,0.36766101694915254,0.5644067796610168
802760.66784,16115.161758541773,0.9730597823904926,0.0004416429116312683,0.026498574697876098,22,1244,76,222,48250,10,0.36766101694915254,0.5754237288135593
802760.66784,16115.161758541773,0.9730597823904926,0.0004416429116312683,0.026498574697876098,22,1244,76,222,48250,10,0.36766101694915254,0.5864406779661016
802760.66784,16115.161758541773,0.9730597823904926,0.0004416429116312683,0.026498574697876098,22,1244,76,222,48250,10,0.36766101694915254,0.597457627118644
806752.340416,16195.293299393743,0.9730597823904926,0.0006423896896454812,0.026297827919861887,32,1238,72,222,48250,16,0.36766101694915254,0.6084745762711864
806752.340416,16195.293299393743,0.9730597823904926,0.0006423896896454812,0.026297827919861887,32,1238,72,222,48250,16,0.36766101694915254,0.6194915254237288
806752.340416,16195.293299393743,0.9730597823904926,0.0006423896896454812,0.026297827919861887,32,1238,72,222,48250,16,0.36766101694915254,0.6305084745762711
806752.340416,16195.293299393743,0.9730597823904926,0.0006423896896454812,0.026297827919861887,32,1238,72,222,48250,16,0.36766101694915254,0.6415254237288135
806752.340416,16195.293299393743,0.9730597823904926,0.0006423896896454812,0.026297827919861887,32,1238,72,222,48250,16,0.36766101694915254,0.6525423728813559
819556.4254399999,16452.33118079255,0.9730597823904926,0.0011643313124824347,0.025775886297024934,58,1221,63,222,48250,33,0.36766101694915254,0.6635593220338982
819556.4254399999,16452.33118079255,0.9730597823904926,0.0011643313124824347,0.025775886297024934,58,1221,63,222,48250,33,0.36766101694915254,0.6745762711864406
819556.4254399999,16452.33118079255,0.9730597823904926,0.0011643313124824347,0.025775886297024934,58,1221,63,222,48250,33,0.36766101694915254,0.685593220338983
819556.4254399999,16452.33118079255,0.9730597823904926,0.0011643313124824347,0.025775886297024934,58,1221,63,222,48250,33,0.36766101694915254,0.6966101694915253
819556.4254399999,16452.33118079255,0.9730597823904926,0.0011643313124824347,0.025775886297024934,58,1221,63,222,48250,33,0.36766101694915254,0.7076271186440677
828091.705696,16623.67418187658,0.9730597823904926,0.0017866463243264945,0.02515357128518087,89,1199,54,222,48250,55,0.36766101694915254,0.7186440677966102
828091.705696,16623.67418187658,0.9730597823904926,0.0017866463243264945,0.02515357128518087,89,1199,54,222,48250,55,0.36766101694915254,0.7296610169491524
828091.705696,16623.67418187658,0.9730597823904926,0.0017866463243264945,0.02515357128518087,89,1199,54,222,48250,55,0.36766101694915254,0.7406779661016949
828091.705696,16623.67418187658,0.9730597823904926,0.0017866463243264945,0.02515357128518087,89,1199,54,222,48250,55,0.36766101694915254,0.7516949152542372
828091.705696,16623.67418187658,0.9730597823904926,0.0017866463243264945,0.02515357128518087,89,1199,54,222,48250,55,0.36766101694915254,0.7627118644067796
865476.3064959999,17374.157997671336,0.9730597823904926,0.0024691853695748183,0.02447103223993255,123,1173,46,222,48250,81,0.36766101694915254,0.7737288135593219
865476.3064959999,17374.157997671336,0.9730597823904926,0.0024691853695748183,0.02447103223993255,123,1173,46,222,48250,81,0.36766101694915254,0.7847457627118644
865476.3064959999,17374.157997671336,0.9730597823904926,0.0024691853695748183,0.02447103223993255,123,1173,46,222,48250,81,0.36766101694915254,0.7957627118644066
865476.3064959999,17374.157997671336,0.9730597823904926,0.0024691853695748183,0.02447103223993255,123,1173,46,222,48250,81,0.36766101694915254,0.8067796610169491
865476.3064959999,17374.157997671336,0.9730597823904926,0.0024691853695748183,0.02447103223993255,123,1173,46,222,48250,81,0.36766101694915254,0.8177966101694913
865476.3064959999,17374.157997671336,0.9730597823904926,0.0024691853695748183,0.02447103223993255,123,1173,46,222,48250,81,0.36766101694915254,0.8288135593220338
865476.3064959999,17374.157997671336,0.9730597823904926,0.0024691853695748183,0.02447103223993255,123,1173,46,222,48250,81,0.36766101694915254,0.8398305084745761
865476.3064959999,17374.157997671336,0.9730597823904926,0.0024691853695748183,0.02447103223993255,123,1173,46,222,48250,81,0.36766101694915254,0.8508474576271186
874082.1814400001,17546.918164371462,0.9730597823904926,0.0030312763480146144,0.023908941261492754,151,1149,42,222,48250,105,0.36766101694915254,0.8618644067796608
874082.1814400001,17546.918164371462,0.9730597823904926,0.0030312763480146144,0.023908941261492754,151,1149,42,222,48250,105,0.36766101694915254,0.8728813559322033
874082.1814400001,17546.918164371462,0.9730597823904926,0.0030312763480146144,0.023908941261492754,151,1149,42,222,48250,105,0.36766101694915254,0.8838983050847455
874082.1814400001,17546.918164371462,0.9730597823904926,0.0030312763480146144,0.023908941261492754,151,1149,42,222,48250,105,0.36766101694915254,0.894915254237288
874082.1814400001,17546.918164371462,0.9730597823904926,0.0030312763480146144,0.023908941261492754,151,1149,42,222,48250,105,0.36766101694915254,0.9059322033898305
874082.1814400001,17546.918164371462,0.9730597823904926,0.0030312763480146144,0.023908941261492754,151,1149,42,222,48250,105,0.36766101694915254,0.9169491525423727
874082.1814400001,17546.918164371462,0.9730597823904926,0.0030312763480146144,0.023908941261492754,151,1149,42,222,48250,105,0.36766101694915254,0.9279661016949152
874082.1814400001,17546.918164371462,0.9730597823904926,0.0030312763480146144,0.023908941261492754,151,1149,42,222,48250,105,0.36766101694915254,0.9389830508474575
946725.179712,19005.202949211063,0.9730597823904926,0.005821656562412173,0.021118561047095193,290,1017,35,222,48250,237,0.36766101694915254,0.95
800026.5711999999,16060.275649415826,0.9730597823904926,0.0,0.026940217609507367,0,1254,88,222,48250,0,0.37776271186440674,0.38813559322033897
800026.5711999999,16060.275649415826,0.9730597823904926,0.0,0.026940217609507367,0,1254,88,222,48250,0,0.37776271186440674,0.39915254237288134
800026.5711999999,16060.275649415826,0.9730597823904926,0.0,0.026940217609507367,0,1254,88,222,48250,0,0.37776271186440674,0.4101694915254237
800026.5711999999,16060.275649415826,0.9730597823904926,0.0,0.026940217609507367,0,1254,88,222,48250,0,0.37776271186440674,0.42118644067796607
804261.3876479999,16145.288225157587,0.9730597823904926,0.000281045489219898,0.02665917212028747,14,1248,80,222,48250,6,0.37776271186440674,0.43220338983050843
804261.3876479999,16145.288225157587,0.9730597823904926,0.000281045489219898,0.02665917212028747,14,1248,80,222,48250,6,0.37776271186440674,0.4432203389830508
804261.3876479999,16145.288225157587,0.9730597823904926,0.000281045489219898,0.02665917212028747,14,1248,80,222,48250,6,0.37776271186440674,0.45423728813559316
804261.3876479999,16145.288225157587,0.9730597823904926,0.000281045489219898,0.02665917212028747,14,1248,80,222,48250,6,0.37776271186440674,0.46525423728813553
804261.3876479999,16145.288225157587,0.9730597823904926,0.000281045489219898,0.02665917212028747,14,1248,80,222,48250,6,0.37776271186440674,0.4762711864406779
804261.3876479999,16145.288225157587,0.9730597823904926,0.000281045489219898,0.02665917212028747,14,1248,80,222,48250,6,0.37776271186440674,0.48728813559322026
804261.3876479999,16145.288225157587,0.9730597823904926,0.000281045489219898,0.02665917212028747,14,1248,80,222,48250,6,0.37776271186440674,0.4983050847457626
802760.66784,16115.161758541773,0.9730597823904926,0.0004416429116312683,0.026498574697876098,22,1244,76,222,48250,10,0.37776271186440674,0.5093220338983051
802760.66784,16115.161758541773,0.9730597823904926,0.0004416429116312683,0.026498574697876098,22,1244,76,222,48250,10,0.37776271186440674,0.5203389830508474
802760.66784,16115.161758541773,0.9730597823904926,0.0004416429116312683,0.026498574697876098,22,1244,76,222,48250,10,0.37776271186440674,0.5313559322033898
802760.66784,16115.161758541773,0.9730597823904926,0.0004416429116312683,0.026498574697876098,22,1244,76,222,48250,10,0.37776271186440674,0.5423728813559321
802760.66784,16115.161758541773,0.9730597823904926,0.0004416429116312683,0.026498574697876098,22,1244,76,222,48250,10,0.37776271186440674,0.5533898305084746
802760.66784,16115.161758541773,0.9730597823904926,0.0004416429116312683,0.026498574697876098,22,1244,76,222,48250,10,0.37776271186440674,0.5644067796610168
802760.66784,16115.161758541773,0.9730597823904926,0.0004416429116312683,0.026498574697876098,22,1244,76,222,48250,10,0.37776271186440674,0.5754237288135593
802760.66784,16115.161758541773,0.9730597823904926,0.0004416429116312683,0.026498574697876098,22,1244,76,222,48250,10,0.37776271186440674,0.5864406779661016
802760.66784,16115.161758541773,0.9730597823904926,0.0004416429116312683,0.026498574697876098,22,1244,76,222,48250,10,0.37776271186440674,0.597457627118644
806752.340416,16195.293299393743,0.9730597823904926,0.0006423896896454812,0.026297827919861887,32,1238,72,222,48250,16,0.37776271186440674,0.6084745762711864
806752.340416,16195.293299393743,0.9730597823904926,0.0006423896896454812,0.026297827919861887,32,1238,72,222,48250,16,0.37776271186440674,0.6194915254237288
806752.340416,16195.293299393743,0.9730597823904926,0.0006423896896454812,0.026297827919861887,32,1238,72,222,48250,16,0.37776271186440674,0.6305084745762711
806752.340416,16195.293299393743,0.9730597823904926,0.0006423896896454812,0.026297827919861887,32,1238,72,222,48250,16,0.37776271186440674,0.6415254237288135
806752.340416,16195.293299393743,0.9730597823904926,0.0006423896896454812,0.026297827919861887,32,1238,72,222,48250,16,0.37776271186440674,0.6525423728813559
819556.4254399999,16452.33118079255,0.9730597823904926,0.0011643313124824347,0.025775886297024934,58,1221,63,222,48250,33,0.37776271186440674,0.6635593220338982
819556.4254399999,16452.33118079255,0.9730597823904926,0.0011643313124824347,0.025775886297024934,58,1221,63,222,48250,33,0.37776271186440674,0.6745762711864406
819556.4254399999,16452.33118079255,0.9730597823904926,0.0011643313124824347,0.025775886297024934,58,1221,63,222,48250,33,0.37776271186440674,0.685593220338983
819556.4254399999,16452.33118079255,0.9730597823904926,0.0011643313124824347,0.025775886297024934,58,1221,63,222,48250,33,0.37776271186440674,0.6966101694915253
819556.4254399999,16452.33118079255,0.9730597823904926,0.0011643313124824347,0.025775886297024934,58,1221,63,222,48250,33,0.37776271186440674,0.7076271186440677
828091.705696,16623.67418187658,0.9730597823904926,0.0017866463243264945,0.02515357128518087,89,1199,54,222,48250,55,0.37776271186440674,0.7186440677966102
828091.705696,16623.67418187658,0.9730597823904926,0.0017866463243264945,0.02515357128518087,89,1199,54,222,48250,55,0.37776271186440674,0.7296610169491524
828091.705696,16623.67418187658,0.9730597823904926,0.0017866463243264945,0.02515357128518087,89,1199,54,222,48250,55,0.37776271186440674,0.7406779661016949
828091.705696,16623.67418187658,0.9730597823904926,0.0017866463243264945,0.02515357128518087,89,1199,54,222,48250,55,0.37776271186440674,0.7516949152542372
828091.705696,16623.67418187658,0.9730597823904926,0.0017866463243264945,0.02515357128518087,89,1199,54,222,48250,55,0.37776271186440674,0.7627118644067796
865476.3064959999,17374.157997671336,0.9730597823904926,0.0024691853695748183,0.02447103223993255,123,1173,46,222,48250,81,0.37776271186440674,0.7737288135593219
865476.3064959999,17374.157997671336,0.9730597823904926,0.0024691853695748183,0.02447103223993255,123,1173,46,222,48250,81,0.37776271186440674,0.7847457627118644
865476.3064959999,17374.157997671336,0.9730597823904926,0.0024691853695748183,0.02447103223993255,123,1173,46,222,48250,81,0.37776271186440674,0.7957627118644066
865476.3064959999,17374.157997671336,0.9730597823904926,0.0024691853695748183,0.02447103223993255,123,1173,46,222,48250,81,0.37776271186440674,0.8067796610169491
865476.3064959999,17374.157997671336,0.9730597823904926,0.0024691853695748183,0.02447103223993255,123,1173,46,222,48250,81,0.37776271186440674,0.8177966101694913
865476.3064959999,17374.157997671336,0.9730597823904926,0.0024691853695748183,0.02447103223993255,123,1173,46,222,48250,81,0.37776271186440674,0.8288135593220338
865476.3064959999,17374.157997671336,0.9730597823904926,0.0024691853695748183,0.02447103223993255,123,1173,46,222,48250,81,0.37776271186440674,0.8398305084745761
865476.3064959999,17374.157997671336,0.9730597823904926,0.0024691853695748183,0.02447103223993255,123,1173,46,222,48250,81,0.37776271186440674,0.8508474576271186
874082.1814400001,17546.918164371462,0.9730597823904926,0.0030312763480146144,0.023908941261492754,151,1149,42,222,48250,105,0.37776271186440674,0.8618644067796608
874082.1814400001,17546.918164371462,0.9730597823904926,0.0030312763480146144,0.023908941261492754,151,1149,42,222,48250,105,0.37776271186440674,0.8728813559322033
874082.1814400001,17546.918164371462,0.9730597823904926,0.0030312763480146144,0.023908941261492754,151,1149,42,222,48250,105,0.37776271186440674,0.8838983050847455
874082.1814400001,17546.918164371462,0.9730597823904926,0.0030312763480146144,0.023908941261492754,151,1149,42,222,48250,105,0.37776271186440674,0.894915254237288
874082.1814400001,17546.918164371462,0.9730597823904926,0.0030312763480146144,0.023908941261492754,151,1149,42,222,48250,105,0.37776271186440674,0.9059322033898305
874082.1814400001,17546.918164371462,0.9730597823904926,0.0030312763480146144,0.023908941261492754,151,1149,42,222,48250,105,0.37776271186440674,0.9169491525423727
874082.1814400001,17546.918164371462,0.9730597823904926,0.0030312763480146144,0.023908941261492754,151,1149,42,222,48250,105,0.37776271186440674,0.9279661016949152
874082.1814400001,17546.918164371462,0.9730597823904926,0.0030312763480146144,0.023908941261492754,151,1149,42,222,48250,105,0.37776271186440674,0.9389830508474575
946725.179712,19005.202949211063,0.9730597823904926,0.005821656562412173,0.021118561047095193,290,1017,35,222,48250,237,0.37776271186440674,0.95
800026.5711999999,16060.275649415826,0.9730597823904926,0.0,0.026940217609507367,0,1254,88,222,48250,0,0.387864406779661,0.38813559322033897
800026.5711999999,16060.275649415826,0.9730597823904926,0.0,0.026940217609507367,0,1254,88,222,48250,0,0.387864406779661,0.39915254237288134
800026.5711999999,16060.275649415826,0.9730597823904926,0.0,0.026940217609507367,0,1254,88,222,48250,0,0.387864406779661,0.4101694915254237
800026.5711999999,16060.275649415826,0.9730597823904926,0.0,0.026940217609507367,0,1254,88,222,48250,0,0.387864406779661,0.42118644067796607
804261.3876479999,16145.288225157587,0.9730597823904926,0.000281045489219898,0.02665917212028747,14,1248,80,222,48250,6,0.387864406779661,0.43220338983050843
804261.3876479999,16145.288225157587,0.9730597823904926,0.000281045489219898,0.02665917212028747,14,1248,80,222,48250,6,0.387864406779661,0.4432203389830508
804261.3876479999,16145.288225157587,0.9730597823904926,0.000281045489219898,0.02665917212028747,14,1248,80,222,48250,6,0.387864406779661,0.45423728813559316
804261.3876479999,16145.288225157587,0.9730597823904926,0.000281045489219898,0.02665917212028747,14,1248,80,222,48250,6,0.387864406779661,0.46525423728813553
804261.3876479999,16145.288225157587,0.9730597823904926,0.000281045489219898,0.02665917212028747,14,1248,80,222,48250,6,0.387864406779661,0.4762711864406779
804261.3876479999,16145.288225157587,0.9730597823904926,0.000281045489219898,0.02665917212028747,14,1248,80,222,48250,6,0.387864406779661,0.48728813559322026
804261.3876479999,16145.288225157587,0.9730597823904926,0.000281045489219898,0.02665917212028747,14,1248,80,222,48250,6,0.387864406779661,0.4983050847457626
802760.66784,16115.161758541773,0.9730597823904926,0.0004416429116312683,0.026498574697876098,22,1244,76,222,48250,10,0.387864406779661,0.5093220338983051
802760.66784,16115.161758541773,0.9730597823904926,0.0004416429116312683,0.026498574697876098,22,1244,76,222,48250,10,0.387864406779661,0.5203389830508474
802760.66784,16115.161758541773,0.9730597823904926,0.0004416429116312683,0.026498574697876098,22,1244,76,222,48250,10,0.387864406779661,0.5313559322033898
802760.66784,16115.161758541773,0.9730597823904926,0.0004416429116312683,0.026498574697876098,22,1244,76,222,48250,10,0.387864406779661,0.5423728813559321
802760.66784,16115.161758541773,0.9730597823904926,0.0004416429116312683,0.026498574697876098,22,1244,76,222,48250,10,0.387864406779661,0.5533898305084746
802760.66784,16115.161758541773,0.9730597823904926,0.0004416429116312683,0.026498574697876098,22,1244,76,222,48250,10,0.387864406779661,0.5644067796610168
802760.66784,16115.161758541773,0.9730597823904926,0.0004416429116312683,0.026498574697876098,22,1244,76,222,48250,10,0.387864406779661,0.5754237288135593
802760.66784,16115.161758541773,0.9730597823904926,0.0004416429116312683,0.026498574697876098,22,1244,76,222,48250,10,0.387864406779661,0.5864406779661016
802760.66784,16115.161758541773,0.9730597823904926,0.0004416429116312683,0.026498574697876098,22,1244,76,222,48250,10,0.387864406779661,0.597457627118644
806752.340416,16195.293299393743,0.9730597823904926,0.0006423896896454812,0.026297827919861887,32,1238,72,222,48250,16,0.387864406779661,0.6084745762711864
806752.340416,16195.293299393743,0.9730597823904926,0.0006423896896454812,0.026297827919861887,32,1238,72,222,48250,16,0.387864406779661,0.6194915254237288
806752.340416,16195.293299393743,0.9730597823904926,0.0006423896896454812,0.026297827919861887,32,1238,72,222,48250,16,0.387864406779661,0.6305084745762711
806752.340416,16195.293299393743,0.9730597823904926,0.0006423896896454812,0.026297827919861887,32,1238,72,222,48250,16,0.387864406779661,0.6415254237288135
806752.340416,16195.293299393743,0.9730597823904926,0.0006423896896454812,0.026297827919861887,32,1238,72,222,48250,16,0.387864406779661,0.6525423728813559
819556.4254399999,16452.33118079255,0.9730597823904926,0.0011643313124824347,0.025775886297024934,58,1221,63,222,48250,33,0.387864406779661,0.6635593220338982
819556.4254399999,16452.33118079255,0.9730597823904926,0.0011643313124824347,0.025775886297024934,58,1221,63,222,48250,33,0.387864406779661,0.6745762711864406
819556.4254399999,16452.33118079255,0.9730597823904926,0.0011643313124824347,0.025775886297024934,58,1221,63,222,48250,33,0.387864406779661,0.685593220338983
819556.4254399999,16452.33118079255,0.9730597823904926,0.0011643313124824347,0.025775886297024934,58,1221,63,222,48250,33,0.387864406779661,0.6966101694915253
819556.4254399999,16452.33118079255,0.9730597823904926,0.0011643313124824347,0.025775886297024934,58,1221,63,222,48250,33,0.387864406779661,0.7076271186440677
828091.705696,16623.67418187658,0.9730597823904926,0.0017866463243264945,0.02515357128518087,89,1199,54,222,48250,55,0.387864406779661,0.7186440677966102
828091.705696,16623.67418187658,0.9730597823904926,0.0017866463243264945,0.02515357128518087,89,1199,54,222,48250,55,0.387864406779661,0.7296610169491524
828091.705696,16623.67418187658,0.9730597823904926,0.0017866463243264945,0.02515357128518087,89,1199,54,222,48250,55,0.387864406779661,0.7406779661016949
828091.705696,16623.67418187658,0.9730597823904926,0.0017866463243264945,0.02515357128518087,89,1199,54,222,48250,55,0.387864406779661,0.7516949152542372
828091.705696,16623.67418187658,0.9730597823904926,0.0017866463243264945,0.02515357128518087,89,1199,54,222,48250,55,0.387864406779661,0.7627118644067796
865476.3064959999,17374.157997671336,0.9730597823904926,0.0024691853695748183,0.02447103223993255,123,1173,46,222,48250,81,0.387864406779661,0.7737288135593219
865476.3064959999,17374.157997671336,0.9730597823904926,0.0024691853695748183,0.02447103223993255,123,1173,46,222,48250,81,0.387864406779661,0.7847457627118644
865476.3064959999,17374.157997671336,0.9730597823904926,0.0024691853695748183,0.02447103223993255,123,1173,46,222,48250,81,0.387864406779661,0.7957627118644066
865476.3064959999,17374.157997671336,0.9730597823904926,0.0024691853695748183,0.02447103223993255,123,1173,46,222,48250,81,0.387864406779661,0.8067796610169491
865476.3064959999,17374.157997671336,0.9730597823904926,0.0024691853695748183,0.02447103223993255,123,1173,46,222,48250,81,0.387864406779661,0.8177966101694913
865476.3064959999,17374.157997671336,0.9730597823904926,0.0024691853695748183,0.02447103223993255,123,1173,46,222,48250,81,0.387864406779661,0.8288135593220338
865476.3064959999,17374.157997671336,0.9730597823904926,0.0024691853695748183,0.02447103223993255,123,1173,46,222,48250,81,0.387864406779661,0.8398305084745761
865476.3064959999,17374.157997671336,0.9730597823904926,0.0024691853695748183,0.02447103223993255,123,1173,46,222,48250,81,0.387864406779661,0.8508474576271186
874082.1814400001,17546.918164371462,0.9730597823904926,0.0030312763480146144,0.023908941261492754,151,1149,42,222,48250,105,0.387864406779661,0.8618644067796608
874082.1814400001,17546.918164371462,0.9730597823904926,0.0030312763480146144,0.023908941261492754,151,1149,42,222,48250,105,0.387864406779661,0.8728813559322033
874082.1814400001,17546.918164371462,0.9730597823904926,0.0030312763480146144,0.023908941261492754,151,1149,42,222,48250,105,0.387864406779661,0.8838983050847455
874082.1814400001,17546.918164371462,0.9730597823904926,0.0030312763480146144,0.023908941261492754,151,1149,42,222,48250,105,0.387864406779661,0.894915254237288
874082.1814400001,17546.918164371462,0.9730597823904926,0.0030312763480146144,0.023908941261492754,151,1149,42,222,48250,105,0.387864406779661,0.9059322033898305
874082.1814400001,17546.918164371462,0.9730597823904926,0.0030312763480146144,0.023908941261492754,151,1149,42,222,48250,105,0.387864406779661,0.9169491525423727
874082.1814400001,17546.918164371462,0.9730597823904926,0.0030312763480146144,0.023908941261492754,151,1149,42,222,48250,105,0.387864406779661,0.9279661016949152
874082.1814400001,17546.918164371462,0.9730597823904926,0.0030312763480146144,0.023908941261492754,151,1149,42,222,48250,105,0.387864406779661,0.9389830508474575
946725.179712,19005.202949211063,0.9730597823904926,0.005821656562412173,0.021118561047095193,290,1017,35,222,48250,237,0.387864406779661,0.95
800026.5711999999,16060.275649415826,0.9730597823904926,0.0,0.026940217609507367,0,1254,88,222,48250,0,0.39796610169491525,0.39915254237288134
800026.5711999999,16060.275649415826,0.9730597823904926,0.0,0.026940217609507367,0,1254,88,222,48250,0,0.39796610169491525,0.4101694915254237
800026.5711999999,16060.275649415826,0.9730597823904926,0.0,0.026940217609507367,0,1254,88,222,48250,0,0.39796610169491525,0.42118644067796607
804261.3876479999,16145.288225157587,0.9730597823904926,0.000281045489219898,0.02665917212028747,14,1248,80,222,48250,6,0.39796610169491525,0.43220338983050843
804261.3876479999,16145.288225157587,0.9730597823904926,0.000281045489219898,0.02665917212028747,14,1248,80,222,48250,6,0.39796610169491525,0.4432203389830508
804261.3876479999,16145.288225157587,0.9730597823904926,0.000281045489219898,0.02665917212028747,14,1248,80,222,48250,6,0.39796610169491525,0.45423728813559316
804261.3876479999,16145.288225157587,0.9730597823904926,0.000281045489219898,0.02665917212028747,14,1248,80,222,48250,6,0.39796610169491525,0.46525423728813553
804261.3876479999,16145.288225157587,0.9730597823904926,0.000281045489219898,0.02665917212028747,14,1248,80,222,48250,6,0.39796610169491525,0.4762711864406779
804261.3876479999,16145.288225157587,0.9730597823904926,0.000281045489219898,0.02665917212028747,14,1248,80,222,48250,6,0.39796610169491525,0.48728813559322026
804261.3876479999,16145.288225157587,0.9730597823904926,0.000281045489219898,0.02665917212028747,14,1248,80,222,48250,6,0.39796610169491525,0.4983050847457626
802760.66784,16115.161758541773,0.9730597823904926,0.0004416429116312683,0.026498574697876098,22,1244,76,222,48250,10,0.39796610169491525,0.5093220338983051
802760.66784,16115.161758541773,0.9730597823904926,0.0004416429116312683,0.026498574697876098,22,1244,76,222,48250,10,0.39796610169491525,0.5203389830508474
802760.66784,16115.161758541773,0.9730597823904926,0.0004416429116312683,0.026498574697876098,22,1244,76,222,48250,10,0.39796610169491525,0.5313559322033898
802760.66784,16115.161758541773,0.9730597823904926,0.0004416429116312683,0.026498574697876098,22,1244,76,222,48250,10,0.39796610169491525,0.5423728813559321
802760.66784,16115.161758541773,0.9730597823904926,0.0004416429116312683,0.026498574697876098,22,1244,76,222,48250,10,0.39796610169491525,0.5533898305084746
802760.66784,16115.161758541773,0.9730597823904926,0.0004416429116312683,0.026498574697876098,22,1244,76,222,48250,10,0.39796610169491525,0.5644067796610168
802760.66784,16115.161758541773,0.9730597823904926,0.0004416429116312683,0.026498574697876098,22,1244,76,222,48250,10,0.39796610169491525,0.5754237288135593
802760.66784,16115.161758541773,0.9730597823904926,0.0004416429116312683,0.026498574697876098,22,1244,76,222,48250,10,0.39796610169491525,0.5864406779661016
802760.66784,16115.161758541773,0.9730597823904926,0.0004416429116312683,0.026498574697876098,22,1244,76,222,48250,10,0.39796610169491525,0.597457627118644
806752.340416,16195.293299393743,0.9730597823904926,0.0006423896896454812,0.026297827919861887,32,1238,72,222,48250,16,0.39796610169491525,0.6084745762711864
806752.340416,16195.293299393743,0.9730597823904926,0.0006423896896454812,0.026297827919861887,32,1238,72,222,48250,16,0.39796610169491525,0.6194915254237288
806752.340416,16195.293299393743,0.9730597823904926,0.0006423896896454812,0.026297827919861887,32,1238,72,222,48250,16,0.39796610169491525,0.6305084745762711
806752.340416,16195.293299393743,0.9730597823904926,0.0006423896896454812,0.026297827919861887,32,1238,72,222,48250,16,0.39796610169491525,0.6415254237288135
806752.340416,16195.293299393743,0.9730597823904926,0.0006423896896454812,0.026297827919861887,32,1238,72,222,48250,16,0.39796610169491525,0.6525423728813559
819556.4254399999,16452.33118079255,0.9730597823904926,0.0011643313124824347,0.025775886297024934,58,1221,63,222,48250,33,0.39796610169491525,0.6635593220338982
819556.4254399999,16452.33118079255,0.9730597823904926,0.0011643313124824347,0.025775886297024934,58,1221,63,222,48250,33,0.39796610169491525,0.6745762711864406
819556.4254399999,16452.33118079255,0.9730597823904926,0.0011643313124824347,0.025775886297024934,58,1221,63,222,48250,33,0.39796610169491525,0.685593220338983
819556.4254399999,16452.33118079255,0.9730597823904926,0.0011643313124824347,0.025775886297024934,58,1221,63,222,48250,33,0.39796610169491525,0.6966101694915253
819556.4254399999,16452.33118079255,0.9730597823904926,0.0011643313124824347,0.025775886297024934,58,1221,63,222,48250,33,0.39796610169491525,0.7076271186440677
828091.705696,16623.67418187658,0.9730597823904926,0.0017866463243264945,0.02515357128518087,89,1199,54,222,48250,55,0.39796610169491525,0.7186440677966102
828091.705696,16623.67418187658,0.9730597823904926,0.0017866463243264945,0.02515357128518087,89,1199,54,222,48250,55,0.39796610169491525,0.7296610169491524
828091.705696,16623.67418187658,0.9730597823904926,0.0017866463243264945,0.02515357128518087,89,1199,54,222,48250,55,0.39796610169491525,0.7406779661016949
828091.705696,16623.67418187658,0.9730597823904926,0.0017866463243264945,0.02515357128518087,89,1199,54,222,48250,55,0.39796610169491525,0.7516949152542372
828091.705696,16623.67418187658,0.9730597823904926,0.0017866463243264945,0.02515357128518087,89,1199,54,222,48250,55,0.39796610169491525,0.7627118644067796
865476.3064959999,17374.157997671336,0.9730597823904926,0.0024691853695748183,0.02447103223993255,123,1173,46,222,48250,81,0.39796610169491525,0.7737288135593219
865476.3064959999,17374.157997671336,0.9730597823904926,0.0024691853695748183,0.02447103223993255,123,1173,46,222,48250,81,0.39796610169491525,0.7847457627118644
865476.3064959999,17374.157997671336,0.9730597823904926,0.0024691853695748183,0.02447103223993255,123,1173,46,222,48250,81,0.39796610169491525,0.7957627118644066
865476.3064959999,17374.157997671336,0.9730597823904926,0.0024691853695748183,0.02447103223993255,123,1173,46,222,48250,81,0.39796610169491525,0.8067796610169491
865476.3064959999,17374.157997671336,0.9730597823904926,0.0024691853695748183,0.02447103223993255,123,1173,46,222,48250,81,0.39796610169491525,0.8177966101694913
865476.3064959999,17374.157997671336,0.9730597823904926,0.0024691853695748183,0.02447103223993255,123,1173,46,222,48250,81,0.39796610169491525,0.8288135593220338
865476.3064959999,17374.157997671336,0.9730597823904926,0.0024691853695748183,0.02447103223993255,123,1173,46,222,48250,81,0.39796610169491525,0.8398305084745761
865476.3064959999,17374.157997671336,0.9730597823904926,0.0024691853695748183,0.02447103223993255,123,1173,46,222,48250,81,0.39796610169491525,0.8508474576271186
874082.1814400001,17546.918164371462,0.9730597823904926,0.0030312763480146144,0.023908941261492754,151,1149,42,222,48250,105,0.39796610169491525,0.8618644067796608
874082.1814400001,17546.918164371462,0.9730597823904926,0.0030312763480146144,0.023908941261492754,151,1149,42,222,48250,105,0.39796610169491525,0.8728813559322033
874082.1814400001,17546.918164371462,0.9730597823904926,0.0030312763480146144,0.023908941261492754,151,1149,42,222,48250,105,0.39796610169491525,0.8838983050847455
874082.1814400001,17546.918164371462,0.9730597823904926,0.0030312763480146144,0.023908941261492754,151,1149,42,222,48250,105,0.39796610169491525,0.894915254237288
874082.1814400001,17546.918164371462,0.9730597823904926,0.0030312763480146144,0.023908941261492754,151,1149,42,222,48250,105,0.39796610169491525,0.9059322033898305
874082.1814400001,17546.918164371462,0.9730597823904926,0.0030312763480146144,0.023908941261492754,151,1149,42,222,48250,105,0.39796610169491525,0.9169491525423727
874082.1814400001,17546.918164371462,0.9730597823904926,0.0030312763480146144,0.023908941261492754,151,1149,42,222,48250,105,0.39796610169491525,0.9279661016949152
874082.1814400001,17546.918164371462,0.9730597823904926,0.0030312763480146144,0.023908941261492754,151,1149,42,222,48250,105,0.39796610169491525,0.9389830508474575
946725.179712,19005.202949211063,0.9730597823904926,0.005821656562412173,0.021118561047095193,290,1017,35,222,48250,237,0.39796610169491525,0.95
800026.5711999999,16060.275649415826,0.9730597823904926,0.0,0.026940217609507367,0,1254,88,222,48250,0,0.40806779661016945,0.4101694915254237
800026.5711999999,16060.275649415826,0.9730597823904926,0.0,0.026940217609507367,0,1254,88,222,48250,0,0.40806779661016945,0.42118644067796607
804261.3876479999,16145.288225157587,0.9730597823904926,0.000281045489219898,0.02665917212028747,14,1248,80,222,48250,6,0.40806779661016945,0.43220338983050843
804261.3876479999,16145.288225157587,0.9730597823904926,0.000281045489219898,0.02665917212028747,14,1248,80,222,48250,6,0.40806779661016945,0.4432203389830508
804261.3876479999,16145.288225157587,0.9730597823904926,0.000281045489219898,0.02665917212028747,14,1248,80,222,48250,6,0.40806779661016945,0.45423728813559316
804261.3876479999,16145.288225157587,0.9730597823904926,0.000281045489219898,0.02665917212028747,14,1248,80,222,48250,6,0.40806779661016945,0.46525423728813553
804261.3876479999,16145.288225157587,0.9730597823904926,0.000281045489219898,0.02665917212028747,14,1248,80,222,48250,6,0.40806779661016945,0.4762711864406779
804261.3876479999,16145.288225157587,0.9730597823904926,0.000281045489219898,0.02665917212028747,14,1248,80,222,48250,6,0.40806779661016945,0.48728813559322026
804261.3876479999,16145.288225157587,0.9730597823904926,0.000281045489219898,0.02665917212028747,14,1248,80,222,48250,6,0.40806779661016945,0.4983050847457626
802760.66784,16115.161758541773,0.9730597823904926,0.0004416429116312683,0.026498574697876098,22,1244,76,222,48250,10,0.40806779661016945,0.5093220338983051
802760.66784,16115.161758541773,0.9730597823904926,0.0004416429116312683,0.026498574697876098,22,1244,76,222,48250,10,0.40806779661016945,0.5203389830508474
802760.66784,16115.161758541773,0.9730597823904926,0.0004416429116312683,0.026498574697876098,22,1244,76,222,48250,10,0.40806779661016945,0.5313559322033898
802760.66784,16115.161758541773,0.9730597823904926,0.0004416429116312683,0.026498574697876098,22,1244,76,222,48250,10,0.40806779661016945,0.5423728813559321
802760.66784,16115.161758541773,0.9730597823904926,0.0004416429116312683,0.026498574697876098,22,1244,76,222,48250,10,0.40806779661016945,0.5533898305084746
802760.66784,16115.161758541773,0.9730597823904926,0.0004416429116312683,0.026498574697876098,22,1244,76,222,48250,10,0.40806779661016945,0.5644067796610168
802760.66784,16115.161758541773,0.9730597823904926,0.0004416429116312683,0.026498574697876098,22,1244,76,222,48250,10,0.40806779661016945,0.5754237288135593
802760.66784,16115.161758541773,0.9730597823904926,0.0004416429116312683,0.026498574697876098,22,1244,76,222,48250,10,0.40806779661016945,0.5864406779661016
802760.66784,16115.161758541773,0.9730597823904926,0.0004416429116312683,0.026498574697876098,22,1244,76,222,48250,10,0.40806779661016945,0.597457627118644
806752.340416,16195.293299393743,0.9730597823904926,0.0006423896896454812,0.026297827919861887,32,1238,72,222,48250,16,0.40806779661016945,0.6084745762711864
806752.340416,16195.293299393743,0.9730597823904926,0.0006423896896454812,0.026297827919861887,32,1238,72,222,48250,16,0.40806779661016945,0.6194915254237288
806752.340416,16195.293299393743,0.9730597823904926,0.0006423896896454812,0.026297827919861887,32,1238,72,222,48250,16,0.40806779661016945,0.6305084745762711
806752.340416,16195.293299393743,0.9730597823904926,0.0006423896896454812,0.026297827919861887,32,1238,72,222,48250,16,0.40806779661016945,0.6415254237288135
806752.340416,16195.293299393743,0.9730597823904926,0.0006423896896454812,0.026297827919861887,32,1238,72,222,48250,16,0.40806779661016945,0.6525423728813559
819556.4254399999,16452.33118079255,0.9730597823904926,0.0011643313124824347,0.025775886297024934,58,1221,63,222,48250,33,0.40806779661016945,0.6635593220338982
819556.4254399999,16452.33118079255,0.9730597823904926,0.0011643313124824347,0.025775886297024934,58,1221,63,222,48250,33,0.40806779661016945,0.6745762711864406
819556.4254399999,16452.33118079255,0.9730597823904926,0.0011643313124824347,0.025775886297024934,58,1221,63,222,48250,33,0.40806779661016945,0.685593220338983
819556.4254399999,16452.33118079255,0.9730597823904926,0.0011643313124824347,0.025775886297024934,58,1221,63,222,48250,33,0.40806779661016945,0.6966101694915253
819556.4254399999,16452.33118079255,0.9730597823904926,0.0011643313124824347,0.025775886297024934,58,1221,63,222,48250,33,0.40806779661016945,0.7076271186440677
828091.705696,16623.67418187658,0.9730597823904926,0.0017866463243264945,0.02515357128518087,89,1199,54,222,48250,55,0.40806779661016945,0.7186440677966102
828091.705696,16623.67418187658,0.9730597823904926,0.0017866463243264945,0.02515357128518087,89,1199,54,222,48250,55,0.40806779661016945,0.7296610169491524
828091.705696,16623.67418187658,0.9730597823904926,0.0017866463243264945,0.02515357128518087,89,1199,54,222,48250,55,0.40806779661016945,0.7406779661016949
828091.705696,16623.67418187658,0.9730597823904926,0.0017866463243264945,0.02515357128518087,89,1199,54,222,48250,55,0.40806779661016945,0.7516949152542372
828091.705696,16623.67418187658,0.9730597823904926,0.0017866463243264945,0.02515357128518087,89,1199,54,222,48250,55,0.40806779661016945,0.7627118644067796
865476.3064959999,17374.157997671336,0.9730597823904926,0.0024691853695748183,0.02447103223993255,123,1173,46,222,48250,81,0.40806779661016945,0.7737288135593219
865476.3064959999,17374.157997671336,0.9730597823904926,0.0024691853695748183,0.02447103223993255,123,1173,46,222,48250,81,0.40806779661016945,0.7847457627118644
865476.3064959999,17374.157997671336,0.9730597823904926,0.0024691853695748183,0.02447103223993255,123,1173,46,222,48250,81,0.40806779661016945,0.7957627118644066
865476.3064959999,17374.157997671336,0.9730597823904926,0.0024691853695748183,0.02447103223993255,123,1173,46,222,48250,81,0.40806779661016945,0.8067796610169491
865476.3064959999,17374.157997671336,0.9730597823904926,0.0024691853695748183,0.02447103223993255,123,1173,46,222,48250,81,0.40806779661016945,0.8177966101694913
865476.3064959999,17374.157997671336,0.9730597823904926,0.0024691853695748183,0.02447103223993255,123,1173,46,222,48250,81,0.40806779661016945,0.8288135593220338
865476.3064959999,17374.157997671336,0.9730597823904926,0.0024691853695748183,0.02447103223993255,123,1173,46,222,48250,81,0.40806779661016945,0.8398305084745761
865476.3064959999,17374.157997671336,0.9730597823904926,0.0024691853695748183,0.02447103223993255,123,1173,46,222,48250,81,0.40806779661016945,0.8508474576271186
874082.1814400001,17546.918164371462,0.9730597823904926,0.0030312763480146144,0.023908941261492754,151,1149,42,222,48250,105,0.40806779661016945,0.8618644067796608
874082.1814400001,17546.918164371462,0.9730597823904926,0.0030312763480146144,0.023908941261492754,151,1149,42,222,48250,105,0.40806779661016945,0.8728813559322033
874082.1814400001,17546.918164371462,0.9730597823904926,0.0030312763480146144,0.023908941261492754,151,1149,42,222,48250,105,0.40806779661016945,0.8838983050847455
874082.1814400001,17546.918164371462,0.9730597823904926,0.0030312763480146144,0.023908941261492754,151,1149,42,222,48250,105,0.40806779661016945,0.894915254237288
874082.1814400001,17546.918164371462,0.9730597823904926,0.0030312763480146144,0.023908941261492754,151,1149,42,222,48250,105,0.40806779661016945,0.9059322033898305
874082.1814400001,17546.918164371462,0.9730597823904926,0.0030312763480146144,0.023908941261492754,151,1149,42,222,48250,105,0.40806779661016945,0.9169491525423727
874082.1814400001,17546.918164371462,0.9730597823904926,0.0030312763480146144,0.023908941261492754,151,1149,42,222,48250,105,0.40806779661016945,0.9279661016949152
874082.1814400001,17546.918164371462,0.9730597823904926,0.0030312763480146144,0.023908941261492754,151,1149,42,222,48250,105,0.40806779661016945,0.9389830508474575
946725.179712,19005.202949211063,0.9730597823904926,0.005821656562412173,0.021118561047095193,290,1017,35,222,48250,237,0.40806779661016945,0.95
800026.5711999999,16060.275649415826,0.9730597823904926,0.0,0.026940217609507367,0,1254,88,222,48250,0,0.4181694915254237,0.42118644067796607
804261.3876479999,16145.288225157587,0.9730597823904926,0.000281045489219898,0.02665917212028747,14,1248,80,222,48250,6,0.4181694915254237,0.43220338983050843
804261.3876479999,16145.288225157587,0.9730597823904926,0.000281045489219898,0.02665917212028747,14,1248,80,222,48250,6,0.4181694915254237,0.4432203389830508
804261.3876479999,16145.288225157587,0.9730597823904926,0.000281045489219898,0.02665917212028747,14,1248,80,222,48250,6,0.4181694915254237,0.45423728813559316
804261.3876479999,16145.288225157587,0.9730597823904926,0.000281045489219898,0.02665917212028747,14,1248,80,222,48250,6,0.4181694915254237,0.46525423728813553
804261.3876479999,16145.288225157587,0.9730597823904926,0.000281045489219898,0.02665917212028747,14,1248,80,222,48250,6,0.4181694915254237,0.4762711864406779
804261.3876479999,16145.288225157587,0.9730597823904926,0.000281045489219898,0.02665917212028747,14,1248,80,222,48250,6,0.4181694915254237,0.48728813559322026
804261.3876479999,16145.288225157587,0.9730597823904926,0.000281045489219898,0.02665917212028747,14,1248,80,222,48250,6,0.4181694915254237,0.4983050847457626
802760.66784,16115.161758541773,0.9730597823904926,0.0004416429116312683,0.026498574697876098,22,1244,76,222,48250,10,0.4181694915254237,0.5093220338983051
802760.66784,16115.161758541773,0.9730597823904926,0.0004416429116312683,0.026498574697876098,22,1244,76,222,48250,10,0.4181694915254237,0.5203389830508474
802760.66784,16115.161758541773,0.9730597823904926,0.0004416429116312683,0.026498574697876098,22,1244,76,222,48250,10,0.4181694915254237,0.5313559322033898
802760.66784,16115.161758541773,0.9730597823904926,0.0004416429116312683,0.026498574697876098,22,1244,76,222,48250,10,0.4181694915254237,0.5423728813559321
802760.66784,16115.161758541773,0.9730597823904926,0.0004416429116312683,0.026498574697876098,22,1244,76,222,48250,10,0.4181694915254237,0.5533898305084746
802760.66784,16115.161758541773,0.9730597823904926,0.0004416429116312683,0.026498574697876098,22,1244,76,222,48250,10,0.4181694915254237,0.5644067796610168
802760.66784,16115.161758541773,0.9730597823904926,0.0004416429116312683,0.026498574697876098,22,1244,76,222,48250,10,0.4181694915254237,0.5754237288135593
802760.66784,16115.161758541773,0.9730597823904926,0.0004416429116312683,0.026498574697876098,22,1244,76,222,48250,10,0.4181694915254237,0.5864406779661016
802760.66784,16115.161758541773,0.9730597823904926,0.0004416429116312683,0.026498574697876098,22,1244,76,222,48250,10,0.4181694915254237,0.597457627118644
806752.340416,16195.293299393743,0.9730597823904926,0.0006423896896454812,0.026297827919861887,32,1238,72,222,48250,16,0.4181694915254237,0.6084745762711864
806752.340416,16195.293299393743,0.9730597823904926,0.0006423896896454812,0.026297827919861887,32,1238,72,222,48250,16,0.4181694915254237,0.6194915254237288
806752.340416,16195.293299393743,0.9730597823904926,0.0006423896896454812,0.026297827919861887,32,1238,72,222,48250,16,0.4181694915254237,0.6305084745762711
806752.340416,16195.293299393743,0.9730597823904926,0.0006423896896454812,0.026297827919861887,32,1238,72,222,48250,16,0.4181694915254237,0.6415254237288135
806752.340416,16195.293299393743,0.9730597823904926,0.0006423896896454812,0.026297827919861887,32,1238,72,222,48250,16,0.4181694915254237,0.6525423728813559
819556.4254399999,16452.33118079255,0.9730597823904926,0.0011643313124824347,0.025775886297024934,58,1221,63,222,48250,33,0.4181694915254237,0.6635593220338982
819556.4254399999,16452.33118079255,0.9730597823904926,0.0011643313124824347,0.025775886297024934,58,1221,63,222,48250,33,0.4181694915254237,0.6745762711864406
819556.4254399999,16452.33118079255,0.9730597823904926,0.0011643313124824347,0.025775886297024934,58,1221,63,222,48250,33,0.4181694915254237,0.685593220338983
819556.4254399999,16452.33118079255,0.9730597823904926,0.0011643313124824347,0.025775886297024934,58,1221,63,222,48250,33,0.4181694915254237,0.6966101694915253
819556.4254399999,16452.33118079255,0.9730597823904926,0.0011643313124824347,0.025775886297024934,58,1221,63,222,48250,33,0.4181694915254237,0.7076271186440677
828091.705696,16623.67418187658,0.9730597823904926,0.0017866463243264945,0.02515357128518087,89,1199,54,222,48250,55,0.4181694915254237,0.7186440677966102
828091.705696,16623.67418187658,0.9730597823904926,0.0017866463243264945,0.02515357128518087,89,1199,54,222,48250,55,0.4181694915254237,0.7296610169491524
828091.705696,16623.67418187658,0.9730597823904926,0.0017866463243264945,0.02515357128518087,89,1199,54,222,48250,55,0.4181694915254237,0.7406779661016949
828091.705696,16623.67418187658,0.9730597823904926,0.0017866463243264945,0.02515357128518087,89,1199,54,222,48250,55,0.4181694915254237,0.7516949152542372
828091.705696,16623.67418187658,0.9730597823904926,0.0017866463243264945,0.02515357128518087,89,1199,54,222,48250,55,0.4181694915254237,0.7627118644067796
865476.3064959999,17374.157997671336,0.9730597823904926,0.0024691853695748183,0.02447103223993255,123,1173,46,222,48250,81,0.4181694915254237,0.7737288135593219
865476.3064959999,17374.157997671336,0.9730597823904926,0.0024691853695748183,0.02447103223993255,123,1173,46,222,48250,81,0.4181694915254237,0.7847457627118644
865476.3064959999,17374.157997671336,0.9730597823904926,0.0024691853695748183,0.02447103223993255,123,1173,46,222,48250,81,0.4181694915254237,0.7957627118644066
865476.3064959999,17374.157997671336,0.9730597823904926,0.0024691853695748183,0.02447103223993255,123,1173,46,222,48250,81,0.4181694915254237,0.8067796610169491
865476.3064959999,17374.157997671336,0.9730597823904926,0.0024691853695748183,0.02447103223993255,123,1173,46,222,48250,81,0.4181694915254237,0.8177966101694913
865476.3064959999,17374.157997671336,0.9730597823904926,0.0024691853695748183,0.02447103223993255,123,1173,46,222,48250,81,0.4181694915254237,0.8288135593220338
865476.3064959999,17374.157997671336,0.9730597823904926,0.0024691853695748183,0.02447103223993255,123,1173,46,222,48250,81,0.4181694915254237,0.8398305084745761
865476.3064959999,17374.157997671336,0.9730597823904926,0.0024691853695748183,0.02447103223993255,123,1173,46,222,48250,81,0.4181694915254237,0.8508474576271186
874082.1814400001,17546.918164371462,0.9730597823904926,0.0030312763480146144,0.023908941261492754,151,1149,42,222,48250,105,0.4181694915254237,0.8618644067796608
874082.1814400001,17546.918164371462,0.9730597823904926,0.0030312763480146144,0.023908941261492754,151,1149,42,222,48250,105,0.4181694915254237,0.8728813559322033
874082.1814400001,17546.918164371462,0.9730597823904926,0.0030312763480146144,0.023908941261492754,151,1149,42,222,48250,105,0.4181694915254237,0.8838983050847455
874082.1814400001,17546.918164371462,0.9730597823904926,0.0030312763480146144,0.023908941261492754,151,1149,42,222,48250,105,0.4181694915254237,0.894915254237288
874082.1814400001,17546.918164371462,0.9730597823904926,0.0030312763480146144,0.023908941261492754,151,1149,42,222,48250,105,0.4181694915254237,0.9059322033898305
874082.1814400001,17546.918164371462,0.9730597823904926,0.0030312763480146144,0.023908941261492754,151,1149,42,222,48250,105,0.4181694915254237,0.9169491525423727
874082.1814400001,17546.918164371462,0.9730597823904926,0.0030312763480146144,0.023908941261492754,151,1149,42,222,48250,105,0.4181694915254237,0.9279661016949152
874082.1814400001,17546.918164371462,0.9730597823904926,0.0030312763480146144,0.023908941261492754,151,1149,42,222,48250,105,0.4181694915254237,0.9389830508474575
946725.179712,19005.202949211063,0.9730597823904926,0.005821656562412173,0.021118561047095193,290,1017,35,222,48250,237,0.4181694915254237,0.95
804261.3876479999,16145.288225157587,0.9730597823904926,0.000281045489219898,0.02665917212028747,14,1248,80,222,48250,6,0.42827118644067796,0.43220338983050843
804261.3876479999,16145.288225157587,0.9730597823904926,0.000281045489219898,0.02665917212028747,14,1248,80,222,48250,6,0.42827118644067796,0.4432203389830508
804261.3876479999,16145.288225157587,0.9730597823904926,0.000281045489219898,0.02665917212028747,14,1248,80,222,48250,6,0.42827118644067796,0.45423728813559316
804261.3876479999,16145.288225157587,0.9730597823904926,0.000281045489219898,0.02665917212028747,14,1248,80,222,48250,6,0.42827118644067796,0.46525423728813553
804261.3876479999,16145.288225157587,0.9730597823904926,0.000281045489219898,0.02665917212028747,14,1248,80,222,48250,6,0.42827118644067796,0.4762711864406779
804261.3876479999,16145.288225157587,0.9730597823904926,0.000281045489219898,0.02665917212028747,14,1248,80,222,48250,6,0.42827118644067796,0.48728813559322026
804261.3876479999,16145.288225157587,0.9730597823904926,0.000281045489219898,0.02665917212028747,14,1248,80,222,48250,6,0.42827118644067796,0.4983050847457626
802760.66784,16115.161758541773,0.9730597823904926,0.0004416429116312683,0.026498574697876098,22,1244,76,222,48250,10,0.42827118644067796,0.5093220338983051
802760.66784,16115.161758541773,0.9730597823904926,0.0004416429116312683,0.026498574697876098,22,1244,76,222,48250,10,0.42827118644067796,0.5203389830508474
802760.66784,16115.161758541773,0.9730597823904926,0.0004416429116312683,0.026498574697876098,22,1244,76,222,48250,10,0.42827118644067796,0.5313559322033898
802760.66784,16115.161758541773,0.9730597823904926,0.0004416429116312683,0.026498574697876098,22,1244,76,222,48250,10,0.42827118644067796,0.5423728813559321
802760.66784,16115.161758541773,0.9730597823904926,0.0004416429116312683,0.026498574697876098,22,1244,76,222,48250,10,0.42827118644067796,0.5533898305084746
802760.66784,16115.161758541773,0.9730597823904926,0.0004416429116312683,0.026498574697876098,22,1244,76,222,48250,10,0.42827118644067796,0.5644067796610168
802760.66784,16115.161758541773,0.9730597823904926,0.0004416429116312683,0.026498574697876098,22,1244,76,222,48250,10,0.42827118644067796,0.5754237288135593
802760.66784,16115.161758541773,0.9730597823904926,0.0004416429116312683,0.026498574697876098,22,1244,76,222,48250,10,0.42827118644067796,0.5864406779661016
802760.66784,16115.161758541773,0.9730597823904926,0.0004416429116312683,0.026498574697876098,22,1244,76,222,48250,10,0.42827118644067796,0.597457627118644
806752.340416,16195.293299393743,0.9730597823904926,0.0006423896896454812,0.026297827919861887,32,1238,72,222,48250,16,0.42827118644067796,0.6084745762711864
806752.340416,16195.293299393743,0.9730597823904926,0.0006423896896454812,0.026297827919861887,32,1238,72,222,48250,16,0.42827118644067796,0.6194915254237288
806752.340416,16195.293299393743,0.9730597823904926,0.0006423896896454812,0.026297827919861887,32,1238,72,222,48250,16,0.42827118644067796,0.6305084745762711
806752.340416,16195.293299393743,0.9730597823904926,0.0006423896896454812,0.026297827919861887,32,1238,72,222,48250,16,0.42827118644067796,0.6415254237288135
806752.340416,16195.293299393743,0.9730597823904926,0.0006423896896454812,0.026297827919861887,32,1238,72,222,48250,16,0.42827118644067796,0.6525423728813559
819556.4254399999,16452.33118079255,0.9730597823904926,0.0011643313124824347,0.025775886297024934,58,1221,63,222,48250,33,0.42827118644067796,0.6635593220338982
819556.4254399999,16452.33118079255,0.9730597823904926,0.0011643313124824347,0.025775886297024934,58,1221,63,222,48250,33,0.42827118644067796,0.6745762711864406
819556.4254399999,16452.33118079255,0.9730597823904926,0.0011643313124824347,0.025775886297024934,58,1221,63,222,48250,33,0.42827118644067796,0.685593220338983
819556.4254399999,16452.33118079255,0.9730597823904926,0.0011643313124824347,0.025775886297024934,58,1221,63,222,48250,33,0.42827118644067796,0.6966101694915253
819556.4254399999,16452.33118079255,0.9730597823904926,0.0011643313124824347,0.025775886297024934,58,1221,63,222,48250,33,0.42827118644067796,0.7076271186440677
828091.705696,16623.67418187658,0.9730597823904926,0.0017866463243264945,0.02515357128518087,89,1199,54,222,48250,55,0.42827118644067796,0.7186440677966102
828091.705696,16623.67418187658,0.9730597823904926,0.0017866463243264945,0.02515357128518087,89,1199,54,222,48250,55,0.42827118644067796,0.7296610169491524
828091.705696,16623.67418187658,0.9730597823904926,0.0017866463243264945,0.02515357128518087,89,1199,54,222,48250,55,0.42827118644067796,0.7406779661016949
828091.705696,16623.67418187658,0.9730597823904926,0.0017866463243264945,0.02515357128518087,89,1199,54,222,48250,55,0.42827118644067796,0.7516949152542372
828091.705696,16623.67418187658,0.9730597823904926,0.0017866463243264945,0.02515357128518087,89,1199,54,222,48250,55,0.42827118644067796,0.7627118644067796
865476.3064959999,17374.157997671336,0.9730597823904926,0.0024691853695748183,0.02447103223993255,123,1173,46,222,48250,81,0.42827118644067796,0.7737288135593219
865476.3064959999,17374.157997671336,0.9730597823904926,0.0024691853695748183,0.02447103223993255,123,1173,46,222,48250,81,0.42827118644067796,0.7847457627118644
865476.3064959999,17374.157997671336,0.9730597823904926,0.0024691853695748183,0.02447103223993255,123,1173,46,222,48250,81,0.42827118644067796,0.7957627118644066
865476.3064959999,17374.157997671336,0.9730597823904926,0.0024691853695748183,0.02447103223993255,123,1173,46,222,48250,81,0.42827118644067796,0.8067796610169491
865476.3064959999,17374.157997671336,0.9730597823904926,0.0024691853695748183,0.02447103223993255,123,1173,46,222,48250,81,0.42827118644067796,0.8177966101694913
865476.3064959999,17374.157997671336,0.9730597823904926,0.0024691853695748183,0.02447103223993255,123,1173,46,222,48250,81,0.42827118644067796,0.8288135593220338
865476.3064959999,17374.157997671336,0.9730597823904926,0.0024691853695748183,0.02447103223993255,123,1173,46,222,48250,81,0.42827118644067796,0.8398305084745761
865476.3064959999,17374.157997671336,0.9730597823904926,0.0024691853695748183,0.02447103223993255,123,1173,46,222,48250,81,0.42827118644067796,0.8508474576271186
874082.1814400001,17546.918164371462,0.9730597823904926,0.0030312763480146144,0.023908941261492754,151,1149,42,222,48250,105,0.42827118644067796,0.8618644067796608
874082.1814400001,17546.918164371462,0.9730597823904926,0.0030312763480146144,0.023908941261492754,151,1149,42,222,48250,105,0.42827118644067796,0.8728813559322033
874082.1814400001,17546.918164371462,0.9730597823904926,0.0030312763480146144,0.023908941261492754,151,1149,42,222,48250,105,0.42827118644067796,0.8838983050847455
874082.1814400001,17546.918164371462,0.9730597823904926,0.0030312763480146144,0.023908941261492754,151,1149,42,222,48250,105,0.42827118644067796,0.894915254237288
874082.1814400001,17546.918164371462,0.9730597823904926,0.0030312763480146144,0.023908941261492754,151,1149,42,222,48250,105,0.42827118644067796,0.9059322033898305
874082.1814400001,17546.918164371462,0.9730597823904926,0.0030312763480146144,0.023908941261492754,151,1149,42,222,48250,105,0.42827118644067796,0.9169491525423727
874082.1814400001,17546.918164371462,0.9730597823904926,0.0030312763480146144,0.023908941261492754,151,1149,42,222,48250,105,0.42827118644067796,0.9279661016949152
874082.1814400001,17546.918164371462,0.9730597823904926,0.0030312763480146144,0.023908941261492754,151,1149,42,222,48250,105,0.42827118644067796,0.9389830508474575
946725.179712,19005.202949211063,0.9730597823904926,0.005821656562412173,0.021118561047095193,290,1017,35,222,48250,237,0.42827118644067796,0.95
869622.9608,17457.400746778014,0.9733408278797125,0.0,0.02665917212028747,0,1248,80,228,48258,0,0.43837288135593216,0.4432203389830508
869622.9608,17457.400746778014,0.9733408278797125,0.0,0.02665917212028747,0,1248,80,228,48258,0,0.43837288135593216,0.45423728813559316
869622.9608,17457.400746778014,0.9733408278797125,0.0,0.02665917212028747,0,1248,80,228,48258,0,0.43837288135593216,0.46525423728813553
869622.9608,17457.400746778014,0.9733408278797125,0.0,0.02665917212028747,0,1248,80,228,48258,0,0.43837288135593216,0.4762711864406779
869622.9608,17457.400746778014,0.9733408278797125,0.0,0.02665917212028747,0,1248,80,228,48258,0,0.43837288135593216,0.48728813559322026
869622.9608,17457.400746778014,0.9733408278797125,0.0,0.02665917212028747,0,1248,80,228,48258,0,0.43837288135593216,0.4983050847457626
868122.240992,17427.2742801622,0.9733408278797125,0.0001605974224113703,0.026498574697876098,8,1244,76,228,48258,4,0.43837288135593216,0.5093220338983051
868122.240992,17427.2742801622,0.9733408278797125,0.0001605974224113703,0.026498574697876098,8,1244,76,228,48258,4,0.43837288135593216,0.5203389830508474
868122.240992,17427.2742801622,0.9733408278797125,0.0001605974224113703,0.026498574697876098,8,1244,76,228,48258,4,0.43837288135593216,0.5313559322033898
868122.240992,17427.2742801622,0.9733408278797125,0.0001605974224113703,0.026498574697876098,8,1244,76,228,48258,4,0.43837288135593216,0.5423728813559321
868122.240992,17427.2742801622,0.9733408278797125,0.0001605974224113703,0.026498574697876098,8,1244,76,228,48258,4,0.43837288135593216,0.5533898305084746
868122.240992,17427.2742801622,0.9733408278797125,0.0001605974224113703,0.026498574697876098,8,1244,76,228,48258,4,0.43837288135593216,0.5644067796610168
868122.240992,17427.2742801622,0.9733408278797125,0.0001605974224113703,0.026498574697876098,8,1244,76,228,48258,4,0.43837288135593216,0.5754237288135593
868122.240992,17427.2742801622,0.9733408278797125,0.0001605974224113703,0.026498574697876098,8,1244,76,228,48258,4,0.43837288135593216,0.5864406779661016
868122.240992,17427.2742801622,0.9733408278797125,0.0001605974224113703,0.026498574697876098,8,1244,76,228,48258,4,0.43837288135593216,0.597457627118644
872113.913568,17507.40582101417,0.9733408278797125,0.0003613442004255832,0.026297827919861887,18,1238,72,228,48258,10,0.43837288135593216,0.6084745762711864
872113.913568,17507.40582101417,0.9733408278797125,0.0003613442004255832,0.026297827919861887,18,1238,72,228,48258,10,0.43837288135593216,0.6194915254237288
872113.913568,17507.40582101417,0.9733408278797125,0.0003613442004255832,0.026297827919861887,18,1238,72,228,48258,10,0.43837288135593216,0.6305084745762711
872113.913568,17507.40582101417,0.9733408278797125,0.0003613442004255832,0.026297827919861887,18,1238,72,228,48258,10,0.43837288135593216,0.6415254237288135
872113.913568,17507.40582101417,0.9733408278797125,0.0003613442004255832,0.026297827919861887,18,1238,72,228,48258,10,0.43837288135593216,0.6525423728813559
884917.998592,17764.443702412977,0.9733408278797125,0.0008832858232625366,0.025775886297024934,44,1221,63,228,48258,27,0.43837288135593216,0.6635593220338982
884917.998592,17764.443702412977,0.9733408278797125,0.0008832858232625366,0.025775886297024934,44,1221,63,228,48258,27,0.43837288135593216,0.6745762711864406
884917.998592,17764.443702412977,0.9733408278797125,0.0008832858232625366,0.025775886297024934,44,1221,63,228,48258,27,0.43837288135593216,0.685593220338983
884917.998592,17764.443702412977,0.9733408278797125,0.0008832858232625366,0.025775886297024934,44,1221,63,228,48258,27,0.43837288135593216,0.6966101694915253
884917.998592,17764.443702412977,0.9733408278797125,0.0008832858232625366,0.025775886297024934,44,1221,63,228,48258,27,0.43837288135593216,0.7076271186440677
893453.278848,17935.786703497008,0.9733408278797125,0.0015056008351065965,0.02515357128518087,75,1199,54,228,48258,49,0.43837288135593216,0.7186440677966102
893453.278848,17935.786703497008,0.9733408278797125,0.0015056008351065965,0.02515357128518087,75,1199,54,228,48258,49,0.43837288135593216,0.7296610169491524
893453.278848,17935.786703497008,0.9733408278797125,0.0015056008351065965,0.02515357128518087,75,1199,54,228,48258,49,0.43837288135593216,0.7406779661016949
893453.278848,17935.786703497008,0.9733408278797125,0.0015056008351065965,0.02515357128518087,75,1199,54,228,48258,49,0.43837288135593216,0.7516949152542372
893453.278848,17935.786703497008,0.9733408278797125,0.0015056008351065965,0.02515357128518087,75,1199,54,228,48258,49,0.43837288135593216,0.7627118644067796
930837.879648,18686.270519291764,0.9733408278797125,0.0021881398803549204,0.02447103223993255,109,1173,46,228,48258,75,0.43837288135593216,0.7737288135593219
930837.879648,18686.270519291764,0.9733408278797125,0.0021881398803549204,0.02447103223993255,109,1173,46,228,48258,75,0.43837288135593216,0.7847457627118644
930837.879648,18686.270519291764,0.9733408278797125,0.0021881398803549204,0.02447103223993255,109,1173,46,228,48258,75,0.43837288135593216,0.7957627118644066
930837.879648,18686.270519291764,0.9733408278797125,0.0021881398803549204,0.02447103223993255,109,1173,46,228,48258,75,0.43837288135593216,0.8067796610169491
930837.879648,18686.270519291764,0.9733408278797125,0.0021881398803549204,0.02447103223993255,109,1173,46,228,48258,75,0.43837288135593216,0.8177966101694913
930837.879648,18686.270519291764,0.9733408278797125,0.0021881398803549204,0.02447103223993255,109,1173,46,228,48258,75,0.43837288135593216,0.8288135593220338
930837.879648,18686.270519291764,0.9733408278797125,0.0021881398803549204,0.02447103223993255,109,1173,46,228,48258,75,0.43837288135593216,0.8398305084745761
930837.879648,18686.270519291764,0.9733408278797125,0.0021881398803549204,0.02447103223993255,109,1173,46,228,48258,75,0.43837288135593216,0.8508474576271186
939443.754592,18859.03068599189,0.9733408278797125,0.0027502308587947165,0.023908941261492754,137,1149,42,228,48258,99,0.43837288135593216,0.8618644067796608
939443.754592,18859.03068599189,0.9733408278797125,0.0027502308587947165,0.023908941261492754,137,1149,42,228,48258,99,0.43837288135593216,0.8728813559322033
939443.754592,18859.03068599189,0.9733408278797125,0.0027502308587947165,0.023908941261492754,137,1149,42,228,48258,99,0.43837288135593216,0.8838983050847455
939443.754592,18859.03068599189,0.9733408278797125,0.0027502308587947165,0.023908941261492754,137,1149,42,228,48258,99,0.43837288135593216,0.894915254237288
939443.754592,18859.03068599189,0.9733408278797125,0.0027502308587947165,0.023908941261492754,137,1149,42,228,48258,99,0.43837288135593216,0.9059322033898305
939443.754592,18859.03068599189,0.9733408278797125,0.0027502308587947165,0.023908941261492754,137,1149,42,228,48258,99,0.43837288135593216,0.9169491525423727
939443.754592,18859.03068599189,0.9733408278797125,0.0027502308587947165,0.023908941261492754,137,1149,42,228,48258,99,0.43837288135593216,0.9279661016949152
939443.754592,18859.03068599189,0.9733408278797125,0.0027502308587947165,0.023908941261492754,137,1149,42,228,48258,99,0.43837288135593216,0.9389830508474575
1012086.7528639999,20317.31547083149,0.9733408278797125,0.005540611073192275,0.021118561047095193,276,1017,35,228,48258,231,0.43837288135593216,0.95
869622.9608,17457.400746778014,0.9733408278797125,0.0,0.02665917212028747,0,1248,80,228,48258,0,0.4484745762711864,0.45423728813559316
869622.9608,17457.400746778014,0.9733408278797125,0.0,0.02665917212028747,0,1248,80,228,48258,0,0.4484745762711864,0.46525423728813553
869622.9608,17457.400746778014,0.9733408278797125,0.0,0.02665917212028747,0,1248,80,228,48258,0,0.4484745762711864,0.4762711864406779
869622.9608,17457.400746778014,0.9733408278797125,0.0,0.02665917212028747,0,1248,80,228,48258,0,0.4484745762711864,0.48728813559322026
869622.9608,17457.400746778014,0.9733408278797125,0.0,0.02665917212028747,0,1248,80,228,48258,0,0.4484745762711864,0.4983050847457626
868122.240992,17427.2742801622,0.9733408278797125,0.0001605974224113703,0.026498574697876098,8,1244,76,228,48258,4,0.4484745762711864,0.5093220338983051
868122.240992,17427.2742801622,0.9733408278797125,0.0001605974224113703,0.026498574697876098,8,1244,76,228,48258,4,0.4484745762711864,0.5203389830508474
868122.240992,17427.2742801622,0.9733408278797125,0.0001605974224113703,0.026498574697876098,8,1244,76,228,48258,4,0.4484745762711864,0.5313559322033898
868122.240992,17427.2742801622,0.9733408278797125,0.0001605974224113703,0.026498574697876098,8,1244,76,228,48258,4,0.4484745762711864,0.5423728813559321
868122.240992,17427.2742801622,0.9733408278797125,0.0001605974224113703,0.026498574697876098,8,1244,76,228,48258,4,0.4484745762711864,0.5533898305084746
868122.240992,17427.2742801622,0.9733408278797125,0.0001605974224113703,0.026498574697876098,8,1244,76,228,48258,4,0.4484745762711864,0.5644067796610168
868122.240992,17427.2742801622,0.9733408278797125,0.0001605974224113703,0.026498574697876098,8,1244,76,228,48258,4,0.4484745762711864,0.5754237288135593
868122.240992,17427.2742801622,0.9733408278797125,0.0001605974224113703,0.026498574697876098,8,1244,76,228,48258,4,0.4484745762711864,0.5864406779661016
868122.240992,17427.2742801622,0.9733408278797125,0.0001605974224113703,0.026498574697876098,8,1244,76,228,48258,4,0.4484745762711864,0.597457627118644
872113.913568,17507.40582101417,0.9733408278797125,0.0003613442004255832,0.026297827919861887,18,1238,72,228,48258,10,0.4484745762711864,0.6084745762711864
872113.913568,17507.40582101417,0.9733408278797125,0.0003613442004255832,0.026297827919861887,18,1238,72,228,48258,10,0.4484745762711864,0.6194915254237288
872113.913568,17507.40582101417,0.9733408278797125,0.0003613442004255832,0.026297827919861887,18,1238,72,228,48258,10,0.4484745762711864,0.6305084745762711
872113.913568,17507.40582101417,0.9733408278797125,0.0003613442004255832,0.026297827919861887,18,1238,72,228,48258,10,0.4484745762711864,0.6415254237288135
872113.913568,17507.40582101417,0.9733408278797125,0.0003613442004255832,0.026297827919861887,18,1238,72,228,48258,10,0.4484745762711864,0.6525423728813559
884917.998592,17764.443702412977,0.9733408278797125,0.0008832858232625366,0.025775886297024934,44,1221,63,228,48258,27,0.4484745762711864,0.6635593220338982
884917.998592,17764.443702412977,0.9733408278797125,0.0008832858232625366,0.025775886297024934,44,1221,63,228,48258,27,0.4484745762711864,0.6745762711864406
884917.998592,17764.443702412977,0.9733408278797125,0.0008832858232625366,0.025775886297024934,44,1221,63,228,48258,27,0.4484745762711864,0.685593220338983
884917.998592,17764.443702412977,0.9733408278797125,0.0008832858232625366,0.025775886297024934,44,1221,63,228,48258,27,0.4484745762711864,0.6966101694915253
884917.998592,17764.443702412977,0.9733408278797125,0.0008832858232625366,0.025775886297024934,44,1221,63,228,48258,27,0.4484745762711864,0.7076271186440677
893453.278848,17935.786703497008,0.9733408278797125,0.0015056008351065965,0.02515357128518087,75,1199,54,228,48258,49,0.4484745762711864,0.7186440677966102
893453.278848,17935.786703497008,0.9733408278797125,0.0015056008351065965,0.02515357128518087,75,1199,54,228,48258,49,0.4484745762711864,0.7296610169491524
893453.278848,17935.786703497008,0.9733408278797125,0.0015056008351065965,0.02515357128518087,75,1199,54,228,48258,49,0.4484745762711864,0.7406779661016949
893453.278848,17935.786703497008,0.9733408278797125,0.0015056008351065965,0.02515357128518087,75,1199,54,228,48258,49,0.4484745762711864,0.7516949152542372
893453.278848,17935.786703497008,0.9733408278797125,0.0015056008351065965,0.02515357128518087,75,1199,54,228,48258,49,0.4484745762711864,0.7627118644067796
930837.879648,18686.270519291764,0.9733408278797125,0.0021881398803549204,0.02447103223993255,109,1173,46,228,48258,75,0.4484745762711864,0.7737288135593219
930837.879648,18686.270519291764,0.9733408278797125,0.0021881398803549204,0.02447103223993255,109,1173,46,228,48258,75,0.4484745762711864,0.7847457627118644
930837.879648,18686.270519291764,0.9733408278797125,0.0021881398803549204,0.02447103223993255,109,1173,46,228,48258,75,0.4484745762711864,0.7957627118644066
930837.879648,18686.270519291764,0.9733408278797125,0.0021881398803549204,0.02447103223993255,109,1173,46,228,48258,75,0.4484745762711864,0.8067796610169491
930837.879648,18686.270519291764,0.9733408278797125,0.0021881398803549204,0.02447103223993255,109,1173,46,228,48258,75,0.4484745762711864,0.8177966101694913
930837.879648,18686.270519291764,0.9733408278797125,0.0021881398803549204,0.02447103223993255,109,1173,46,228,48258,75,0.4484745762711864,0.8288135593220338
930837.879648,18686.270519291764,0.9733408278797125,0.0021881398803549204,0.02447103223993255,109,1173,46,228,48258,75,0.4484745762711864,0.8398305084745761
930837.879648,18686.270519291764,0.9733408278797125,0.0021881398803549204,0.02447103223993255,109,1173,46,228,48258,75,0.4484745762711864,0.8508474576271186
939443.754592,18859.03068599189,0.9733408278797125,0.0027502308587947165,0.023908941261492754,137,1149,42,228,48258,99,0.4484745762711864,0.8618644067796608
939443.754592,18859.03068599189,0.9733408278797125,0.0027502308587947165,0.023908941261492754,137,1149,42,228,48258,99,0.4484745762711864,0.8728813559322033
939443.754592,18859.03068599189,0.9733408278797125,0.0027502308587947165,0.023908941261492754,137,1149,42,228,48258,99,0.4484745762711864,0.8838983050847455
939443.754592,18859.03068599189,0.9733408278797125,0.0027502308587947165,0.023908941261492754,137,1149,42,228,48258,99,0.4484745762711864,0.894915254237288
939443.754592,18859.03068599189,0.9733408278797125,0.0027502308587947165,0.023908941261492754,137,1149,42,228,48258,99,0.4484745762711864,0.9059322033898305
939443.754592,18859.03068599189,0.9733408278797125,0.0027502308587947165,0.023908941261492754,137,1149,42,228,48258,99,0.4484745762711864,0.9169491525423727
939443.754592,18859.03068599189,0.9733408278797125,0.0027502308587947165,0.023908941261492754,137,1149,42,228,48258,99,0.4484745762711864,0.9279661016949152
939443.754592,18859.03068599189,0.9733408278797125,0.0027502308587947165,0.023908941261492754,137,1149,42,228,48258,99,0.4484745762711864,0.9389830508474575
1012086.7528639999,20317.31547083149,0.9733408278797125,0.005540611073192275,0.021118561047095193,276,1017,35,228,48258,231,0.4484745762711864,0.95
869622.9608,17457.400746778014,0.9733408278797125,0.0,0.02665917212028747,0,1248,80,228,48258,0,0.4585762711864407,0.46525423728813553
869622.9608,17457.400746778014,0.9733408278797125,0.0,0.02665917212028747,0,1248,80,228,48258,0,0.4585762711864407,0.4762711864406779
869622.9608,17457.400746778014,0.9733408278797125,0.0,0.02665917212028747,0,1248,80,228,48258,0,0.4585762711864407,0.48728813559322026
869622.9608,17457.400746778014,0.9733408278797125,0.0,0.02665917212028747,0,1248,80,228,48258,0,0.4585762711864407,0.4983050847457626
868122.240992,17427.2742801622,0.9733408278797125,0.0001605974224113703,0.026498574697876098,8,1244,76,228,48258,4,0.4585762711864407,0.5093220338983051
868122.240992,17427.2742801622,0.9733408278797125,0.0001605974224113703,0.026498574697876098,8,1244,76,228,48258,4,0.4585762711864407,0.5203389830508474
868122.240992,17427.2742801622,0.9733408278797125,0.0001605974224113703,0.026498574697876098,8,1244,76,228,48258,4,0.4585762711864407,0.5313559322033898
868122.240992,17427.2742801622,0.9733408278797125,0.0001605974224113703,0.026498574697876098,8,1244,76,228,48258,4,0.4585762711864407,0.5423728813559321
868122.240992,17427.2742801622,0.9733408278797125,0.0001605974224113703,0.026498574697876098,8,1244,76,228,48258,4,0.4585762711864407,0.5533898305084746
868122.240992,17427.2742801622,0.9733408278797125,0.0001605974224113703,0.026498574697876098,8,1244,76,228,48258,4,0.4585762711864407,0.5644067796610168
868122.240992,17427.2742801622,0.9733408278797125,0.0001605974224113703,0.026498574697876098,8,1244,76,228,48258,4,0.4585762711864407,0.5754237288135593
868122.240992,17427.2742801622,0.9733408278797125,0.0001605974224113703,0.026498574697876098,8,1244,76,228,48258,4,0.4585762711864407,0.5864406779661016
868122.240992,17427.2742801622,0.9733408278797125,0.0001605974224113703,0.026498574697876098,8,1244,76,228,48258,4,0.4585762711864407,0.597457627118644
872113.913568,17507.40582101417,0.9733408278797125,0.0003613442004255832,0.026297827919861887,18,1238,72,228,48258,10,0.4585762711864407,0.6084745762711864
872113.913568,17507.40582101417,0.9733408278797125,0.0003613442004255832,0.026297827919861887,18,1238,72,228,48258,10,0.4585762711864407,0.6194915254237288
872113.913568,17507.40582101417,0.9733408278797125,0.0003613442004255832,0.026297827919861887,18,1238,72,228,48258,10,0.4585762711864407,0.6305084745762711
872113.913568,17507.40582101417,0.9733408278797125,0.0003613442004255832,0.026297827919861887,18,1238,72,228,48258,10,0.4585762711864407,0.6415254237288135
872113.913568,17507.40582101417,0.9733408278797125,0.0003613442004255832,0.026297827919861887,18,1238,72,228,48258,10,0.4585762711864407,0.6525423728813559
884917.998592,17764.443702412977,0.9733408278797125,0.0008832858232625366,0.025775886297024934,44,1221,63,228,48258,27,0.4585762711864407,0.6635593220338982
884917.998592,17764.443702412977,0.9733408278797125,0.0008832858232625366,0.025775886297024934,44,1221,63,228,48258,27,0.4585762711864407,0.6745762711864406
884917.998592,17764.443702412977,0.9733408278797125,0.0008832858232625366,0.025775886297024934,44,1221,63,228,48258,27,0.4585762711864407,0.685593220338983
884917.998592,17764.443702412977,0.9733408278797125,0.0008832858232625366,0.025775886297024934,44,1221,63,228,48258,27,0.4585762711864407,0.6966101694915253
884917.998592,17764.443702412977,0.9733408278797125,0.0008832858232625366,0.025775886297024934,44,1221,63,228,48258,27,0.4585762711864407,0.7076271186440677
893453.278848,17935.786703497008,0.9733408278797125,0.0015056008351065965,0.02515357128518087,75,1199,54,228,48258,49,0.4585762711864407,0.7186440677966102
893453.278848,17935.786703497008,0.9733408278797125,0.0015056008351065965,0.02515357128518087,75,1199,54,228,48258,49,0.4585762711864407,0.7296610169491524
893453.278848,17935.786703497008,0.9733408278797125,0.0015056008351065965,0.02515357128518087,75,1199,54,228,48258,49,0.4585762711864407,0.7406779661016949
893453.278848,17935.786703497008,0.9733408278797125,0.0015056008351065965,0.02515357128518087,75,1199,54,228,48258,49,0.4585762711864407,0.7516949152542372
893453.278848,17935.786703497008,0.9733408278797125,0.0015056008351065965,0.02515357128518087,75,1199,54,228,48258,49,0.4585762711864407,0.7627118644067796
930837.879648,18686.270519291764,0.9733408278797125,0.0021881398803549204,0.02447103223993255,109,1173,46,228,48258,75,0.4585762711864407,0.7737288135593219
930837.879648,18686.270519291764,0.9733408278797125,0.0021881398803549204,0.02447103223993255,109,1173,46,228,48258,75,0.4585762711864407,0.7847457627118644
930837.879648,18686.270519291764,0.9733408278797125,0.0021881398803549204,0.02447103223993255,109,1173,46,228,48258,75,0.4585762711864407,0.7957627118644066
930837.879648,18686.270519291764,0.9733408278797125,0.0021881398803549204,0.02447103223993255,109,1173,46,228,48258,75,0.4585762711864407,0.8067796610169491
930837.879648,18686.270519291764,0.9733408278797125,0.0021881398803549204,0.02447103223993255,109,1173,46,228,48258,75,0.4585762711864407,0.8177966101694913
930837.879648,18686.270519291764,0.9733408278797125,0.0021881398803549204,0.02447103223993255,109,1173,46,228,48258,75,0.4585762711864407,0.8288135593220338
930837.879648,18686.270519291764,0.9733408278797125,0.0021881398803549204,0.02447103223993255,109,1173,46,228,48258,75,0.4585762711864407,0.8398305084745761
930837.879648,18686.270519291764,0.9733408278797125,0.0021881398803549204,0.02447103223993255,109,1173,46,228,48258,75,0.4585762711864407,0.8508474576271186
939443.754592,18859.03068599189,0.9733408278797125,0.0027502308587947165,0.023908941261492754,137,1149,42,228,48258,99,0.4585762711864407,0.8618644067796608
939443.754592,18859.03068599189,0.9733408278797125,0.0027502308587947165,0.023908941261492754,137,1149,42,228,48258,99,0.4585762711864407,0.8728813559322033
939443.754592,18859.03068599189,0.9733408278797125,0.0027502308587947165,0.023908941261492754,137,1149,42,228,48258,99,0.4585762711864407,0.8838983050847455
939443.754592,18859.03068599189,0.9733408278797125,0.0027502308587947165,0.023908941261492754,137,1149,42,228,48258,99,0.4585762711864407,0.894915254237288
939443.754592,18859.03068599189,0.9733408278797125,0.0027502308587947165,0.023908941261492754,137,1149,42,228,48258,99,0.4585762711864407,0.9059322033898305
939443.754592,18859.03068599189,0.9733408278797125,0.0027502308587947165,0.023908941261492754,137,1149,42,228,48258,99,0.4585762711864407,0.9169491525423727
939443.754592,18859.03068599189,0.9733408278797125,0.0027502308587947165,0.023908941261492754,137,1149,42,228,48258,99,0.4585762711864407,0.9279661016949152
939443.754592,18859.03068599189,0.9733408278797125,0.0027502308587947165,0.023908941261492754,137,1149,42,228,48258,99,0.4585762711864407,0.9389830508474575
1012086.7528639999,20317.31547083149,0.9733408278797125,0.005540611073192275,0.021118561047095193,276,1017,35,228,48258,231,0.4585762711864407,0.95
869622.9608,17457.400746778014,0.9733408278797125,0.0,0.02665917212028747,0,1248,80,228,48258,0,0.4686779661016949,0.4762711864406779
869622.9608,17457.400746778014,0.9733408278797125,0.0,0.02665917212028747,0,1248,80,228,48258,0,0.4686779661016949,0.48728813559322026
869622.9608,17457.400746778014,0.9733408278797125,0.0,0.02665917212028747,0,1248,80,228,48258,0,0.4686779661016949,0.4983050847457626
868122.240992,17427.2742801622,0.9733408278797125,0.0001605974224113703,0.026498574697876098,8,1244,76,228,48258,4,0.4686779661016949,0.5093220338983051
868122.240992,17427.2742801622,0.9733408278797125,0.0001605974224113703,0.026498574697876098,8,1244,76,228,48258,4,0.4686779661016949,0.5203389830508474
868122.240992,17427.2742801622,0.9733408278797125,0.0001605974224113703,0.026498574697876098,8,1244,76,228,48258,4,0.4686779661016949,0.5313559322033898
868122.240992,17427.2742801622,0.9733408278797125,0.0001605974224113703,0.026498574697876098,8,1244,76,228,48258,4,0.4686779661016949,0.5423728813559321
868122.240992,17427.2742801622,0.9733408278797125,0.0001605974224113703,0.026498574697876098,8,1244,76,228,48258,4,0.4686779661016949,0.5533898305084746
868122.240992,17427.2742801622,0.9733408278797125,0.0001605974224113703,0.026498574697876098,8,1244,76,228,48258,4,0.4686779661016949,0.5644067796610168
868122.240992,17427.2742801622,0.9733408278797125,0.0001605974224113703,0.026498574697876098,8,1244,76,228,48258,4,0.4686779661016949,0.5754237288135593
868122.240992,17427.2742801622,0.9733408278797125,0.0001605974224113703,0.026498574697876098,8,1244,76,228,48258,4,0.4686779661016949,0.5864406779661016
868122.240992,17427.2742801622,0.9733408278797125,0.0001605974224113703,0.026498574697876098,8,1244,76,228,48258,4,0.4686779661016949,0.597457627118644
872113.913568,17507.40582101417,0.9733408278797125,0.0003613442004255832,0.026297827919861887,18,1238,72,228,48258,10,0.4686779661016949,0.6084745762711864
872113.913568,17507.40582101417,0.9733408278797125,0.0003613442004255832,0.026297827919861887,18,1238,72,228,48258,10,0.4686779661016949,0.6194915254237288
872113.913568,17507.40582101417,0.9733408278797125,0.0003613442004255832,0.026297827919861887,18,1238,72,228,48258,10,0.4686779661016949,0.6305084745762711
872113.913568,17507.40582101417,0.9733408278797125,0.0003613442004255832,0.026297827919861887,18,1238,72,228,48258,10,0.4686779661016949,0.6415254237288135
872113.913568,17507.40582101417,0.9733408278797125,0.0003613442004255832,0.026297827919861887,18,1238,72,228,48258,10,0.4686779661016949,0.6525423728813559
884917.998592,17764.443702412977,0.9733408278797125,0.0008832858232625366,0.025775886297024934,44,1221,63,228,48258,27,0.4686779661016949,0.6635593220338982
884917.998592,17764.443702412977,0.9733408278797125,0.0008832858232625366,0.025775886297024934,44,1221,63,228,48258,27,0.4686779661016949,0.6745762711864406
884917.998592,17764.443702412977,0.9733408278797125,0.0008832858232625366,0.025775886297024934,44,1221,63,228,48258,27,0.4686779661016949,0.685593220338983
884917.998592,17764.443702412977,0.9733408278797125,0.0008832858232625366,0.025775886297024934,44,1221,63,228,48258,27,0.4686779661016949,0.6966101694915253
884917.998592,17764.443702412977,0.9733408278797125,0.0008832858232625366,0.025775886297024934,44,1221,63,228,48258,27,0.4686779661016949,0.7076271186440677
893453.278848,17935.786703497008,0.9733408278797125,0.0015056008351065965,0.02515357128518087,75,1199,54,228,48258,49,0.4686779661016949,0.7186440677966102
893453.278848,17935.786703497008,0.9733408278797125,0.0015056008351065965,0.02515357128518087,75,1199,54,228,48258,49,0.4686779661016949,0.7296610169491524
893453.278848,17935.786703497008,0.9733408278797125,0.0015056008351065965,0.02515357128518087,75,1199,54,228,48258,49,0.4686779661016949,0.7406779661016949
893453.278848,17935.786703497008,0.9733408278797125,0.0015056008351065965,0.02515357128518087,75,1199,54,228,48258,49,0.4686779661016949,0.7516949152542372
893453.278848,17935.786703497008,0.9733408278797125,0.0015056008351065965,0.02515357128518087,75,1199,54,228,48258,49,0.4686779661016949,0.7627118644067796
930837.879648,18686.270519291764,0.9733408278797125,0.0021881398803549204,0.02447103223993255,109,1173,46,228,48258,75,0.4686779661016949,0.7737288135593219
930837.879648,18686.270519291764,0.9733408278797125,0.0021881398803549204,0.02447103223993255,109,1173,46,228,48258,75,0.4686779661016949,0.7847457627118644
930837.879648,18686.270519291764,0.9733408278797125,0.0021881398803549204,0.02447103223993255,109,1173,46,228,48258,75,0.4686779661016949,0.7957627118644066
930837.879648,18686.270519291764,0.9733408278797125,0.0021881398803549204,0.02447103223993255,109,1173,46,228,48258,75,0.4686779661016949,0.8067796610169491
930837.879648,18686.270519291764,0.9733408278797125,0.0021881398803549204,0.02447103223993255,109,1173,46,228,48258,75,0.4686779661016949,0.8177966101694913
930837.879648,18686.270519291764,0.9733408278797125,0.0021881398803549204,0.02447103223993255,109,1173,46,228,48258,75,0.4686779661016949,0.8288135593220338
930837.879648,18686.270519291764,0.9733408278797125,0.0021881398803549204,0.02447103223993255,109,1173,46,228,48258,75,0.4686779661016949,0.8398305084745761
930837.879648,18686.270519291764,0.9733408278797125,0.0021881398803549204,0.02447103223993255,109,1173,46,228,48258,75,0.4686779661016949,0.8508474576271186
939443.754592,18859.03068599189,0.9733408278797125,0.0027502308587947165,0.023908941261492754,137,1149,42,228,48258,99,0.4686779661016949,0.8618644067796608
939443.754592,18859.03068599189,0.9733408278797125,0.0027502308587947165,0.023908941261492754,137,1149,42,228,48258,99,0.4686779661016949,0.8728813559322033
939443.754592,18859.03068599189,0.9733408278797125,0.0027502308587947165,0.023908941261492754,137,1149,42,228,48258,99,0.4686779661016949,0.8838983050847455
939443.754592,18859.03068599189,0.9733408278797125,0.0027502308587947165,0.023908941261492754,137,1149,42,228,48258,99,0.4686779661016949,0.894915254237288
939443.754592,18859.03068599189,0.9733408278797125,0.0027502308587947165,0.023908941261492754,137,1149,42,228,48258,99,0.4686779661016949,0.9059322033898305
939443.754592,18859.03068599189,0.9733408278797125,0.0027502308587947165,0.023908941261492754,137,1149,42,228,48258,99,0.4686779661016949,0.9169491525423727
939443.754592,18859.03068599189,0.9733408278797125,0.0027502308587947165,0.023908941261492754,137,1149,42,228,48258,99,0.4686779661016949,0.9279661016949152
939443.754592,18859.03068599189,0.9733408278797125,0.0027502308587947165,0.023908941261492754,137,1149,42,228,48258,99,0.4686779661016949,0.9389830508474575
1012086.7528639999,20317.31547083149,0.9733408278797125,0.005540611073192275,0.021118561047095193,276,1017,35,228,48258,231,0.4686779661016949,0.95
869622.9608,17457.400746778014,0.9733408278797125,0.0,0.02665917212028747,0,1248,80,228,48258,0,0.47877966101694913,0.48728813559322026
869622.9608,17457.400746778014,0.9733408278797125,0.0,0.02665917212028747,0,1248,80,228,48258,0,0.47877966101694913,0.4983050847457626
868122.240992,17427.2742801622,0.9733408278797125,0.0001605974224113703,0.026498574697876098,8,1244,76,228,48258,4,0.47877966101694913,0.5093220338983051
868122.240992,17427.2742801622,0.9733408278797125,0.0001605974224113703,0.026498574697876098,8,1244,76,228,48258,4,0.47877966101694913,0.5203389830508474
868122.240992,17427.2742801622,0.9733408278797125,0.0001605974224113703,0.026498574697876098,8,1244,76,228,48258,4,0.47877966101694913,0.5313559322033898
868122.240992,17427.2742801622,0.9733408278797125,0.0001605974224113703,0.026498574697876098,8,1244,76,228,48258,4,0.47877966101694913,0.5423728813559321
868122.240992,17427.2742801622,0.9733408278797125,0.0001605974224113703,0.026498574697876098,8,1244,76,228,48258,4,0.47877966101694913,0.5533898305084746
868122.240992,17427.2742801622,0.9733408278797125,0.0001605974224113703,0.026498574697876098,8,1244,76,228,48258,4,0.47877966101694913,0.5644067796610168
868122.240992,17427.2742801622,0.9733408278797125,0.0001605974224113703,0.026498574697876098,8,1244,76,228,48258,4,0.47877966101694913,0.5754237288135593
868122.240992,17427.2742801622,0.9733408278797125,0.0001605974224113703,0.026498574697876098,8,1244,76,228,48258,4,0.47877966101694913,0.5864406779661016
868122.240992,17427.2742801622,0.9733408278797125,0.0001605974224113703,0.026498574697876098,8,1244,76,228,48258,4,0.47877966101694913,0.597457627118644
872113.913568,17507.40582101417,0.9733408278797125,0.0003613442004255832,0.026297827919861887,18,1238,72,228,48258,10,0.47877966101694913,0.6084745762711864
872113.913568,17507.40582101417,0.9733408278797125,0.0003613442004255832,0.026297827919861887,18,1238,72,228,48258,10,0.47877966101694913,0.6194915254237288
872113.913568,17507.40582101417,0.9733408278797125,0.0003613442004255832,0.026297827919861887,18,1238,72,228,48258,10,0.47877966101694913,0.6305084745762711
872113.913568,17507.40582101417,0.9733408278797125,0.0003613442004255832,0.026297827919861887,18,1238,72,228,48258,10,0.47877966101694913,0.6415254237288135
872113.913568,17507.40582101417,0.9733408278797125,0.0003613442004255832,0.026297827919861887,18,1238,72,228,48258,10,0.47877966101694913,0.6525423728813559
884917.998592,17764.443702412977,0.9733408278797125,0.0008832858232625366,0.025775886297024934,44,1221,63,228,48258,27,0.47877966101694913,0.6635593220338982
884917.998592,17764.443702412977,0.9733408278797125,0.0008832858232625366,0.025775886297024934,44,1221,63,228,48258,27,0.47877966101694913,0.6745762711864406
884917.998592,17764.443702412977,0.9733408278797125,0.0008832858232625366,0.025775886297024934,44,1221,63,228,48258,27,0.47877966101694913,0.685593220338983
884917.998592,17764.443702412977,0.9733408278797125,0.0008832858232625366,0.025775886297024934,44,1221,63,228,48258,27,0.47877966101694913,0.6966101694915253
884917.998592,17764.443702412977,0.9733408278797125,0.0008832858232625366,0.025775886297024934,44,1221,63,228,48258,27,0.47877966101694913,0.7076271186440677
893453.278848,17935.786703497008,0.9733408278797125,0.0015056008351065965,0.02515357128518087,75,1199,54,228,48258,49,0.47877966101694913,0.7186440677966102
893453.278848,17935.786703497008,0.9733408278797125,0.0015056008351065965,0.02515357128518087,75,1199,54,228,48258,49,0.47877966101694913,0.7296610169491524
893453.278848,17935.786703497008,0.9733408278797125,0.0015056008351065965,0.02515357128518087,75,1199,54,228,48258,49,0.47877966101694913,0.7406779661016949
893453.278848,17935.786703497008,0.9733408278797125,0.0015056008351065965,0.02515357128518087,75,1199,54,228,48258,49,0.47877966101694913,0.7516949152542372
893453.278848,17935.786703497008,0.9733408278797125,0.0015056008351065965,0.02515357128518087,75,1199,54,228,48258,49,0.47877966101694913,0.7627118644067796
930837.879648,18686.270519291764,0.9733408278797125,0.0021881398803549204,0.02447103223993255,109,1173,46,228,48258,75,0.47877966101694913,0.7737288135593219
930837.879648,18686.270519291764,0.9733408278797125,0.0021881398803549204,0.02447103223993255,109,1173,46,228,48258,75,0.47877966101694913,0.7847457627118644
930837.879648,18686.270519291764,0.9733408278797125,0.0021881398803549204,0.02447103223993255,109,1173,46,228,48258,75,0.47877966101694913,0.7957627118644066
930837.879648,18686.270519291764,0.9733408278797125,0.0021881398803549204,0.02447103223993255,109,1173,46,228,48258,75,0.47877966101694913,0.8067796610169491
930837.879648,18686.270519291764,0.9733408278797125,0.0021881398803549204,0.02447103223993255,109,1173,46,228,48258,75,0.47877966101694913,0.8177966101694913
930837.879648,18686.270519291764,0.9733408278797125,0.0021881398803549204,0.02447103223993255,109,1173,46,228,48258,75,0.47877966101694913,0.8288135593220338
930837.879648,18686.270519291764,0.9733408278797125,0.0021881398803549204,0.02447103223993255,109,1173,46,228,48258,75,0.47877966101694913,0.8398305084745761
930837.879648,18686.270519291764,0.9733408278797125,0.0021881398803549204,0.02447103223993255,109,1173,46,228,48258,75,0.47877966101694913,0.8508474576271186
939443.754592,18859.03068599189,0.9733408278797125,0.0027502308587947165,0.023908941261492754,137,1149,42,228,48258,99,0.47877966101694913,0.8618644067796608
939443.754592,18859.03068599189,0.9733408278797125,0.0027502308587947165,0.023908941261492754,137,1149,42,228,48258,99,0.47877966101694913,0.8728813559322033
939443.754592,18859.03068599189,0.9733408278797125,0.0027502308587947165,0.023908941261492754,137,1149,42,228,48258,99,0.47877966101694913,0.8838983050847455
939443.754592,18859.03068599189,0.9733408278797125,0.0027502308587947165,0.023908941261492754,137,1149,42,228,48258,99,0.47877966101694913,0.894915254237288
939443.754592,18859.03068599189,0.9733408278797125,0.0027502308587947165,0.023908941261492754,137,1149,42,228,48258,99,0.47877966101694913,0.9059322033898305
939443.754592,18859.03068599189,0.9733408278797125,0.0027502308587947165,0.023908941261492754,137,1149,42,228,48258,99,0.47877966101694913,0.9169491525423727
939443.754592,18859.03068599189,0.9733408278797125,0.0027502308587947165,0.023908941261492754,137,1149,42,228,48258,99,0.47877966101694913,0.9279661016949152
939443.754592,18859.03068599189,0.9733408278797125,0.0027502308587947165,0.023908941261492754,137,1149,42,228,48258,99,0.47877966101694913,0.9389830508474575
1012086.7528639999,20317.31547083149,0.9733408278797125,0.005540611073192275,0.021118561047095193,276,1017,35,228,48258,231,0.47877966101694913,0.95
869622.9608,17457.400746778014,0.9733408278797125,0.0,0.02665917212028747,0,1248,80,228,48258,0,0.4888813559322034,0.4983050847457626
868122.240992,17427.2742801622,0.9733408278797125,0.0001605974224113703,0.026498574697876098,8,1244,76,228,48258,4,0.4888813559322034,0.5093220338983051
868122.240992,17427.2742801622,0.9733408278797125,0.0001605974224113703,0.026498574697876098,8,1244,76,228,48258,4,0.4888813559322034,0.5203389830508474
868122.240992,17427.2742801622,0.9733408278797125,0.0001605974224113703,0.026498574697876098,8,1244,76,228,48258,4,0.4888813559322034,0.5313559322033898
868122.240992,17427.2742801622,0.9733408278797125,0.0001605974224113703,0.026498574697876098,8,1244,76,228,48258,4,0.4888813559322034,0.5423728813559321
868122.240992,17427.2742801622,0.9733408278797125,0.0001605974224113703,0.026498574697876098,8,1244,76,228,48258,4,0.4888813559322034,0.5533898305084746
868122.240992,17427.2742801622,0.9733408278797125,0.0001605974224113703,0.026498574697876098,8,1244,76,228,48258,4,0.4888813559322034,0.5644067796610168
868122.240992,17427.2742801622,0.9733408278797125,0.0001605974224113703,0.026498574697876098,8,1244,76,228,48258,4,0.4888813559322034,0.5754237288135593
868122.240992,17427.2742801622,0.9733408278797125,0.0001605974224113703,0.026498574697876098,8,1244,76,228,48258,4,0.4888813559322034,0.5864406779661016
868122.240992,17427.2742801622,0.9733408278797125,0.0001605974224113703,0.026498574697876098,8,1244,76,228,48258,4,0.4888813559322034,0.597457627118644
872113.913568,17507.40582101417,0.9733408278797125,0.0003613442004255832,0.026297827919861887,18,1238,72,228,48258,10,0.4888813559322034,0.6084745762711864
872113.913568,17507.40582101417,0.9733408278797125,0.0003613442004255832,0.026297827919861887,18,1238,72,228,48258,10,0.4888813559322034,0.6194915254237288
872113.913568,17507.40582101417,0.9733408278797125,0.0003613442004255832,0.026297827919861887,18,1238,72,228,48258,10,0.4888813559322034,0.6305084745762711
872113.913568,17507.40582101417,0.9733408278797125,0.0003613442004255832,0.026297827919861887,18,1238,72,228,48258,10,0.4888813559322034,0.6415254237288135
872113.913568,17507.40582101417,0.9733408278797125,0.0003613442004255832,0.026297827919861887,18,1238,72,228,48258,10,0.4888813559322034,0.6525423728813559
884917.998592,17764.443702412977,0.9733408278797125,0.0008832858232625366,0.025775886297024934,44,1221,63,228,48258,27,0.4888813559322034,0.6635593220338982
884917.998592,17764.443702412977,0.9733408278797125,0.0008832858232625366,0.025775886297024934,44,1221,63,228,48258,27,0.4888813559322034,0.6745762711864406
884917.998592,17764.443702412977,0.9733408278797125,0.0008832858232625366,0.025775886297024934,44,1221,63,228,48258,27,0.4888813559322034,0.685593220338983
884917.998592,17764.443702412977,0.9733408278797125,0.0008832858232625366,0.025775886297024934,44,1221,63,228,48258,27,0.4888813559322034,0.6966101694915253
884917.998592,17764.443702412977,0.9733408278797125,0.0008832858232625366,0.025775886297024934,44,1221,63,228,48258,27,0.4888813559322034,0.7076271186440677
893453.278848,17935.786703497008,0.9733408278797125,0.0015056008351065965,0.02515357128518087,75,1199,54,228,48258,49,0.4888813559322034,0.7186440677966102
893453.278848,17935.786703497008,0.9733408278797125,0.0015056008351065965,0.02515357128518087,75,1199,54,228,48258,49,0.4888813559322034,0.7296610169491524
893453.278848,17935.786703497008,0.9733408278797125,0.0015056008351065965,0.02515357128518087,75,1199,54,228,48258,49,0.4888813559322034,0.7406779661016949
893453.278848,17935.786703497008,0.9733408278797125,0.0015056008351065965,0.02515357128518087,75,1199,54,228,48258,49,0.4888813559322034,0.7516949152542372
893453.278848,17935.786703497008,0.9733408278797125,0.0015056008351065965,0.02515357128518087,75,1199,54,228,48258,49,0.4888813559322034,0.7627118644067796
930837.879648,18686.270519291764,0.9733408278797125,0.0021881398803549204,0.02447103223993255,109,1173,46,228,48258,75,0.4888813559322034,0.7737288135593219
930837.879648,18686.270519291764,0.9733408278797125,0.0021881398803549204,0.02447103223993255,109,1173,46,228,48258,75,0.4888813559322034,0.7847457627118644
930837.879648,18686.270519291764,0.9733408278797125,0.0021881398803549204,0.02447103223993255,109,1173,46,228,48258,75,0.4888813559322034,0.7957627118644066
930837.879648,18686.270519291764,0.9733408278797125,0.0021881398803549204,0.02447103223993255,109,1173,46,228,48258,75,0.4888813559322034,0.8067796610169491
930837.879648,18686.270519291764,0.9733408278797125,0.0021881398803549204,0.02447103223993255,109,1173,46,228,48258,75,0.4888813559322034,0.8177966101694913
930837.879648,18686.270519291764,0.9733408278797125,0.0021881398803549204,0.02447103223993255,109,1173,46,228,48258,75,0.4888813559322034,0.8288135593220338
930837.879648,18686.270519291764,0.9733408278797125,0.0021881398803549204,0.02447103223993255,109,1173,46,228,48258,75,0.4888813559322034,0.8398305084745761
930837.879648,18686.270519291764,0.9733408278797125,0.0021881398803549204,0.02447103223993255,109,1173,46,228,48258,75,0.4888813559322034,0.8508474576271186
939443.754592,18859.03068599189,0.9733408278797125,0.0027502308587947165,0.023908941261492754,137,1149,42,228,48258,99,0.4888813559322034,0.8618644067796608
939443.754592,18859.03068599189,0.9733408278797125,0.0027502308587947165,0.023908941261492754,137,1149,42,228,48258,99,0.4888813559322034,0.8728813559322033
939443.754592,18859.03068599189,0.9733408278797125,0.0027502308587947165,0.023908941261492754,137,1149,42,228,48258,99,0.4888813559322034,0.8838983050847455
939443.754592,18859.03068599189,0.9733408278797125,0.0027502308587947165,0.023908941261492754,137,1149,42,228,48258,99,0.4888813559322034,0.894915254237288
939443.754592,18859.03068599189,0.9733408278797125,0.0027502308587947165,0.023908941261492754,137,1149,42,228,48258,99,0.4888813559322034,0.9059322033898305
939443.754592,18859.03068599189,0.9733408278797125,0.0027502308587947165,0.023908941261492754,137,1149,42,228,48258,99,0.4888813559322034,0.9169491525423727
939443.754592,18859.03068599189,0.9733408278797125,0.0027502308587947165,0.023908941261492754,137,1149,42,228,48258,99,0.4888813559322034,0.9279661016949152
939443.754592,18859.03068599189,0.9733408278797125,0.0027502308587947165,0.023908941261492754,137,1149,42,228,48258,99,0.4888813559322034,0.9389830508474575
1012086.7528639999,20317.31547083149,0.9733408278797125,0.005540611073192275,0.021118561047095193,276,1017,35,228,48258,231,0.4888813559322034,0.95
868122.240992,17427.2742801622,0.9733408278797125,0.0001605974224113703,0.026498574697876098,8,1244,76,228,48258,4,0.4989830508474576,0.5093220338983051
868122.240992,17427.2742801622,0.9733408278797125,0.0001605974224113703,0.026498574697876098,8,1244,76,228,48258,4,0.4989830508474576,0.5203389830508474
868122.240992,17427.2742801622,0.9733408278797125,0.0001605974224113703,0.026498574697876098,8,1244,76,228,48258,4,0.4989830508474576,0.5313559322033898
868122.240992,17427.2742801622,0.9733408278797125,0.0001605974224113703,0.026498574697876098,8,1244,76,228,48258,4,0.4989830508474576,0.5423728813559321
868122.240992,17427.2742801622,0.9733408278797125,0.0001605974224113703,0.026498574697876098,8,1244,76,228,48258,4,0.4989830508474576,0.5533898305084746
868122.240992,17427.2742801622,0.9733408278797125,0.0001605974224113703,0.026498574697876098,8,1244,76,228,48258,4,0.4989830508474576,0.5644067796610168
868122.240992,17427.2742801622,0.9733408278797125,0.0001605974224113703,0.026498574697876098,8,1244,76,228,48258,4,0.4989830508474576,0.5754237288135593
868122.240992,17427.2742801622,0.9733408278797125,0.0001605974224113703,0.026498574697876098,8,1244,76,228,48258,4,0.4989830508474576,0.5864406779661016
868122.240992,17427.2742801622,0.9733408278797125,0.0001605974224113703,0.026498574697876098,8,1244,76,228,48258,4,0.4989830508474576,0.597457627118644
872113.913568,17507.40582101417,0.9733408278797125,0.0003613442004255832,0.026297827919861887,18,1238,72,228,48258,10,0.4989830508474576,0.6084745762711864
872113.913568,17507.40582101417,0.9733408278797125,0.0003613442004255832,0.026297827919861887,18,1238,72,228,48258,10,0.4989830508474576,0.6194915254237288
872113.913568,17507.40582101417,0.9733408278797125,0.0003613442004255832,0.026297827919861887,18,1238,72,228,48258,10,0.4989830508474576,0.6305084745762711
872113.913568,17507.40582101417,0.9733408278797125,0.0003613442004255832,0.026297827919861887,18,1238,72,228,48258,10,0.4989830508474576,0.6415254237288135
872113.913568,17507.40582101417,0.9733408278797125,0.0003613442004255832,0.026297827919861887,18,1238,72,228,48258,10,0.4989830508474576,0.6525423728813559
884917.998592,17764.443702412977,0.9733408278797125,0.0008832858232625366,0.025775886297024934,44,1221,63,228,48258,27,0.4989830508474576,0.6635593220338982
884917.998592,17764.443702412977,0.9733408278797125,0.0008832858232625366,0.025775886297024934,44,1221,63,228,48258,27,0.4989830508474576,0.6745762711864406
884917.998592,17764.443702412977,0.9733408278797125,0.0008832858232625366,0.025775886297024934,44,1221,63,228,48258,27,0.4989830508474576,0.685593220338983
884917.998592,17764.443702412977,0.9733408278797125,0.0008832858232625366,0.025775886297024934,44,1221,63,228,48258,27,0.4989830508474576,0.6966101694915253
884917.998592,17764.443702412977,0.9733408278797125,0.0008832858232625366,0.025775886297024934,44,1221,63,228,48258,27,0.4989830508474576,0.7076271186440677
893453.278848,17935.786703497008,0.9733408278797125,0.0015056008351065965,0.02515357128518087,75,1199,54,228,48258,49,0.4989830508474576,0.7186440677966102
893453.278848,17935.786703497008,0.9733408278797125,0.0015056008351065965,0.02515357128518087,75,1199,54,228,48258,49,0.4989830508474576,0.7296610169491524
893453.278848,17935.786703497008,0.9733408278797125,0.0015056008351065965,0.02515357128518087,75,1199,54,228,48258,49,0.4989830508474576,0.7406779661016949
893453.278848,17935.786703497008,0.9733408278797125,0.0015056008351065965,0.02515357128518087,75,1199,54,228,48258,49,0.4989830508474576,0.7516949152542372
893453.278848,17935.786703497008,0.9733408278797125,0.0015056008351065965,0.02515357128518087,75,1199,54,228,48258,49,0.4989830508474576,0.7627118644067796
930837.879648,18686.270519291764,0.9733408278797125,0.0021881398803549204,0.02447103223993255,109,1173,46,228,48258,75,0.4989830508474576,0.7737288135593219
930837.879648,18686.270519291764,0.9733408278797125,0.0021881398803549204,0.02447103223993255,109,1173,46,228,48258,75,0.4989830508474576,0.7847457627118644
930837.879648,18686.270519291764,0.9733408278797125,0.0021881398803549204,0.02447103223993255,109,1173,46,228,48258,75,0.4989830508474576,0.7957627118644066
930837.879648,18686.270519291764,0.9733408278797125,0.0021881398803549204,0.02447103223993255,109,1173,46,228,48258,75,0.4989830508474576,0.8067796610169491
930837.879648,18686.270519291764,0.9733408278797125,0.0021881398803549204,0.02447103223993255,109,1173,46,228,48258,75,0.4989830508474576,0.8177966101694913
930837.879648,18686.270519291764,0.9733408278797125,0.0021881398803549204,0.02447103223993255,109,1173,46,228,48258,75,0.4989830508474576,0.8288135593220338
930837.879648,18686.270519291764,0.9733408278797125,0.0021881398803549204,0.02447103223993255,109,1173,46,228,48258,75,0.4989830508474576,0.8398305084745761
930837.879648,18686.270519291764,0.9733408278797125,0.0021881398803549204,0.02447103223993255,109,1173,46,228,48258,75,0.4989830508474576,0.8508474576271186
939443.754592,18859.03068599189,0.9733408278797125,0.0027502308587947165,0.023908941261492754,137,1149,42,228,48258,99,0.4989830508474576,0.8618644067796608
939443.754592,18859.03068599189,0.9733408278797125,0.0027502308587947165,0.023908941261492754,137,1149,42,228,48258,99,0.4989830508474576,0.8728813559322033
939443.754592,18859.03068599189,0.9733408278797125,0.0027502308587947165,0.023908941261492754,137,1149,42,228,48258,99,0.4989830508474576,0.8838983050847455
939443.754592,18859.03068599189,0.9733408278797125,0.0027502308587947165,0.023908941261492754,137,1149,42,228,48258,99,0.4989830508474576,0.894915254237288
939443.754592,18859.03068599189,0.9733408278797125,0.0027502308587947165,0.023908941261492754,137,1149,42,228,48258,99,0.4989830508474576,0.9059322033898305
939443.754592,18859.03068599189,0.9733408278797125,0.0027502308587947165,0.023908941261492754,137,1149,42,228,48258,99,0.4989830508474576,0.9169491525423727
939443.754592,18859.03068599189,0.9733408278797125,0.0027502308587947165,0.023908941261492754,137,1149,42,228,48258,99,0.4989830508474576,0.9279661016949152
939443.754592,18859.03068599189,0.9733408278797125,0.0027502308587947165,0.023908941261492754,137,1149,42,228,48258,99,0.4989830508474576,0.9389830508474575
1012086.7528639999,20317.31547083149,0.9733408278797125,0.005540611073192275,0.021118561047095193,276,1017,35,228,48258,231,0.4989830508474576,0.95
874118.5392,17547.648034689042,0.9735014253021239,0.0,0.026498574697876098,0,1244,76,232,48262,0,0.5090847457627118,0.5093220338983051
874118.5392,17547.648034689042,0.9735014253021239,0.0,0.026498574697876098,0,1244,76,232,48262,0,0.5090847457627118,0.5203389830508474
874118.5392,17547.648034689042,0.9735014253021239,0.0,0.026498574697876098,0,1244,76,232,48262,0,0.5090847457627118,0.5313559322033898
874118.5392,17547.648034689042,0.9735014253021239,0.0,0.026498574697876098,0,1244,76,232,48262,0,0.5090847457627118,0.5423728813559321
874118.5392,17547.648034689042,0.9735014253021239,0.0,0.026498574697876098,0,1244,76,232,48262,0,0.5090847457627118,0.5533898305084746
874118.5392,17547.648034689042,0.9735014253021239,0.0,0.026498574697876098,0,1244,76,232,48262,0,0.5090847457627118,0.5644067796610168
874118.5392,17547.648034689042,0.9735014253021239,0.0,0.026498574697876098,0,1244,76,232,48262,0,0.5090847457627118,0.5754237288135593
874118.5392,17547.648034689042,0.9735014253021239,0.0,0.026498574697876098,0,1244,76,232,48262,0,0.5090847457627118,0.5864406779661016
874118.5392,17547.648034689042,0.9735014253021239,0.0,0.026498574697876098,0,1244,76,232,48262,0,0.5090847457627118,0.597457627118644
878110.211776,17627.77957554101,0.9735014253021239,0.00020074677801421286,0.026297827919861887,10,1238,72,232,48262,6,0.5090847457627118,0.6084745762711864
878110.211776,17627.77957554101,0.9735014253021239,0.00020074677801421286,0.026297827919861887,10,1238,72,232,48262,6,0.5090847457627118,0.6194915254237288
878110.211776,17627.77957554101,0.9735014253021239,0.00020074677801421286,0.026297827919861887,10,1238,72,232,48262,6,0.5090847457627118,0.6305084745762711
878110.211776,17627.77957554101,0.9735014253021239,0.00020074677801421286,0.026297827919861887,10,1238,72,232,48262,6,0.5090847457627118,0.6415254237288135
878110.211776,17627.77957554101,0.9735014253021239,0.00020074677801421286,0.026297827919861887,10,1238,72,232,48262,6,0.5090847457627118,0.6525423728813559
890914.2968,17884.817456939818,0.9735014253021239,0.0007226884008511664,0.025775886297024934,36,1221,63,232,48262,23,0.5090847457627118,0.6635593220338982
890914.2968,17884.817456939818,0.9735014253021239,0.0007226884008511664,0.025775886297024934,36,1221,63,232,48262,23,0.5090847457627118,0.6745762711864406
890914.2968,17884.817456939818,0.9735014253021239,0.0007226884008511664,0.025775886297024934,36,1221,63,232,48262,23,0.5090847457627118,0.685593220338983
890914.2968,17884.817456939818,0.9735014253021239,0.0007226884008511664,0.025775886297024934,36,1221,63,232,48262,23,0.5090847457627118,0.6966101694915253
890914.2968,17884.817456939818,0.9735014253021239,0.0007226884008511664,0.025775886297024934,36,1221,63,232,48262,23,0.5090847457627118,0.7076271186440677
899449.5770559999,18056.160458023845,0.9735014253021239,0.0013450034126952263,0.02515357128518087,67,1199,54,232,48262,45,0.5090847457627118,0.7186440677966102
899449.5770559999,18056.160458023845,0.9735014253021239,0.0013450034126952263,0.02515357128518087,67,1199,54,232,48262,45,0.5090847457627118,0.7296610169491524
899449.5770559999,18056.160458023845,0.9735014253021239,0.0013450034126952263,0.02515357128518087,67,1199,54,232,48262,45,0.5090847457627118,0.7406779661016949
899449.5770559999,18056.160458023845,0.9735014253021239,0.0013450034126952263,0.02515357128518087,67,1199,54,232,48262,45,0.5090847457627118,0.7516949152542372
899449.5770559999,18056.160458023845,0.9735014253021239,0.0013450034126952263,0.02515357128518087,67,1199,54,232,48262,45,0.5090847457627118,0.7627118644067796
936834.1778559999,18806.6442738186,0.9735014253021239,0.00202754245794355,0.02447103223993255,101,1173,46,232,48262,71,0.5090847457627118,0.7737288135593219
936834.1778559999,18806.6442738186,0.9735014253021239,0.00202754245794355,0.02447103223993255,101,1173,46,232,48262,71,0.5090847457627118,0.7847457627118644
936834.1778559999,18806.6442738186,0.9735014253021239,0.00202754245794355,0.02447103223993255,101,1173,46,232,48262,71,0.5090847457627118,0.7957627118644066
936834.1778559999,18806.6442738186,0.9735014253021239,0.00202754245794355,0.02447103223993255,101,1173,46,232,48262,71,0.5090847457627118,0.8067796610169491
936834.1778559999,18806.6442738186,0.9735014253021239,0.00202754245794355,0.02447103223993255,101,1173,46,232,48262,71,0.5090847457627118,0.8177966101694913
936834.1778559999,18806.6442738186,0.9735014253021239,0.00202754245794355,0.02447103223993255,101,1173,46,232,48262,71,0.5090847457627118,0.8288135593220338
936834.1778559999,18806.6442738186,0.9735014253021239,0.00202754245794355,0.02447103223993255,101,1173,46,232,48262,71,0.5090847457627118,0.8398305084745761
936834.1778559999,18806.6442738186,0.9735014253021239,0.00202754245794355,0.02447103223993255,101,1173,46,232,48262,71,0.5090847457627118,0.8508474576271186
945440.0528,18979.404440518727,0.9735014253021239,0.002589633436383346,0.023908941261492754,129,1149,42,232,48262,95,0.5090847457627118,0.8618644067796608
945440.0528,18979.404440518727,0.9735014253021239,0.002589633436383346,0.023908941261492754,129,1149,42,232,48262,95,0.5090847457627118,0.8728813559322033
945440.0528,18979.404440518727,0.9735014253021239,0.002589633436383346,0.023908941261492754,129,1149,42,232,48262,95,0.5090847457627118,0.8838983050847455
945440.0528,18979.404440518727,0.9735014253021239,0.002589633436383346,0.023908941261492754,129,1149,42,232,48262,95,0.5090847457627118,0.894915254237288
945440.0528,18979.404440518727,0.9735014253021239,0.002589633436383346,0.023908941261492754,129,1149,42,232,48262,95,0.5090847457627118,0.9059322033898305
945440.0528,18979.404440518727,0.9735014253021239,0.002589633436383346,0.023908941261492754,129,1149,42,232,48262,95,0.5090847457627118,0.9169491525423727
945440.0528,18979.404440518727,0.9735014253021239,0.002589633436383346,0.023908941261492754,129,1149,42,232,48262,95,0.5090847457627118,0.9279661016949152
945440.0528,18979.404440518727,0.9735014253021239,0.002589633436383346,0.023908941261492754,129,1149,42,232,48262,95,0.5090847457627118,0.9389830508474575
1018083.0510720001,20437.689225358332,0.9735014253021239,0.005380013650780905,0.021118561047095193,268,1017,35,232,48262,227,0.5090847457627118,0.95
874118.5392,17547.648034689042,0.9735014253021239,0.0,0.026498574697876098,0,1244,76,232,48262,0,0.519186440677966,0.5203389830508474
874118.5392,17547.648034689042,0.9735014253021239,0.0,0.026498574697876098,0,1244,76,232,48262,0,0.519186440677966,0.5313559322033898
874118.5392,17547.648034689042,0.9735014253021239,0.0,0.026498574697876098,0,1244,76,232,48262,0,0.519186440677966,0.5423728813559321
874118.5392,17547.648034689042,0.9735014253021239,0.0,0.026498574697876098,0,1244,76,232,48262,0,0.519186440677966,0.5533898305084746
874118.5392,17547.648034689042,0.9735014253021239,0.0,0.026498574697876098,0,1244,76,232,48262,0,0.519186440677966,0.5644067796610168
874118.5392,17547.648034689042,0.9735014253021239,0.0,0.026498574697876098,0,1244,76,232,48262,0,0.519186440677966,0.5754237288135593
874118.5392,17547.648034689042,0.9735014253021239,0.0,0.026498574697876098,0,1244,76,232,48262,0,0.519186440677966,0.5864406779661016
874118.5392,17547.648034689042,0.9735014253021239,0.0,0.026498574697876098,0,1244,76,232,48262,0,0.519186440677966,0.597457627118644
878110.211776,17627.77957554101,0.9735014253021239,0.00020074677801421286,0.026297827919861887,10,1238,72,232,48262,6,0.519186440677966,0.6084745762711864
878110.211776,17627.77957554101,0.9735014253021239,0.00020074677801421286,0.026297827919861887,10,1238,72,232,48262,6,0.519186440677966,0.6194915254237288
878110.211776,17627.77957554101,0.9735014253021239,0.00020074677801421286,0.026297827919861887,10,1238,72,232,48262,6,0.519186440677966,0.6305084745762711
878110.211776,17627.77957554101,0.9735014253021239,0.00020074677801421286,0.026297827919861887,10,1238,72,232,48262,6,0.519186440677966,0.6415254237288135
878110.211776,17627.77957554101,0.9735014253021239,0.00020074677801421286,0.026297827919861887,10,1238,72,232,48262,6,0.519186440677966,0.6525423728813559
890914.2968,17884.817456939818,0.9735014253021239,0.0007226884008511664,0.025775886297024934,36,1221,63,232,48262,23,0.519186440677966,0.6635593220338982
890914.2968,17884.817456939818,0.9735014253021239,0.0007226884008511664,0.025775886297024934,36,1221,63,232,48262,23,0.519186440677966,0.6745762711864406
890914.2968,17884.817456939818,0.9735014253021239,0.0007226884008511664,0.025775886297024934,36,1221,63,232,48262,23,0.519186440677966,0.685593220338983
890914.2968,17884.817456939818,0.9735014253021239,0.0007226884008511664,0.025775886297024934,36,1221,63,232,48262,23,0.519186440677966,0.6966101694915253
890914.2968,17884.817456939818,0.9735014253021239,0.0007226884008511664,0.025775886297024934,36,1221,63,232,48262,23,0.519186440677966,0.7076271186440677
899449.5770559999,18056.160458023845,0.9735014253021239,0.0013450034126952263,0.02515357128518087,67,1199,54,232,48262,45,0.519186440677966,0.7186440677966102
899449.5770559999,18056.160458023845,0.9735014253021239,0.0013450034126952263,0.02515357128518087,67,1199,54,232,48262,45,0.519186440677966,0.7296610169491524
899449.5770559999,18056.160458023845,0.9735014253021239,0.0013450034126952263,0.02515357128518087,67,1199,54,232,48262,45,0.519186440677966,0.7406779661016949
899449.5770559999,18056.160458023845,0.9735014253021239,0.0013450034126952263,0.02515357128518087,67,1199,54,232,48262,45,0.519186440677966,0.7516949152542372
899449.5770559999,18056.160458023845,0.9735014253021239,0.0013450034126952263,0.02515357128518087,67,1199,54,232,48262,45,0.519186440677966,0.7627118644067796
936834.1778559999,18806.6442738186,0.9735014253021239,0.00202754245794355,0.02447103223993255,101,1173,46,232,48262,71,0.519186440677966,0.7737288135593219
936834.1778559999,18806.6442738186,0.9735014253021239,0.00202754245794355,0.02447103223993255,101,1173,46,232,48262,71,0.519186440677966,0.7847457627118644
936834.1778559999,18806.6442738186,0.9735014253021239,0.00202754245794355,0.02447103223993255,101,1173,46,232,48262,71,0.519186440677966,0.7957627118644066
936834.1778559999,18806.6442738186,0.9735014253021239,0.00202754245794355,0.02447103223993255,101,1173,46,232,48262,71,0.519186440677966,0.8067796610169491
936834.1778559999,18806.6442738186,0.9735014253021239,0.00202754245794355,0.02447103223993255,101,1173,46,232,48262,71,0.519186440677966,0.8177966101694913
936834.1778559999,18806.6442738186,0.9735014253021239,0.00202754245794355,0.02447103223993255,101,1173,46,232,48262,71,0.519186440677966,0.8288135593220338
936834.1778559999,18806.6442738186,0.9735014253021239,0.00202754245794355,0.02447103223993255,101,1173,46,232,48262,71,0.519186440677966,0.8398305084745761
936834.1778559999,18806.6442738186,0.9735014253021239,0.00202754245794355,0.02447103223993255,101,1173,46,232,48262,71,0.519186440677966,0.8508474576271186
945440.0528,18979.404440518727,0.9735014253021239,0.002589633436383346,0.023908941261492754,129,1149,42,232,48262,95,0.519186440677966,0.8618644067796608
945440.0528,18979.404440518727,0.9735014253021239,0.002589633436383346,0.023908941261492754,129,1149,42,232,48262,95,0.519186440677966,0.8728813559322033
945440.0528,18979.404440518727,0.9735014253021239,0.002589633436383346,0.023908941261492754,129,1149,42,232,48262,95,0.519186440677966,0.8838983050847455
945440.0528,18979.404440518727,0.9735014253021239,0.002589633436383346,0.023908941261492754,129,1149,42,232,48262,95,0.519186440677966,0.894915254237288
945440.0528,18979.404440518727,0.9735014253021239,0.002589633436383346,0.023908941261492754,129,1149,42,232,48262,95,0.519186440677966,0.9059322033898305
945440.0528,18979.404440518727,0.9735014253021239,0.002589633436383346,0.023908941261492754,129,1149,42,232,48262,95,0.519186440677966,0.9169491525423727
945440.0528,18979.404440518727,0.9735014253021239,0.002589633436383346,0.023908941261492754,129,1149,42,232,48262,95,0.519186440677966,0.9279661016949152
945440.0528,18979.404440518727,0.9735014253021239,0.002589633436383346,0.023908941261492754,129,1149,42,232,48262,95,0.519186440677966,0.9389830508474575
1018083.0510720001,20437.689225358332,0.9735014253021239,0.005380013650780905,0.021118561047095193,268,1017,35,232,48262,227,0.519186440677966,0.95
874118.5392,17547.648034689042,0.9735014253021239,0.0,0.026498574697876098,0,1244,76,232,48262,0,0.5292881355932203,0.5313559322033898
874118.5392,17547.648034689042,0.9735014253021239,0.0,0.026498574697876098,0,1244,76,232,48262,0,0.5292881355932203,0.5423728813559321
874118.5392,17547.648034689042,0.9735014253021239,0.0,0.026498574697876098,0,1244,76,232,48262,0,0.5292881355932203,0.5533898305084746
874118.5392,17547.648034689042,0.9735014253021239,0.0,0.026498574697876098,0,1244,76,232,48262,0,0.5292881355932203,0.5644067796610168
874118.5392,17547.648034689042,0.9735014253021239,0.0,0.026498574697876098,0,1244,76,232,48262,0,0.5292881355932203,0.5754237288135593
874118.5392,17547.648034689042,0.9735014253021239,0.0,0.026498574697876098,0,1244,76,232,48262,0,0.5292881355932203,0.5864406779661016
874118.5392,17547.648034689042,0.9735014253021239,0.0,0.026498574697876098,0,1244,76,232,48262,0,0.5292881355932203,0.597457627118644
878110.211776,17627.77957554101,0.9735014253021239,0.00020074677801421286,0.026297827919861887,10,1238,72,232,48262,6,0.5292881355932203,0.6084745762711864
878110.211776,17627.77957554101,0.9735014253021239,0.00020074677801421286,0.026297827919861887,10,1238,72,232,48262,6,0.5292881355932203,0.6194915254237288
878110.211776,17627.77957554101,0.9735014253021239,0.00020074677801421286,0.026297827919861887,10,1238,72,232,48262,6,0.5292881355932203,0.6305084745762711
878110.211776,17627.77957554101,0.9735014253021239,0.00020074677801421286,0.026297827919861887,10,1238,72,232,48262,6,0.5292881355932203,0.6415254237288135
878110.211776,17627.77957554101,0.9735014253021239,0.00020074677801421286,0.026297827919861887,10,1238,72,232,48262,6,0.5292881355932203,0.6525423728813559
890914.2968,17884.817456939818,0.9735014253021239,0.0007226884008511664,0.025775886297024934,36,1221,63,232,48262,23,0.5292881355932203,0.6635593220338982
890914.2968,17884.817456939818,0.9735014253021239,0.0007226884008511664,0.025775886297024934,36,1221,63,232,48262,23,0.5292881355932203,0.6745762711864406
890914.2968,17884.817456939818,0.9735014253021239,0.0007226884008511664,0.025775886297024934,36,1221,63,232,48262,23,0.5292881355932203,0.685593220338983
890914.2968,17884.817456939818,0.9735014253021239,0.0007226884008511664,0.025775886297024934,36,1221,63,232,48262,23,0.5292881355932203,0.6966101694915253
890914.2968,17884.817456939818,0.9735014253021239,0.0007226884008511664,0.025775886297024934,36,1221,63,232,48262,23,0.5292881355932203,0.7076271186440677
899449.5770559999,18056.160458023845,0.9735014253021239,0.0013450034126952263,0.02515357128518087,67,1199,54,232,48262,45,0.5292881355932203,0.7186440677966102
899449.5770559999,18056.160458023845,0.9735014253021239,0.0013450034126952263,0.02515357128518087,67,1199,54,232,48262,45,0.5292881355932203,0.7296610169491524
899449.5770559999,18056.160458023845,0.9735014253021239,0.0013450034126952263,0.02515357128518087,67,1199,54,232,48262,45,0.5292881355932203,0.7406779661016949
899449.5770559999,18056.160458023845,0.9735014253021239,0.0013450034126952263,0.02515357128518087,67,1199,54,232,48262,45,0.5292881355932203,0.7516949152542372
899449.5770559999,18056.160458023845,0.9735014253021239,0.0013450034126952263,0.02515357128518087,67,1199,54,232,48262,45,0.5292881355932203,0.7627118644067796
936834.1778559999,18806.6442738186,0.9735014253021239,0.00202754245794355,0.02447103223993255,101,1173,46,232,48262,71,0.5292881355932203,0.7737288135593219
936834.1778559999,18806.6442738186,0.9735014253021239,0.00202754245794355,0.02447103223993255,101,1173,46,232,48262,71,0.5292881355932203,0.7847457627118644
936834.1778559999,18806.6442738186,0.9735014253021239,0.00202754245794355,0.02447103223993255,101,1173,46,232,48262,71,0.5292881355932203,0.7957627118644066
936834.1778559999,18806.6442738186,0.9735014253021239,0.00202754245794355,0.02447103223993255,101,1173,46,232,48262,71,0.5292881355932203,0.8067796610169491
936834.1778559999,18806.6442738186,0.9735014253021239,0.00202754245794355,0.02447103223993255,101,1173,46,232,48262,71,0.5292881355932203,0.8177966101694913
936834.1778559999,18806.6442738186,0.9735014253021239,0.00202754245794355,0.02447103223993255,101,1173,46,232,48262,71,0.5292881355932203,0.8288135593220338
936834.1778559999,18806.6442738186,0.9735014253021239,0.00202754245794355,0.02447103223993255,101,1173,46,232,48262,71,0.5292881355932203,0.8398305084745761
936834.1778559999,18806.6442738186,0.9735014253021239,0.00202754245794355,0.02447103223993255,101,1173,46,232,48262,71,0.5292881355932203,0.8508474576271186
945440.0528,18979.404440518727,0.9735014253021239,0.002589633436383346,0.023908941261492754,129,1149,42,232,48262,95,0.5292881355932203,0.8618644067796608
945440.0528,18979.404440518727,0.9735014253021239,0.002589633436383346,0.023908941261492754,129,1149,42,232,48262,95,0.5292881355932203,0.8728813559322033
945440.0528,18979.404440518727,0.9735014253021239,0.002589633436383346,0.023908941261492754,129,1149,42,232,48262,95,0.5292881355932203,0.8838983050847455
945440.0528,18979.404440518727,0.9735014253021239,0.002589633436383346,0.023908941261492754,129,1149,42,232,48262,95,0.5292881355932203,0.894915254237288
945440.0528,18979.404440518727,0.9735014253021239,0.002589633436383346,0.023908941261492754,129,1149,42,232,48262,95,0.5292881355932203,0.9059322033898305
945440.0528,18979.404440518727,0.9735014253021239,0.002589633436383346,0.023908941261492754,129,1149,42,232,48262,95,0.5292881355932203,0.9169491525423727
945440.0528,18979.404440518727,0.9735014253021239,0.002589633436383346,0.023908941261492754,129,1149,42,232,48262,95,0.5292881355932203,0.9279661016949152
945440.0528,18979.404440518727,0.9735014253021239,0.002589633436383346,0.023908941261492754,129,1149,42,232,48262,95,0.5292881355932203,0.9389830508474575
1018083.0510720001,20437.689225358332,0.9735014253021239,0.005380013650780905,0.021118561047095193,268,1017,35,232,48262,227,0.5292881355932203,0.95
874118.5392,17547.648034689042,0.9735014253021239,0.0,0.026498574697876098,0,1244,76,232,48262,0,0.5393898305084746,0.5423728813559321
874118.5392,17547.648034689042,0.9735014253021239,0.0,0.026498574697876098,0,1244,76,232,48262,0,0.5393898305084746,0.5533898305084746
874118.5392,17547.648034689042,0.9735014253021239,0.0,0.026498574697876098,0,1244,76,232,48262,0,0.5393898305084746,0.5644067796610168
874118.5392,17547.648034689042,0.9735014253021239,0.0,0.026498574697876098,0,1244,76,232,48262,0,0.5393898305084746,0.5754237288135593
874118.5392,17547.648034689042,0.9735014253021239,0.0,0.026498574697876098,0,1244,76,232,48262,0,0.5393898305084746,0.5864406779661016
874118.5392,17547.648034689042,0.9735014253021239,0.0,0.026498574697876098,0,1244,76,232,48262,0,0.5393898305084746,0.597457627118644
878110.211776,17627.77957554101,0.9735014253021239,0.00020074677801421286,0.026297827919861887,10,1238,72,232,48262,6,0.5393898305084746,0.6084745762711864
878110.211776,17627.77957554101,0.9735014253021239,0.00020074677801421286,0.026297827919861887,10,1238,72,232,48262,6,0.5393898305084746,0.6194915254237288
878110.211776,17627.77957554101,0.9735014253021239,0.00020074677801421286,0.026297827919861887,10,1238,72,232,48262,6,0.5393898305084746,0.6305084745762711
878110.211776,17627.77957554101,0.9735014253021239,0.00020074677801421286,0.026297827919861887,10,1238,72,232,48262,6,0.5393898305084746,0.6415254237288135
878110.211776,17627.77957554101,0.9735014253021239,0.00020074677801421286,0.026297827919861887,10,1238,72,232,48262,6,0.5393898305084746,0.6525423728813559
890914.2968,17884.817456939818,0.9735014253021239,0.0007226884008511664,0.025775886297024934,36,1221,63,232,48262,23,0.5393898305084746,0.6635593220338982
890914.2968,17884.817456939818,0.9735014253021239,0.0007226884008511664,0.025775886297024934,36,1221,63,232,48262,23,0.5393898305084746,0.6745762711864406
890914.2968,17884.817456939818,0.9735014253021239,0.0007226884008511664,0.025775886297024934,36,1221,63,232,48262,23,0.5393898305084746,0.685593220338983
890914.2968,17884.817456939818,0.9735014253021239,0.0007226884008511664,0.025775886297024934,36,1221,63,232,48262,23,0.5393898305084746,0.6966101694915253
890914.2968,17884.817456939818,0.9735014253021239,0.0007226884008511664,0.025775886297024934,36,1221,63,232,48262,23,0.5393898305084746,0.7076271186440677
899449.5770559999,18056.160458023845,0.9735014253021239,0.0013450034126952263,0.02515357128518087,67,1199,54,232,48262,45,0.5393898305084746,0.7186440677966102
899449.5770559999,18056.160458023845,0.9735014253021239,0.0013450034126952263,0.02515357128518087,67,1199,54,232,48262,45,0.5393898305084746,0.7296610169491524
899449.5770559999,18056.160458023845,0.9735014253021239,0.0013450034126952263,0.02515357128518087,67,1199,54,232,48262,45,0.5393898305084746,0.7406779661016949
899449.5770559999,18056.160458023845,0.9735014253021239,0.0013450034126952263,0.02515357128518087,67,1199,54,232,48262,45,0.5393898305084746,0.7516949152542372
899449.5770559999,18056.160458023845,0.9735014253021239,0.0013450034126952263,0.02515357128518087,67,1199,54,232,48262,45,0.5393898305084746,0.7627118644067796
936834.1778559999,18806.6442738186,0.9735014253021239,0.00202754245794355,0.02447103223993255,101,1173,46,232,48262,71,0.5393898305084746,0.7737288135593219
936834.1778559999,18806.6442738186,0.9735014253021239,0.00202754245794355,0.02447103223993255,101,1173,46,232,48262,71,0.5393898305084746,0.7847457627118644
936834.1778559999,18806.6442738186,0.9735014253021239,0.00202754245794355,0.02447103223993255,101,1173,46,232,48262,71,0.5393898305084746,0.7957627118644066
936834.1778559999,18806.6442738186,0.9735014253021239,0.00202754245794355,0.02447103223993255,101,1173,46,232,48262,71,0.5393898305084746,0.8067796610169491
936834.1778559999,18806.6442738186,0.9735014253021239,0.00202754245794355,0.02447103223993255,101,1173,46,232,48262,71,0.5393898305084746,0.8177966101694913
936834.1778559999,18806.6442738186,0.9735014253021239,0.00202754245794355,0.02447103223993255,101,1173,46,232,48262,71,0.5393898305084746,0.8288135593220338
936834.1778559999,18806.6442738186,0.9735014253021239,0.00202754245794355,0.02447103223993255,101,1173,46,232,48262,71,0.5393898305084746,0.8398305084745761
936834.1778559999,18806.6442738186,0.9735014253021239,0.00202754245794355,0.02447103223993255,101,1173,46,232,48262,71,0.5393898305084746,0.8508474576271186
945440.0528,18979.404440518727,0.9735014253021239,0.002589633436383346,0.023908941261492754,129,1149,42,232,48262,95,0.5393898305084746,0.8618644067796608
945440.0528,18979.404440518727,0.9735014253021239,0.002589633436383346,0.023908941261492754,129,1149,42,232,48262,95,0.5393898305084746,0.8728813559322033
945440.0528,18979.404440518727,0.9735014253021239,0.002589633436383346,0.023908941261492754,129,1149,42,232,48262,95,0.5393898305084746,0.8838983050847455
945440.0528,18979.404440518727,0.9735014253021239,0.002589633436383346,0.023908941261492754,129,1149,42,232,48262,95,0.5393898305084746,0.894915254237288
945440.0528,18979.404440518727,0.9735014253021239,0.002589633436383346,0.023908941261492754,129,1149,42,232,48262,95,0.5393898305084746,0.9059322033898305
945440.0528,18979.404440518727,0.9735014253021239,0.002589633436383346,0.023908941261492754,129,1149,42,232,48262,95,0.5393898305084746,0.9169491525423727
945440.0528,18979.404440518727,0.9735014253021239,0.002589633436383346,0.023908941261492754,129,1149,42,232,48262,95,0.5393898305084746,0.9279661016949152
945440.0528,18979.404440518727,0.9735014253021239,0.002589633436383346,0.023908941261492754,129,1149,42,232,48262,95,0.5393898305084746,0.9389830508474575
1018083.0510720001,20437.689225358332,0.9735014253021239,0.005380013650780905,0.021118561047095193,268,1017,35,232,48262,227,0.5393898305084746,0.95
874118.5392,17547.648034689042,0.9735014253021239,0.0,0.026498574697876098,0,1244,76,232,48262,0,0.5494915254237288,0.5533898305084746
874118.5392,17547.648034689042,0.9735014253021239,0.0,0.026498574697876098,0,1244,76,232,48262,0,0.5494915254237288,0.5644067796610168
874118.5392,17547.648034689042,0.9735014253021239,0.0,0.026498574697876098,0,1244,76,232,48262,0,0.5494915254237288,0.5754237288135593
874118.5392,17547.648034689042,0.9735014253021239,0.0,0.026498574697876098,0,1244,76,232,48262,0,0.5494915254237288,0.5864406779661016
874118.5392,17547.648034689042,0.9735014253021239,0.0,0.026498574697876098,0,1244,76,232,48262,0,0.5494915254237288,0.597457627118644
878110.211776,17627.77957554101,0.9735014253021239,0.00020074677801421286,0.026297827919861887,10,1238,72,232,48262,6,0.5494915254237288,0.6084745762711864
878110.211776,17627.77957554101,0.9735014253021239,0.00020074677801421286,0.026297827919861887,10,1238,72,232,48262,6,0.5494915254237288,0.6194915254237288
878110.211776,17627.77957554101,0.9735014253021239,0.00020074677801421286,0.026297827919861887,10,1238,72,232,48262,6,0.5494915254237288,0.6305084745762711
878110.211776,17627.77957554101,0.9735014253021239,0.00020074677801421286,0.026297827919861887,10,1238,72,232,48262,6,0.5494915254237288,0.6415254237288135
878110.211776,17627.77957554101,0.9735014253021239,0.00020074677801421286,0.026297827919861887,10,1238,72,232,48262,6,0.5494915254237288,0.6525423728813559
890914.2968,17884.817456939818,0.9735014253021239,0.0007226884008511664,0.025775886297024934,36,1221,63,232,48262,23,0.5494915254237288,0.6635593220338982
890914.2968,17884.817456939818,0.9735014253021239,0.0007226884008511664,0.025775886297024934,36,1221,63,232,48262,23,0.5494915254237288,0.6745762711864406
890914.2968,17884.817456939818,0.9735014253021239,0.0007226884008511664,0.025775886297024934,36,1221,63,232,48262,23,0.5494915254237288,0.685593220338983
890914.2968,17884.817456939818,0.9735014253021239,0.0007226884008511664,0.025775886297024934,36,1221,63,232,48262,23,0.5494915254237288,0.6966101694915253
890914.2968,17884.817456939818,0.9735014253021239,0.0007226884008511664,0.025775886297024934,36,1221,63,232,48262,23,0.5494915254237288,0.7076271186440677
899449.5770559999,18056.160458023845,0.9735014253021239,0.0013450034126952263,0.02515357128518087,67,1199,54,232,48262,45,0.5494915254237288,0.7186440677966102
899449.5770559999,18056.160458023845,0.9735014253021239,0.0013450034126952263,0.02515357128518087,67,1199,54,232,48262,45,0.5494915254237288,0.7296610169491524
899449.5770559999,18056.160458023845,0.9735014253021239,0.0013450034126952263,0.02515357128518087,67,1199,54,232,48262,45,0.5494915254237288,0.7406779661016949
899449.5770559999,18056.160458023845,0.9735014253021239,0.0013450034126952263,0.02515357128518087,67,1199,54,232,48262,45,0.5494915254237288,0.7516949152542372
899449.5770559999,18056.160458023845,0.9735014253021239,0.0013450034126952263,0.02515357128518087,67,1199,54,232,48262,45,0.5494915254237288,0.7627118644067796
936834.1778559999,18806.6442738186,0.9735014253021239,0.00202754245794355,0.02447103223993255,101,1173,46,232,48262,71,0.5494915254237288,0.7737288135593219
936834.1778559999,18806.6442738186,0.9735014253021239,0.00202754245794355,0.02447103223993255,101,1173,46,232,48262,71,0.5494915254237288,0.7847457627118644
936834.1778559999,18806.6442738186,0.9735014253021239,0.00202754245794355,0.02447103223993255,101,1173,46,232,48262,71,0.5494915254237288,0.7957627118644066
936834.1778559999,18806.6442738186,0.9735014253021239,0.00202754245794355,0.02447103223993255,101,1173,46,232,48262,71,0.5494915254237288,0.8067796610169491
936834.1778559999,18806.6442738186,0.9735014253021239,0.00202754245794355,0.02447103223993255,101,1173,46,232,48262,71,0.5494915254237288,0.8177966101694913
936834.1778559999,18806.6442738186,0.9735014253021239,0.00202754245794355,0.02447103223993255,101,1173,46,232,48262,71,0.5494915254237288,0.8288135593220338
936834.1778559999,18806.6442738186,0.9735014253021239,0.00202754245794355,0.02447103223993255,101,1173,46,232,48262,71,0.5494915254237288,0.8398305084745761
936834.1778559999,18806.6442738186,0.9735014253021239,0.00202754245794355,0.02447103223993255,101,1173,46,232,48262,71,0.5494915254237288,0.8508474576271186
945440.0528,18979.404440518727,0.9735014253021239,0.002589633436383346,0.023908941261492754,129,1149,42,232,48262,95,0.5494915254237288,0.8618644067796608
945440.0528,18979.404440518727,0.9735014253021239,0.002589633436383346,0.023908941261492754,129,1149,42,232,48262,95,0.5494915254237288,0.8728813559322033
945440.0528,18979.404440518727,0.9735014253021239,0.002589633436383346,0.023908941261492754,129,1149,42,232,48262,95,0.5494915254237288,0.8838983050847455
945440.0528,18979.404440518727,0.9735014253021239,0.002589633436383346,0.023908941261492754,129,1149,42,232,48262,95,0.5494915254237288,0.894915254237288
945440.0528,18979.404440518727,0.9735014253021239,0.002589633436383346,0.023908941261492754,129,1149,42,232,48262,95,0.5494915254237288,0.9059322033898305
945440.0528,18979.404440518727,0.9735014253021239,0.002589633436383346,0.023908941261492754,129,1149,42,232,48262,95,0.5494915254237288,0.9169491525423727
945440.0528,18979.404440518727,0.9735014253021239,0.002589633436383346,0.023908941261492754,129,1149,42,232,48262,95,0.5494915254237288,0.9279661016949152
945440.0528,18979.404440518727,0.9735014253021239,0.002589633436383346,0.023908941261492754,129,1149,42,232,48262,95,0.5494915254237288,0.9389830508474575
1018083.0510720001,20437.689225358332,0.9735014253021239,0.005380013650780905,0.021118561047095193,268,1017,35,232,48262,227,0.5494915254237288,0.95
874118.5392,17547.648034689042,0.9735014253021239,0.0,0.026498574697876098,0,1244,76,232,48262,0,0.5595932203389831,0.5644067796610168
874118.5392,17547.648034689042,0.9735014253021239,0.0,0.026498574697876098,0,1244,76,232,48262,0,0.5595932203389831,0.5754237288135593
874118.5392,17547.648034689042,0.9735014253021239,0.0,0.026498574697876098,0,1244,76,232,48262,0,0.5595932203389831,0.5864406779661016
874118.5392,17547.648034689042,0.9735014253021239,0.0,0.026498574697876098,0,1244,76,232,48262,0,0.5595932203389831,0.597457627118644
878110.211776,17627.77957554101,0.9735014253021239,0.00020074677801421286,0.026297827919861887,10,1238,72,232,48262,6,0.5595932203389831,0.6084745762711864
878110.211776,17627.77957554101,0.9735014253021239,0.00020074677801421286,0.026297827919861887,10,1238,72,232,48262,6,0.5595932203389831,0.6194915254237288
878110.211776,17627.77957554101,0.9735014253021239,0.00020074677801421286,0.026297827919861887,10,1238,72,232,48262,6,0.5595932203389831,0.6305084745762711
878110.211776,17627.77957554101,0.9735014253021239,0.00020074677801421286,0.026297827919861887,10,1238,72,232,48262,6,0.5595932203389831,0.6415254237288135
878110.211776,17627.77957554101,0.9735014253021239,0.00020074677801421286,0.026297827919861887,10,1238,72,232,48262,6,0.5595932203389831,0.6525423728813559
890914.2968,17884.817456939818,0.9735014253021239,0.0007226884008511664,0.025775886297024934,36,1221,63,232,48262,23,0.5595932203389831,0.6635593220338982
890914.2968,17884.817456939818,0.9735014253021239,0.0007226884008511664,0.025775886297024934,36,1221,63,232,48262,23,0.5595932203389831,0.6745762711864406
890914.2968,17884.817456939818,0.9735014253021239,0.0007226884008511664,0.025775886297024934,36,1221,63,232,48262,23,0.5595932203389831,0.685593220338983
890914.2968,17884.817456939818,0.9735014253021239,0.0007226884008511664,0.025775886297024934,36,1221,63,232,48262,23,0.5595932203389831,0.6966101694915253
890914.2968,17884.817456939818,0.9735014253021239,0.0007226884008511664,0.025775886297024934,36,1221,63,232,48262,23,0.5595932203389831,0.7076271186440677
899449.5770559999,18056.160458023845,0.9735014253021239,0.0013450034126952263,0.02515357128518087,67,1199,54,232,48262,45,0.5595932203389831,0.7186440677966102
899449.5770559999,18056.160458023845,0.9735014253021239,0.0013450034126952263,0.02515357128518087,67,1199,54,232,48262,45,0.5595932203389831,0.7296610169491524
899449.5770559999,18056.160458023845,0.9735014253021239,0.0013450034126952263,0.02515357128518087,67,1199,54,232,48262,45,0.5595932203389831,0.7406779661016949
899449.5770559999,18056.160458023845,0.9735014253021239,0.0013450034126952263,0.02515357128518087,67,1199,54,232,48262,45,0.5595932203389831,0.7516949152542372
899449.5770559999,18056.160458023845,0.9735014253021239,0.0013450034126952263,0.02515357128518087,67,1199,54,232,48262,45,0.5595932203389831,0.7627118644067796
936834.1778559999,18806.6442738186,0.9735014253021239,0.00202754245794355,0.02447103223993255,101,1173,46,232,48262,71,0.5595932203389831,0.7737288135593219
936834.1778559999,18806.6442738186,0.9735014253021239,0.00202754245794355,0.02447103223993255,101,1173,46,232,48262,71,0.5595932203389831,0.7847457627118644
936834.1778559999,18806.6442738186,0.9735014253021239,0.00202754245794355,0.02447103223993255,101,1173,46,232,48262,71,0.5595932203389831,0.7957627118644066
936834.1778559999,18806.6442738186,0.9735014253021239,0.00202754245794355,0.02447103223993255,101,1173,46,232,48262,71,0.5595932203389831,0.8067796610169491
936834.1778559999,18806.6442738186,0.9735014253021239,0.00202754245794355,0.02447103223993255,101,1173,46,232,48262,71,0.5595932203389831,0.8177966101694913
936834.1778559999,18806.6442738186,0.9735014253021239,0.00202754245794355,0.02447103223993255,101,1173,46,232,48262,71,0.5595932203389831,0.8288135593220338
936834.1778559999,18806.6442738186,0.9735014253021239,0.00202754245794355,0.02447103223993255,101,1173,46,232,48262,71,0.5595932203389831,0.8398305084745761
936834.1778559999,18806.6442738186,0.9735014253021239,0.00202754245794355,0.02447103223993255,101,1173,46,232,48262,71,0.5595932203389831,0.8508474576271186
945440.0528,18979.404440518727,0.9735014253021239,0.002589633436383346,0.023908941261492754,129,1149,42,232,48262,95,0.5595932203389831,0.8618644067796608
945440.0528,18979.404440518727,0.9735014253021239,0.002589633436383346,0.023908941261492754,129,1149,42,232,48262,95,0.5595932203389831,0.8728813559322033
945440.0528,18979.404440518727,0.9735014253021239,0.002589633436383346,0.023908941261492754,129,1149,42,232,48262,95,0.5595932203389831,0.8838983050847455
945440.0528,18979.404440518727,0.9735014253021239,0.002589633436383346,0.023908941261492754,129,1149,42,232,48262,95,0.5595932203389831,0.894915254237288
945440.0528,18979.404440518727,0.9735014253021239,0.002589633436383346,0.023908941261492754,129,1149,42,232,48262,95,0.5595932203389831,0.9059322033898305
945440.0528,18979.404440518727,0.9735014253021239,0.002589633436383346,0.023908941261492754,129,1149,42,232,48262,95,0.5595932203389831,0.9169491525423727
945440.0528,18979.404440518727,0.9735014253021239,0.002589633436383346,0.023908941261492754,129,1149,42,232,48262,95,0.5595932203389831,0.9279661016949152
945440.0528,18979.404440518727,0.9735014253021239,0.002589633436383346,0.023908941261492754,129,1149,42,232,48262,95,0.5595932203389831,0.9389830508474575
1018083.0510720001,20437.689225358332,0.9735014253021239,0.005380013650780905,0.021118561047095193,268,1017,35,232,48262,227,0.5595932203389831,0.95
874118.5392,17547.648034689042,0.9735014253021239,0.0,0.026498574697876098,0,1244,76,232,48262,0,0.5696949152542372,0.5754237288135593
874118.5392,17547.648034689042,0.9735014253021239,0.0,0.026498574697876098,0,1244,76,232,48262,0,0.5696949152542372,0.5864406779661016
874118.5392,17547.648034689042,0.9735014253021239,0.0,0.026498574697876098,0,1244,76,232,48262,0,0.5696949152542372,0.597457627118644
878110.211776,17627.77957554101,0.9735014253021239,0.00020074677801421286,0.026297827919861887,10,1238,72,232,48262,6,0.5696949152542372,0.6084745762711864
878110.211776,17627.77957554101,0.9735014253021239,0.00020074677801421286,0.026297827919861887,10,1238,72,232,48262,6,0.5696949152542372,0.6194915254237288
878110.211776,17627.77957554101,0.9735014253021239,0.00020074677801421286,0.026297827919861887,10,1238,72,232,48262,6,0.5696949152542372,0.6305084745762711
878110.211776,17627.77957554101,0.9735014253021239,0.00020074677801421286,0.026297827919861887,10,1238,72,232,48262,6,0.5696949152542372,0.6415254237288135
878110.211776,17627.77957554101,0.9735014253021239,0.00020074677801421286,0.026297827919861887,10,1238,72,232,48262,6,0.5696949152542372,0.6525423728813559
890914.2968,17884.817456939818,0.9735014253021239,0.0007226884008511664,0.025775886297024934,36,1221,63,232,48262,23,0.5696949152542372,0.6635593220338982
890914.2968,17884.817456939818,0.9735014253021239,0.0007226884008511664,0.025775886297024934,36,1221,63,232,48262,23,0.5696949152542372,0.6745762711864406
890914.2968,17884.817456939818,0.9735014253021239,0.0007226884008511664,0.025775886297024934,36,1221,63,232,48262,23,0.5696949152542372,0.685593220338983
890914.2968,17884.817456939818,0.9735014253021239,0.0007226884008511664,0.025775886297024934,36,1221,63,232,48262,23,0.5696949152542372,0.6966101694915253
890914.2968,17884.817456939818,0.9735014253021239,0.0007226884008511664,0.025775886297024934,36,1221,63,232,48262,23,0.5696949152542372,0.7076271186440677
899449.5770559999,18056.160458023845,0.9735014253021239,0.0013450034126952263,0.02515357128518087,67,1199,54,232,48262,45,0.5696949152542372,0.7186440677966102
899449.5770559999,18056.160458023845,0.9735014253021239,0.0013450034126952263,0.02515357128518087,67,1199,54,232,48262,45,0.5696949152542372,0.7296610169491524
899449.5770559999,18056.160458023845,0.9735014253021239,0.0013450034126952263,0.02515357128518087,67,1199,54,232,48262,45,0.5696949152542372,0.7406779661016949
899449.5770559999,18056.160458023845,0.9735014253021239,0.0013450034126952263,0.02515357128518087,67,1199,54,232,48262,45,0.5696949152542372,0.7516949152542372
899449.5770559999,18056.160458023845,0.9735014253021239,0.0013450034126952263,0.02515357128518087,67,1199,54,232,48262,45,0.5696949152542372,0.7627118644067796
936834.1778559999,18806.6442738186,0.9735014253021239,0.00202754245794355,0.02447103223993255,101,1173,46,232,48262,71,0.5696949152542372,0.7737288135593219
936834.1778559999,18806.6442738186,0.9735014253021239,0.00202754245794355,0.02447103223993255,101,1173,46,232,48262,71,0.5696949152542372,0.7847457627118644
936834.1778559999,18806.6442738186,0.9735014253021239,0.00202754245794355,0.02447103223993255,101,1173,46,232,48262,71,0.5696949152542372,0.7957627118644066
936834.1778559999,18806.6442738186,0.9735014253021239,0.00202754245794355,0.02447103223993255,101,1173,46,232,48262,71,0.5696949152542372,0.8067796610169491
936834.1778559999,18806.6442738186,0.9735014253021239,0.00202754245794355,0.02447103223993255,101,1173,46,232,48262,71,0.5696949152542372,0.8177966101694913
936834.1778559999,18806.6442738186,0.9735014253021239,0.00202754245794355,0.02447103223993255,101,1173,46,232,48262,71,0.5696949152542372,0.8288135593220338
936834.1778559999,18806.6442738186,0.9735014253021239,0.00202754245794355,0.02447103223993255,101,1173,46,232,48262,71,0.5696949152542372,0.8398305084745761
936834.1778559999,18806.6442738186,0.9735014253021239,0.00202754245794355,0.02447103223993255,101,1173,46,232,48262,71,0.5696949152542372,0.8508474576271186
945440.0528,18979.404440518727,0.9735014253021239,0.002589633436383346,0.023908941261492754,129,1149,42,232,48262,95,0.5696949152542372,0.8618644067796608
945440.0528,18979.404440518727,0.9735014253021239,0.002589633436383346,0.023908941261492754,129,1149,42,232,48262,95,0.5696949152542372,0.8728813559322033
945440.0528,18979.404440518727,0.9735014253021239,0.002589633436383346,0.023908941261492754,129,1149,42,232,48262,95,0.5696949152542372,0.8838983050847455
945440.0528,18979.404440518727,0.9735014253021239,0.002589633436383346,0.023908941261492754,129,1149,42,232,48262,95,0.5696949152542372,0.894915254237288
945440.0528,18979.404440518727,0.9735014253021239,0.002589633436383346,0.023908941261492754,129,1149,42,232,48262,95,0.5696949152542372,0.9059322033898305
945440.0528,18979.404440518727,0.9735014253021239,0.002589633436383346,0.023908941261492754,129,1149,42,232,48262,95,0.5696949152542372,0.9169491525423727
945440.0528,18979.404440518727,0.9735014253021239,0.002589633436383346,0.023908941261492754,129,1149,42,232,48262,95,0.5696949152542372,0.9279661016949152
945440.0528,18979.404440518727,0.9735014253021239,0.002589633436383346,0.023908941261492754,129,1149,42,232,48262,95,0.5696949152542372,0.9389830508474575
1018083.0510720001,20437.689225358332,0.9735014253021239,0.005380013650780905,0.021118561047095193,268,1017,35,232,48262,227,0.5696949152542372,0.95
874118.5392,17547.648034689042,0.9735014253021239,0.0,0.026498574697876098,0,1244,76,232,48262,0,0.5797966101694915,0.5864406779661016
874118.5392,17547.648034689042,0.9735014253021239,0.0,0.026498574697876098,0,1244,76,232,48262,0,0.5797966101694915,0.597457627118644
878110.211776,17627.77957554101,0.9735014253021239,0.00020074677801421286,0.026297827919861887,10,1238,72,232,48262,6,0.5797966101694915,0.6084745762711864
878110.211776,17627.77957554101,0.9735014253021239,0.00020074677801421286,0.026297827919861887,10,1238,72,232,48262,6,0.5797966101694915,0.6194915254237288
878110.211776,17627.77957554101,0.9735014253021239,0.00020074677801421286,0.026297827919861887,10,1238,72,232,48262,6,0.5797966101694915,0.6305084745762711
878110.211776,17627.77957554101,0.9735014253021239,0.00020074677801421286,0.026297827919861887,10,1238,72,232,48262,6,0.5797966101694915,0.6415254237288135
878110.211776,17627.77957554101,0.9735014253021239,0.00020074677801421286,0.026297827919861887,10,1238,72,232,48262,6,0.5797966101694915,0.6525423728813559
890914.2968,17884.817456939818,0.9735014253021239,0.0007226884008511664,0.025775886297024934,36,1221,63,232,48262,23,0.5797966101694915,0.6635593220338982
890914.2968,17884.817456939818,0.9735014253021239,0.0007226884008511664,0.025775886297024934,36,1221,63,232,48262,23,0.5797966101694915,0.6745762711864406
890914.2968,17884.817456939818,0.9735014253021239,0.0007226884008511664,0.025775886297024934,36,1221,63,232,48262,23,0.5797966101694915,0.685593220338983
890914.2968,17884.817456939818,0.9735014253021239,0.0007226884008511664,0.025775886297024934,36,1221,63,232,48262,23,0.5797966101694915,0.6966101694915253
890914.2968,17884.817456939818,0.9735014253021239,0.0007226884008511664,0.025775886297024934,36,1221,63,232,48262,23,0.5797966101694915,0.7076271186440677
899449.5770559999,18056.160458023845,0.9735014253021239,0.0013450034126952263,0.02515357128518087,67,1199,54,232,48262,45,0.5797966101694915,0.7186440677966102
899449.5770559999,18056.160458023845,0.9735014253021239,0.0013450034126952263,0.02515357128518087,67,1199,54,232,48262,45,0.5797966101694915,0.7296610169491524
899449.5770559999,18056.160458023845,0.9735014253021239,0.0013450034126952263,0.02515357128518087,67,1199,54,232,48262,45,0.5797966101694915,0.7406779661016949
899449.5770559999,18056.160458023845,0.9735014253021239,0.0013450034126952263,0.02515357128518087,67,1199,54,232,48262,45,0.5797966101694915,0.7516949152542372
899449.5770559999,18056.160458023845,0.9735014253021239,0.0013450034126952263,0.02515357128518087,67,1199,54,232,48262,45,0.5797966101694915,0.7627118644067796
936834.1778559999,18806.6442738186,0.9735014253021239,0.00202754245794355,0.02447103223993255,101,1173,46,232,48262,71,0.5797966101694915,0.7737288135593219
936834.1778559999,18806.6442738186,0.9735014253021239,0.00202754245794355,0.02447103223993255,101,1173,46,232,48262,71,0.5797966101694915,0.7847457627118644
936834.1778559999,18806.6442738186,0.9735014253021239,0.00202754245794355,0.02447103223993255,101,1173,46,232,48262,71,0.5797966101694915,0.7957627118644066
936834.1778559999,18806.6442738186,0.9735014253021239,0.00202754245794355,0.02447103223993255,101,1173,46,232,48262,71,0.5797966101694915,0.8067796610169491
936834.1778559999,18806.6442738186,0.9735014253021239,0.00202754245794355,0.02447103223993255,101,1173,46,232,48262,71,0.5797966101694915,0.8177966101694913
936834.1778559999,18806.6442738186,0.9735014253021239,0.00202754245794355,0.02447103223993255,101,1173,46,232,48262,71,0.5797966101694915,0.8288135593220338
936834.1778559999,18806.6442738186,0.9735014253021239,0.00202754245794355,0.02447103223993255,101,1173,46,232,48262,71,0.5797966101694915,0.8398305084745761
936834.1778559999,18806.6442738186,0.9735014253021239,0.00202754245794355,0.02447103223993255,101,1173,46,232,48262,71,0.5797966101694915,0.8508474576271186
945440.0528,18979.404440518727,0.9735014253021239,0.002589633436383346,0.023908941261492754,129,1149,42,232,48262,95,0.5797966101694915,0.8618644067796608
945440.0528,18979.404440518727,0.9735014253021239,0.002589633436383346,0.023908941261492754,129,1149,42,232,48262,95,0.5797966101694915,0.8728813559322033
945440.0528,18979.404440518727,0.9735014253021239,0.002589633436383346,0.023908941261492754,129,1149,42,232,48262,95,0.5797966101694915,0.8838983050847455
945440.0528,18979.404440518727,0.9735014253021239,0.002589633436383346,0.023908941261492754,129,1149,42,232,48262,95,0.5797966101694915,0.894915254237288
945440.0528,18979.404440518727,0.9735014253021239,0.002589633436383346,0.023908941261492754,129,1149,42,232,48262,95,0.5797966101694915,0.9059322033898305
945440.0528,18979.404440518727,0.9735014253021239,0.002589633436383346,0.023908941261492754,129,1149,42,232,48262,95,0.5797966101694915,0.9169491525423727
945440.0528,18979.404440518727,0.9735014253021239,0.002589633436383346,0.023908941261492754,129,1149,42,232,48262,95,0.5797966101694915,0.9279661016949152
945440.0528,18979.404440518727,0.9735014253021239,0.002589633436383346,0.023908941261492754,129,1149,42,232,48262,95,0.5797966101694915,0.9389830508474575
1018083.0510720001,20437.689225358332,0.9735014253021239,0.005380013650780905,0.021118561047095193,268,1017,35,232,48262,227,0.5797966101694915,0.95
874118.5392,17547.648034689042,0.9735014253021239,0.0,0.026498574697876098,0,1244,76,232,48262,0,0.5898983050847457,0.597457627118644
878110.211776,17627.77957554101,0.9735014253021239,0.00020074677801421286,0.026297827919861887,10,1238,72,232,48262,6,0.5898983050847457,0.6084745762711864
878110.211776,17627.77957554101,0.9735014253021239,0.00020074677801421286,0.026297827919861887,10,1238,72,232,48262,6,0.5898983050847457,0.6194915254237288
878110.211776,17627.77957554101,0.9735014253021239,0.00020074677801421286,0.026297827919861887,10,1238,72,232,48262,6,0.5898983050847457,0.6305084745762711
878110.211776,17627.77957554101,0.9735014253021239,0.00020074677801421286,0.026297827919861887,10,1238,72,232,48262,6,0.5898983050847457,0.6415254237288135
878110.211776,17627.77957554101,0.9735014253021239,0.00020074677801421286,0.026297827919861887,10,1238,72,232,48262,6,0.5898983050847457,0.6525423728813559
890914.2968,17884.817456939818,0.9735014253021239,0.0007226884008511664,0.025775886297024934,36,1221,63,232,48262,23,0.5898983050847457,0.6635593220338982
890914.2968,17884.817456939818,0.9735014253021239,0.0007226884008511664,0.025775886297024934,36,1221,63,232,48262,23,0.5898983050847457,0.6745762711864406
890914.2968,17884.817456939818,0.9735014253021239,0.0007226884008511664,0.025775886297024934,36,1221,63,232,48262,23,0.5898983050847457,0.685593220338983
890914.2968,17884.817456939818,0.9735014253021239,0.0007226884008511664,0.025775886297024934,36,1221,63,232,48262,23,0.5898983050847457,0.6966101694915253
890914.2968,17884.817456939818,0.9735014253021239,0.0007226884008511664,0.025775886297024934,36,1221,63,232,48262,23,0.5898983050847457,0.7076271186440677
899449.5770559999,18056.160458023845,0.9735014253021239,0.0013450034126952263,0.02515357128518087,67,1199,54,232,48262,45,0.5898983050847457,0.7186440677966102
899449.5770559999,18056.160458023845,0.9735014253021239,0.0013450034126952263,0.02515357128518087,67,1199,54,232,48262,45,0.5898983050847457,0.7296610169491524
899449.5770559999,18056.160458023845,0.9735014253021239,0.0013450034126952263,0.02515357128518087,67,1199,54,232,48262,45,0.5898983050847457,0.7406779661016949
899449.5770559999,18056.160458023845,0.9735014253021239,0.0013450034126952263,0.02515357128518087,67,1199,54,232,48262,45,0.5898983050847457,0.7516949152542372
899449.5770559999,18056.160458023845,0.9735014253021239,0.0013450034126952263,0.02515357128518087,67,1199,54,232,48262,45,0.5898983050847457,0.7627118644067796
936834.1778559999,18806.6442738186,0.9735014253021239,0.00202754245794355,0.02447103223993255,101,1173,46,232,48262,71,0.5898983050847457,0.7737288135593219
936834.1778559999,18806.6442738186,0.9735014253021239,0.00202754245794355,0.02447103223993255,101,1173,46,232,48262,71,0.5898983050847457,0.7847457627118644
936834.1778559999,18806.6442738186,0.9735014253021239,0.00202754245794355,0.02447103223993255,101,1173,46,232,48262,71,0.5898983050847457,0.7957627118644066
936834.1778559999,18806.6442738186,0.9735014253021239,0.00202754245794355,0.02447103223993255,101,1173,46,232,48262,71,0.5898983050847457,0.8067796610169491
936834.1778559999,18806.6442738186,0.9735014253021239,0.00202754245794355,0.02447103223993255,101,1173,46,232,48262,71,0.5898983050847457,0.8177966101694913
936834.1778559999,18806.6442738186,0.9735014253021239,0.00202754245794355,0.02447103223993255,101,1173,46,232,48262,71,0.5898983050847457,0.8288135593220338
936834.1778559999,18806.6442738186,0.9735014253021239,0.00202754245794355,0.02447103223993255,101,1173,46,232,48262,71,0.5898983050847457,0.8398305084745761
936834.1778559999,18806.6442738186,0.9735014253021239,0.00202754245794355,0.02447103223993255,101,1173,46,232,48262,71,0.5898983050847457,0.8508474576271186
945440.0528,18979.404440518727,0.9735014253021239,0.002589633436383346,0.023908941261492754,129,1149,42,232,48262,95,0.5898983050847457,0.8618644067796608
945440.0528,18979.404440518727,0.9735014253021239,0.002589633436383346,0.023908941261492754,129,1149,42,232,48262,95,0.5898983050847457,0.8728813559322033
945440.0528,18979.404440518727,0.9735014253021239,0.002589633436383346,0.023908941261492754,129,1149,42,232,48262,95,0.5898983050847457,0.8838983050847455
945440.0528,18979.404440518727,0.9735014253021239,0.002589633436383346,0.023908941261492754,129,1149,42,232,48262,95,0.5898983050847457,0.894915254237288
945440.0528,18979.404440518727,0.9735014253021239,0.002589633436383346,0.023908941261492754,129,1149,42,232,48262,95,0.5898983050847457,0.9059322033898305
945440.0528,18979.404440518727,0.9735014253021239,0.002589633436383346,0.023908941261492754,129,1149,42,232,48262,95,0.5898983050847457,0.9169491525423727
945440.0528,18979.404440518727,0.9735014253021239,0.002589633436383346,0.023908941261492754,129,1149,42,232,48262,95,0.5898983050847457,0.9279661016949152
945440.0528,18979.404440518727,0.9735014253021239,0.002589633436383346,0.023908941261492754,129,1149,42,232,48262,95,0.5898983050847457,0.9389830508474575
1018083.0510720001,20437.689225358332,0.9735014253021239,0.005380013650780905,0.021118561047095193,268,1017,35,232,48262,227,0.5898983050847457,0.95
878110.211776,17627.77957554101,0.9735014253021239,0.00020074677801421286,0.026297827919861887,10,1238,72,232,48262,6,0.6,0.6084745762711864
878110.211776,17627.77957554101,0.9735014253021239,0.00020074677801421286,0.026297827919861887,10,1238,72,232,48262,6,0.6,0.6194915254237288
878110.211776,17627.77957554101,0.9735014253021239,0.00020074677801421286,0.026297827919861887,10,1238,72,232,48262,6,0.6,0.6305084745762711
878110.211776,17627.77957554101,0.9735014253021239,0.00020074677801421286,0.026297827919861887,10,1238,72,232,48262,6,0.6,0.6415254237288135
878110.211776,17627.77957554101,0.9735014253021239,0.00020074677801421286,0.026297827919861887,10,1238,72,232,48262,6,0.6,0.6525423728813559
890914.2968,17884.817456939818,0.9735014253021239,0.0007226884008511664,0.025775886297024934,36,1221,63,232,48262,23,0.6,0.6635593220338982
890914.2968,17884.817456939818,0.9735014253021239,0.0007226884008511664,0.025775886297024934,36,1221,63,232,48262,23,0.6,0.6745762711864406
890914.2968,17884.817456939818,0.9735014253021239,0.0007226884008511664,0.025775886297024934,36,1221,63,232,48262,23,0.6,0.685593220338983
890914.2968,17884.817456939818,0.9735014253021239,0.0007226884008511664,0.025775886297024934,36,1221,63,232,48262,23,0.6,0.6966101694915253
890914.2968,17884.817456939818,0.9735014253021239,0.0007226884008511664,0.025775886297024934,36,1221,63,232,48262,23,0.6,0.7076271186440677
899449.5770559999,18056.160458023845,0.9735014253021239,0.0013450034126952263,0.02515357128518087,67,1199,54,232,48262,45,0.6,0.7186440677966102
899449.5770559999,18056.160458023845,0.9735014253021239,0.0013450034126952263,0.02515357128518087,67,1199,54,232,48262,45,0.6,0.7296610169491524
899449.5770559999,18056.160458023845,0.9735014253021239,0.0013450034126952263,0.02515357128518087,67,1199,54,232,48262,45,0.6,0.7406779661016949
899449.5770559999,18056.160458023845,0.9735014253021239,0.0013450034126952263,0.02515357128518087,67,1199,54,232,48262,45,0.6,0.7516949152542372
899449.5770559999,18056.160458023845,0.9735014253021239,0.0013450034126952263,0.02515357128518087,67,1199,54,232,48262,45,0.6,0.7627118644067796
936834.1778559999,18806.6442738186,0.9735014253021239,0.00202754245794355,0.02447103223993255,101,1173,46,232,48262,71,0.6,0.7737288135593219
936834.1778559999,18806.6442738186,0.9735014253021239,0.00202754245794355,0.02447103223993255,101,1173,46,232,48262,71,0.6,0.7847457627118644
936834.1778559999,18806.6442738186,0.9735014253021239,0.00202754245794355,0.02447103223993255,101,1173,46,232,48262,71,0.6,0.7957627118644066
936834.1778559999,18806.6442738186,0.9735014253021239,0.00202754245794355,0.02447103223993255,101,1173,46,232,48262,71,0.6,0.8067796610169491
936834.1778559999,18806.6442738186,0.9735014253021239,0.00202754245794355,0.02447103223993255,101,1173,46,232,48262,71,0.6,0.8177966101694913
936834.1778559999,18806.6442738186,0.9735014253021239,0.00202754245794355,0.02447103223993255,101,1173,46,232,48262,71,0.6,0.8288135593220338
936834.1778559999,18806.6442738186,0.9735014253021239,0.00202754245794355,0.02447103223993255,101,1173,46,232,48262,71,0.6,0.8398305084745761
936834.1778559999,18806.6442738186,0.9735014253021239,0.00202754245794355,0.02447103223993255,101,1173,46,232,48262,71,0.6,0.8508474576271186
945440.0528,18979.404440518727,0.9735014253021239,0.002589633436383346,0.023908941261492754,129,1149,42,232,48262,95,0.6,0.8618644067796608
945440.0528,18979.404440518727,0.9735014253021239,0.002589633436383346,0.023908941261492754,129,1149,42,232,48262,95,0.6,0.8728813559322033
945440.0528,18979.404440518727,0.9735014253021239,0.002589633436383346,0.023908941261492754,129,1149,42,232,48262,95,0.6,0.8838983050847455
945440.0528,18979.404440518727,0.9735014253021239,0.002589633436383346,0.023908941261492754,129,1149,42,232,48262,95,0.6,0.894915254237288
945440.0528,18979.404440518727,0.9735014253021239,0.002589633436383346,0.023908941261492754,129,1149,42,232,48262,95,0.6,0.9059322033898305
945440.0528,18979.404440518727,0.9735014253021239,0.002589633436383346,0.023908941261492754,129,1149,42,232,48262,95,0.6,0.9169491525423727
945440.0528,18979.404440518727,0.9735014253021239,0.002589633436383346,0.023908941261492754,129,1149,42,232,48262,95,0.6,0.9279661016949152
945440.0528,18979.404440518727,0.9735014253021239,0.002589633436383346,0.023908941261492754,129,1149,42,232,48262,95,0.6,0.9389830508474575
1018083.0510720001,20437.689225358332,0.9735014253021239,0.005380013650780905,0.021118561047095193,268,1017,35,232,48262,227,0.6,0.95
